date,ticker,close,high,low,open,volume
2020-07-23,AAPL,90.25176239013672,94.36604333190014,89.44008553110294,94.28827601915101,197004400
2020-07-23,GOOG,75.33618927001953,78.12908958473479,74.92423975381418,77.88554214264798,32552000
2020-07-23,MSFT,194.05068969726562,202.07945330485066,193.67703682350515,198.50579739742565,67457000
2020-07-24,AAPL,90.02818298339844,90.37327079762859,86.6551018188381,88.44614547198108,185438800
2020-07-24,GOOG,75.14682006835938,75.43341608136954,73.98025415989288,74.50364758790789,30880000
2020-07-24,MSFT,192.8626708984375,194.3572823797303,189.2315175967975,192.01955073187074,39827000
2020-07-27,AAPL,92.16185760498047,92.25420534467249,90.86901149818567,91.09258321042107,121214000
2020-07-27,GOOG,76.05789947509766,76.59321538006152,75.31282425496016,75.33220975626485,24920000
2020-07-27,MSFT,195.30577087402344,195.42073647697526,192.4410894402469,193.0255222872974,30160900
2020-07-28,AAPL,90.64787292480469,91.90913313088771,90.64300783304508,91.73172785652534,103625600
2020-07-28,GOOG,74.57372283935547,75.87299898743439,74.44051956000557,75.80838822977442,34044000
2020-07-28,MSFT,193.55247497558594,196.12013760474971,193.2842121522174,195.07582771240598,23251400
2020-07-29,AAPL,92.38544464111328,92.57014013630604,91.09502355323384,91.1314746598381,90329200
2020-07-29,GOOG,75.65131378173828,76.11018741693535,74.62292656637854,74.87095632509876,22130000
2020-07-29,MSFT,195.50694274902344,196.07220973733158,193.54286436977003,194.0123315708133,19632600
2020-07-30,AAPL,93.50331115722656,93.60780678551026,91.14847362110889,91.5567407848433,158130000
2020-07-30,GOOG,76.12004089355469,76.43914327889114,74.17012918881476,74.40771537798264,33428000
2020-07-30,MSFT,195.3536376953125,195.89017788318162,191.20514013089678,192.5751954494533,25079600
2020-07-31,AAPL,103.29205322265625,103.44272272989053,98.00885320518057,100.0113203728721,374336800
2020-07-31,GOOG,73.70985412597656,75.00167475573284,72.27189897990974,74.80584024537085,68798000
2020-07-31,MSFT,196.41712951660156,196.50336833381417,190.6686157432386,195.83269669820726,51044000
2020-08-03,AAPL,105.894775390625,108.51935893981127,104.87896498205056,105.17787147768598,308151200
2020-08-03,GOOG,73.28687286376953,74.08313460895614,72.84896985920153,73.89276837848996,46604000
2020-08-03,MSFT,207.46385192871094,208.51775194929,201.61953846877378,202.65427268373514,78983000
2020-08-04,AAPL,106.60196685791016,107.69554467867292,105.36014463163505,106.08433883614123,173071600
2020-08-04,GOOG,72.815673828125,73.83909339507412,72.50154676609031,73.39224844568261,38070000
2020-08-04,MSFT,204.35008239746094,205.76805968906118,201.49499124627997,205.19320244984735,49280100
2020-08-05,AAPL,106.98836517333984,107.30914978579867,105.85590367757412,106.32250015172326,121776800
2020-08-05,GOOG,73.2451171875,73.68251964865046,72.74061631509628,73.03089070120413,39590000
2020-08-05,MSFT,204.01473999023438,205.98839389029322,202.7021674608065,205.89257948730528,28806400
2020-08-06,AAPL,110.72109985351562,111.2168571833951,106.73076025201287,107.32129046502143,202428800
2020-08-06,GOOG,74.5617904663086,74.67561582394502,72.86687112672202,73.1526707637032,39908000
2020-08-06,MSFT,207.2818145751953,207.3009657603517,202.68300101168293,203.43988216366904,32656800
2020-08-07,AAPL,108.20377349853516,110.6991917635781,107.40523995090824,110.24149434670589,198045600
2020-08-07,GOOG,74.28295135498047,75.3940909871806,73.64424610269486,74.5568208619512,31556000
2020-08-07,MSFT,203.57398986816406,206.65902614950627,202.0889545147241,205.84466229835917,27820400
2020-08-10,AAPL,109.7764663696289,110.79654500696687,107.12036728027815,109.65230174824191,212403600
2020-08-10,GOOG,74.36296844482422,74.75936248586667,73.21876887325952,73.91960476260361,25786000
2020-08-10,MSFT,199.5213165283203,202.99917176588565,197.70095982425147,202.79796736717944,36716500
2020-08-11,AAPL,106.51175689697266,109.53790628694743,106.25125778841227,109.03882559792697,187902400
2020-08-11,GOOG,73.57864379882812,75.05387610582981,73.46333190389336,74.18106578085045,29088000
2020-08-11,MSFT,194.85543823242188,198.94645288740764,194.62549244411483,198.47700033771494,36446500
2020-08-12,AAPL,110.05159759521484,110.30965976352992,107.41010462326905,107.60486600059996,165598000
2020-08-12,GOOG,74.88587188720703,75.17246789136084,73.82368132465425,73.84008619278659,28740000
2020-08-12,MSFT,200.42193603515625,201.46624586718303,196.16803348282602,196.68539329251882,28013100
2020-08-13,AAPL,111.99923706054688,113.00470916588479,110.94507089779177,111.4344186850555,210082000
2020-08-13,GOOG,75.47386932373047,76.40831722595104,74.95470800463754,75.07076314553568,29104000
2020-08-13,MSFT,199.9524688720703,202.49140457345376,199.4255188495774,200.66145750408137,22588900
2020-08-14,AAPL,111.89942932128906,111.98950664875923,110.08568325260936,111.82395872639943,165565200
2020-08-14,GOOG,74.94103240966797,75.64534952534594,74.699965058978,75.33518909412157,27096000
2020-08-14,MSFT,200.1440887451172,200.80517019031623,198.81235026103033,200.0099573373396,17958900
2020-08-17,AAPL,111.60728454589844,113.04854413558671,110.9791727292724,113.02419710369587,119561600
2020-08-17,GOOG,75.45050811767578,75.82975404292405,74.95296209759465,75.28598164266558,27566000
2020-08-17,MSFT,201.4662322998047,202.33809367629547,200.16323534106616,200.81474113004822,20184800
2020-08-18,AAPL,112.53728485107422,112.96333190026704,111.02299161332778,111.35896133229575,105633600
2020-08-18,GOOG,77.46951293945312,77.66186627402821,75.73532195620004,75.85808922324392,40542000
2020-08-18,MSFT,202.6255340576172,203.45906387306434,200.44110000254938,201.70576542532348,21336200
2020-08-19,AAPL,112.6784896850586,114.09540227558831,112.5835459170633,112.94629218270236,145538000
2020-08-19,GOOG,76.91927337646484,78.21904230462894,76.74133026545404,77.20655950305158,33212000
2020-08-19,MSFT,201.39622497558594,203.70119775008826,200.96404715991875,203.1153521518743,27627600
2020-08-20,AAPL,115.17876434326172,115.2931886914799,112.7028193742301,112.71986303729176,126907200
2020-08-20,GOOG,78.62017059326172,78.8249546059087,76.45553964383154,76.7164854880274,34138000
2020-08-20,MSFT,206.08297729492188,206.48634420878187,200.63750197596372,201.242545019471,26981500
2020-08-21,AAPL,121.11421203613281,121.59868597251888,116.1282420708619,116.14041187069935,338054800
2020-08-21,GOOG,78.55406951904297,79.41395612036278,77.93698709894733,78.38556884764117,28930000
2020-08-21,MSFT,204.58474731445312,207.68684029394694,204.42148080548662,205.39148111919297,36249300
2020-08-24,AAPL,122.56275939941406,125.41362769585429,120.69302357078764,125.3284093838819,345937600
2020-08-24,GOOG,78.9407730102539,80.23160028446152,78.56152703635614,79.22805919226481,28198000
2020-08-24,MSFT,205.2282257080078,206.9857624413079,204.01811028089563,206.28465870337072,25460100
2020-08-25,AAPL,121.55728149414062,121.90299144042675,119.83118355360803,121.43312428900023,211495600
2020-08-25,GOOG,79.93585205078125,80.10484569537806,78.63607537767888,78.63607537767888,44942000
2020-08-25,MSFT,207.8981475830078,208.032603228624,204.66159869274037,204.66159869274037,23043700
2020-08-26,AAPL,123.2103500366211,123.66804740538558,121.8080444692864,122.87681730695134,163022400
2020-08-26,GOOG,82.13079833984375,82.47077269087862,79.70620769132327,79.92490890014051,79868000
2020-08-26,MSFT,212.392822265625,213.29560217508455,208.7529064047803,209.25231937365362,39600800
2020-08-27,AAPL,121.73746490478516,124.1476723660599,120.59078438962894,123.81413958938536,155552400
2020-08-27,GOOG,81.23363494873047,82.26102864459942,80.80716906861035,82.19541675897041,37232000
2020-08-27,MSFT,217.60777282714844,221.99680004561142,210.71208246217046,214.0638889604695,57602200
2020-08-28,AAPL,121.54027557373047,123.13246897997037,121.31629327483492,122.71372527916922,187630000
2020-08-28,GOOG,81.73465728759766,81.87184233279594,81.05569446051668,81.19188596077241,29980000
2020-08-28,MSFT,219.8455810546875,221.50707207674154,217.60784308687542,219.14447718461588,26292900
2020-08-31,AAPL,125.66194152832031,127.57063853613053,122.70153019505685,124.24017021395687,225702700
2020-08-31,GOOG,81.2261734008789,81.9113477055188,81.03382008716446,81.90762380846677,36468000
2020-08-31,MSFT,216.59938049316406,219.64385193055338,215.42768932110053,218.0111720750018,28774200
2020-09-01,AAPL,130.66737365722656,131.27115314665346,127.11293080171876,129.28454878420325,151948100
2020-09-01,GOOG,82.54483795166016,82.79435423191664,81.12875589083004,81.34795009173867,36506000
2020-09-01,MSFT,218.2704620361328,218.443327279092,215.54291052585035,216.58014594729897,25725500
2020-09-02,AAPL,127.96019744873047,134.36794762091137,123.67538684051313,133.98815765727093,200119000
2020-09-02,GOOG,85.90338134765625,86.14692878931284,82.82418082689115,83.19423460034993,50224000
2020-09-02,MSFT,222.47702026367188,223.6391126240995,218.34730519112438,218.94274948158068,34080800
2020-09-03,AAPL,117.715576171875,125.46719678609372,117.34552656361724,123.58772784996529,257599600
2020-09-03,GOOG,81.60692596435547,84.98057243512295,80.27583354811759,84.98057243512295,62156000
2020-09-03,MSFT,208.69525146484375,220.2296683470125,206.44791544411402,220.19125873454507,58400300
2020-09-04,AAPL,117.79347229003906,120.46174167565064,107.98708803912147,116.92677156884038,332607200
2020-09-04,GOOG,79.08192443847656,81.76944814324297,76.92340649465322,80.73310500069755,52172000
2020-09-04,MSFT,205.7660675048828,209.71331914098414,197.064830308917,206.58241482472206,59664100
2020-09-08,AAPL,109.86656951904297,115.87504793239557,109.7302350684399,110.96698542167366,231366600
2020-09-08,GOOG,76.16675567626953,77.7312097470165,75.94904798459196,76.22242453036858,52218000
2020-09-08,MSFT,194.63497924804688,201.7131338950962,194.193188092468,198.3229176376269,52924300
2020-09-09,AAPL,114.24876403808594,116.02111927354656,112.24269366983658,114.19033711230628,176940500
2020-09-09,GOOG,77.38799285888672,77.98643300957828,76.34872214842332,77.41632784910259,35494000
2020-09-09,MSFT,202.92327880859375,206.33270794359146,198.51503830407134,199.37940866967836,45679000
2020-09-10,AAPL,110.51904296875,117.34553642093123,109.55496138883622,117.20920195224328,182274400
2020-09-10,GOOG,76.14836120605469,78.73602996584505,75.83945216618429,77.57090515779177,32372000
2020-09-10,MSFT,197.23764038085938,206.23661189978657,196.02753983389604,204.94966282399156,35461500
2020-09-11,AAPL,109.06803131103516,112.21347869736357,107.12038789476668,111.57075280375336,180860300
2020-09-11,GOOG,75.58670043945312,78.29460314018425,74.42559538634134,76.34618584318524,31942000
2020-09-11,MSFT,195.9507293701172,200.36858241370766,193.2712154622294,198.99520056074192,33620100
2020-09-14,AAPL,112.3400650024414,112.89514304014192,109.84708398114357,111.71681974711694,140150100
2020-09-14,GOOG,75.51512908935547,77.73791672786784,75.33918061702278,76.49555320325896,33932000
2020-09-14,MSFT,197.27610778808594,200.9160236183838,195.95074881259208,196.15243960847576,30375800
2020-09-15,AAPL,112.51537322998047,115.71924788814476,110.63589683262789,115.23233698136607,184642000
2020-09-15,GOOG,76.61656951904297,77.51771464498847,76.139159870231,76.34618123382214,26622000
2020-09-15,MSFT,200.51268005371094,201.47308182220445,198.73593092017074,200.16693483087056,21823900
2020-09-16,AAPL,109.19464111328125,112.9633343387469,109.10700071322607,112.21349478503636,154679000
2020-09-16,GOOG,75.59564208984375,77.63849923107817,75.54196033079278,77.31740980593236,26234000
2020-09-16,MSFT,196.93035888671875,202.30859926907064,196.53659069787514,202.27978839228365,26328100
2020-09-17,AAPL,107.45149230957031,109.26280142604845,105.8641654729451,106.84772755719133,178011000
2020-09-17,GOOG,74.33464050292969,74.96927299726208,73.06568647106627,74.35800776890527,37596000
2020-09-17,MSFT,194.87509155273438,196.23886006184514,192.04190977266654,192.1283423992957,34011300
2020-09-18,AAPL,104.04309844970703,107.97733869117779,103.31273223375831,107.50990847358545,287104900
2020-09-18,GOOG,72.56814575195312,74.70608768308306,71.43190193197998,74.45791380011298,62078000
2020-09-18,MSFT,192.4548797607422,195.58578376166412,188.47881764601027,194.7694511786119,55225300
2020-09-21,AAPL,107.19830322265625,107.3054242127271,100.4010239357237,101.80332967507266,195713800
2020-09-21,GOOG,71.13516235351562,71.99008121918324,69.91193410765115,71.57753254458565,57776000
2020-09-21,MSFT,194.519775390625,194.68305659370847,188.603711401574,189.38163451990854,39839700
2020-09-22,AAPL,108.88300323486328,109.90551900427155,106.3023816419501,109.730230798935,183055400
2020-09-22,GOOG,72.84002685546875,73.04182264102766,71.3026640892738,72.07606670650179,31664000
2020-09-22,MSFT,199.2064971923828,199.85957789773718,194.0779561891913,196.93994884068002,33517100
2020-09-23,AAPL,104.31578063964844,109.17514872406446,103.97493710920857,108.69797818298632,150718700
2020-09-23,GOOG,70.34237670898438,72.61635843366443,69.96909959070089,72.50800894239521,33148000
2020-09-23,MSFT,192.6469268798828,199.85955128089475,192.109104402726,199.66745926371297,30803800
2020-09-24,AAPL,105.38699340820312,107.36385041762158,102.25128611202055,102.41683403022385,167743300
2020-09-24,GOOG,70.99250030517578,71.75889498207594,70.07595142923287,70.13460091004899,29004000
2020-09-24,MSFT,195.14401245117188,197.4297730540802,191.312004614749,191.93627447628725,31202500
2020-09-25,AAPL,109.34070587158203,109.49652091920656,104.85138696986856,105.59149358674422,149981400
2020-09-25,GOOG,71.82108306884766,72.07159289269238,70.24942402415434,71.20822515708272,26460000
2020-09-25,MSFT,199.5906982421875,200.762374892185,194.51976353210432,195.4897786762094,29437300
2020-09-28,AAPL,111.9505386352539,112.30111503190352,109.82760709095112,111.99923269077127,137672400
2020-09-28,GOOG,72.79330444335938,73.40367473093676,72.0368527160217,73.27494619778422,40158000
2020-09-28,MSFT,201.14649963378906,204.1525611247907,199.82114082735507,202.52948018753506,32004900
2020-09-29,AAPL,111.10332489013672,112.29138866733861,110.5969408264079,111.55128945340192,99382200
2020-09-29,GOOG,73.03238677978516,73.39687367194625,72.50924365355029,73.08507499901698,19564000
2020-09-29,MSFT,199.05287170410156,201.75161307074254,198.62069382520687,201.06012260268366,24221900
2020-09-30,AAPL,112.77828979492188,114.19033573143906,110.64562530338286,110.81117321087004,142675200
2020-09-30,GOOG,73.04580688476562,74.04735322094507,72.5626786188085,72.90662717316646,34032000
2020-09-30,MSFT,202.00125122070312,203.58590784930948,198.36132129370048,199.50420143456046,33829100
2020-10-01,AAPL,113.73263549804688,114.63828996240579,112.7977675718812,114.56038244447453,116120400
2020-10-01,GOOG,74.06424713134766,74.50910493473182,73.52346295344805,73.77496631408265,35590000
2020-10-01,MSFT,204.0469512939453,205.51636472015986,202.95209394393123,205.03616387095073,27158400
2020-10-02,AAPL,110.06132507324219,112.3498120079921,109.28227217240111,109.93473092714387,144712000
2020-10-02,GOOG,72.49009704589844,73.72178162498719,72.11731297437478,72.66953426815141,25682000
2020-10-02,MSFT,198.0252227783203,202.6351537274752,197.40095289977685,199.76354745713493,33154800
2020-10-05,AAPL,113.4502182006836,113.59629292893594,110.57744740695462,110.9280237828925,106243800
2020-10-05,GOOG,73.86195373535156,73.97080378136963,72.78087831663224,72.87730525957215,22266000
2020-10-05,MSFT,202.04930114746094,202.07811202421507,198.78392678785568,199.01442845645465,21331600
2020-10-06,AAPL,110.1976547241211,113.08016573983656,109.31147351071068,112.67115502536377,161498200
2020-10-06,GOOG,72.24256896972656,73.89872472726182,72.00150162978693,73.34302981047601,24908000
2020-10-06,MSFT,197.7563018798828,201.85720626234854,196.70946762700416,200.55107412232323,28554300
2020-10-07,AAPL,112.06741333007812,112.52511075993657,111.14227817215749,111.61945619842345,96849000
2020-10-07,GOOG,72.58305358886719,73.01398659465444,71.37572976422659,72.78186873545032,34924000
2020-10-07,MSFT,201.5210418701172,201.78995310890036,198.53419271725218,198.86072569940842,25681100
2020-10-08,AAPL,111.96028900146484,113.35285441626657,111.59023197745923,113.206779666247,83477200
2020-10-08,GOOG,73.85748291015625,74.05977927522679,72.82164027332355,72.82164027332355,23756000
2020-10-08,MSFT,202.2413787841797,202.82722436981922,200.07087635691752,202.17414363529622,19925800
2020-10-09,AAPL,113.90792846679688,113.93714192982654,111.91159095684212,112.26216737253827,100506900
2020-10-09,GOOG,75.31332397460938,75.37793472725488,74.03243988360246,74.2933857170948,28706000
2020-10-09,MSFT,207.26426696777344,207.31228997869036,202.86562588087534,202.86562588087534,26458000
2020-10-12,AAPL,121.14342498779297,121.90300475026318,116.1574550435818,116.91703480605202,240226800
2020-10-12,GOOG,77.99388122558594,79.22208462337814,76.17569423933963,76.69411226485951,49652000
2020-10-12,MSFT,212.63290405273438,214.9954983886826,208.22466431550376,210.12625534154273,40461400
2020-10-13,AAPL,117.9298095703125,122.10750566774655,116.5177710390298,121.99064438590798,262330500
2020-10-13,GOOG,78.11964416503906,79.03023185460579,77.69815359966466,78.7185848826081,32020000
2020-10-13,MSFT,214.03509521484375,216.29204477395663,211.70131177131796,213.90063958076246,28950800
2020-10-14,AAPL,118.01744079589844,119.80926895413836,116.48854119773992,117.83241231641986,150712000
2020-10-14,GOOG,77.94071197509766,78.91512170780364,77.0683946745932,78.4631042598593,38586000
2020-10-14,MSFT,212.1143035888672,215.34125363665,210.4528128800717,214.1695624812037,23421700
2020-10-15,AAPL,117.55003356933594,118.0272041912552,115.05705203315414,115.61213018549682,112559200
2020-10-15,GOOG,77.49585723876953,78.28988929636522,76.79502880273567,76.90039766223265,30800000
2020-10-15,MSFT,210.96182250976562,211.63410071012294,207.45634781825882,208.50319671727846,22733100
2020-10-16,AAPL,115.90426635742188,118.36804173088585,115.69976467276356,118.10510568656042,115393800
2020-10-16,GOOG,78.18574523925781,78.58935197693114,77.68820679972632,77.82986657585121,28694000
2020-10-16,MSFT,210.96182250976562,213.48766879500567,210.63528947738715,211.43240992273292,26057900
2020-10-19,AAPL,112.94385528564453,117.26761901216874,112.6322326077899,116.81966187710711,120639300
2020-10-19,GOOG,76.27709197998047,78.93827529246002,75.94854717858597,78.55604873238526,32142000
2020-10-19,MSFT,205.73724365234375,213.49729078125034,205.25704282497009,211.6917309808641,27625800
2020-10-20,AAPL,114.43379974365234,115.86531895269678,112.60301003753486,113.15808815638162,124423700
2020-10-20,GOOG,77.33680725097656,78.40893331952527,75.83274697334672,75.90133950002632,44834000
2020-10-20,MSFT,206.15025329589844,208.76254752630737,204.65202873969287,207.25472422715106,22753500
2020-10-21,AAPL,113.810546875,115.60237527015637,113.40153610682727,113.61577807356772,89946000
2020-10-21,GOOG,79.19475555419922,80.45824895062577,78.1171612450081,78.20165807218324,51366000
2020-10-21,MSFT,206.29425048828125,208.33029703169603,204.68076830600663,204.68076830600663,22724900
2020-10-22,AAPL,112.7198715209961,114.94992429837153,111.59023468508376,114.3753655822656,101988000
2020-10-22,GOOG,80.28924560546875,80.6202780595189,78.78170437871775,79.18182232831037,28672000
2020-10-22,MSFT,206.38070678710938,207.50437494166468,203.31702322631105,205.45871476937464,22351500
2020-10-23,AAPL,112.02845764160156,113.49893059893087,111.28835101391871,113.34311554903111,82572600
2020-10-23,GOOG,81.56517791748047,81.63276931684254,80.54672600186827,80.8230832067555,27516000
2020-10-23,MSFT,207.6676483154297,207.71567132968448,204.71922281863533,206.51516924614666,18879600
2020-10-26,AAPL,112.03819274902344,113.49892534064216,109.92499395326571,111.02541726060738,111850700
2020-10-26,GOOG,79.0525894165039,81.4279729822838,78.3592089188162,80.77038284991542,37066000
2020-10-26,MSFT,201.76121520996094,207.77332530087105,199.8596237180679,205.3819341585935,37111600
2020-10-27,AAPL,113.54762268066406,114.20982181518612,111.54155210976087,112.46667986652261,92276800
2020-10-27,GOOG,79.73902130126953,79.86750714227254,78.67137002189794,79.31206241931072,24580000
2020-10-27,MSFT,204.80563354492188,206.16940200740007,202.0012627362895,203.21136343141566,36700300
2020-10-28,AAPL,108.28895568847656,112.408224201535,108.19157501734169,112.03817467935494,143937800
2020-10-28,GOOG,75.38291931152344,77.6061999292657,75.28351172388076,77.52617784509557,36680000
2020-10-28,MSFT,194.6541748046875,200.5702517386346,194.09715481405252,199.446583708592,51195600
2020-10-29,AAPL,112.30111694335938,113.86897045793137,109.26279059723784,109.42834593101287,146129200
2020-10-29,GOOG,77.89895629882812,79.21463727842118,75.66225161078412,75.66821288019602,40062000
2020-10-29,MSFT,196.61341857910156,199.148878240837,195.3168705450445,195.98916339503887,31432600
2020-10-30,AAPL,106.01024627685547,109.0583059665517,104.90008997174331,108.15265135662641,190272600
2020-10-30,GOOG,80.57157135009766,83.8515741104925,79.74896165652687,83.11147415172613,86582000
2020-10-30,MSFT,194.4525146484375,196.20043795376327,191.71536420515818,195.44172713182547,36953700
2020-11-02,AAPL,105.92256927490234,107.78257204642945,104.5105309652701,106.2536724733026,122866900
2020-11-02,GOOG,80.82109069824219,82.54782634050714,80.32404518078077,80.92696011929694,50708000
2020-11-02,MSFT,194.31808471679688,197.15126690290424,192.19559043535799,196.20046391002245,30842200
2020-11-03,AAPL,107.5488510131836,108.57135915106765,105.88361710605649,106.78927141656442,107624400
2020-11-03,GOOG,82.02294158935547,82.5940478869217,80.35336900977828,81.10688560153403,33234000
2020-11-03,MSFT,198.25570678710938,199.87878793026076,195.07677965090937,195.81629302920805,27512000
2020-11-04,AAPL,111.9408187866211,112.56406417680968,109.40888346027108,111.15202546490423,138235500
2020-11-04,GOOG,86.93971252441406,88.04489847929796,84.79744773703756,85.00869358113158,71418000
2020-11-04,MSFT,207.8213348388672,209.6749178433653,204.00853870537858,205.54518737269615,42311800
2020-11-05,AAPL,115.91399383544922,116.48855249232687,113.81054286184263,114.86226463381101,126387100
2020-11-05,GOOG,87.64750671386719,89.15205971819472,87.00830092284946,88.52379808897622,41316000
2020-11-05,MSFT,214.44808959960938,215.2452247708473,212.39283054343502,213.24758747206437,36080100
2020-11-06,AAPL,115.78231811523438,116.27981870511474,113.28502829338409,115.42137974783128,114457900
2020-11-06,GOOG,87.56698608398438,88.09782724144289,86.50330909504159,87.17929122904432,33218000
2020-11-06,MSFT,214.861083984375,215.4757405276384,209.39639559816223,213.45889095981616,25231900
2020-11-09,AAPL,113.47037506103516,119.00146877246537,113.20699283584307,117.54797309772637,154515300
2020-11-09,GOOG,87.62911987304688,90.36585065496678,87.48099825668152,89.01587342882392,45366000
2020-11-09,MSFT,209.7421112060547,219.0868149545024,209.25231165082684,215.55254399338546,44395000
2020-11-10,AAPL,113.12895202636719,114.70926027820961,111.33402473178882,112.71924303088868,138023400
2020-11-10,GOOG,86.50529479980469,87.62911536400355,85.35761399079746,86.04303858212343,52722000
2020-11-10,MSFT,202.65435791015625,207.9269685309975,201.41544616229973,206.0061651265541,44045100
2020-11-11,AAPL,116.56269073486328,116.69926037123791,113.58741515100226,114.3190413926465,112295000
2020-11-11,GOOG,87.11766052246094,87.6897603825174,86.8519896401044,86.98296313256536,25280000
2020-11-11,MSFT,207.97499084472656,209.4059799972818,203.79723759234292,203.97971625987958,29440800
2020-11-12,AAPL,116.2895736694336,117.57723580292728,115.66525308607233,116.68953299697138,103162300
2020-11-12,GOOG,86.9749984741211,87.8910543983123,86.76425320396302,86.86515488727476,24950000
2020-11-12,MSFT,206.90895080566406,210.4336233919527,205.96776121468136,208.6088659689868,21593900
2020-11-13,AAPL,116.33834075927734,116.7382926065819,114.98239392252158,116.51393137193214,81581900
2020-11-13,GOOG,88.32598114013672,88.52579744416447,86.71207730594617,87.36221218021788,29998000
2020-11-13,MSFT,207.93653869628906,208.81050764229997,205.67960379897195,207.79248432257955,18621100
2020-11-16,AAPL,117.3528823852539,118.02597364016941,115.25555179677478,116.00668499044508,91183000
2020-11-16,GOOG,88.54268646240234,89.42195850614758,87.86222957357191,88.06154529307908,24936000
2020-11-16,MSFT,208.62803649902344,209.11785069637364,206.02535635667695,206.3614881256041,24953300
2020-11-17,AAPL,116.46516418457031,117.71380535006969,116.04569809530207,116.62124805150194,74271000
2020-11-17,GOOG,87.98451232910156,88.72262522891631,87.82794177697225,88.3220066615566,22942000
2020-11-17,MSFT,205.96771240234375,209.0601917541138,205.6027551424149,207.5427702781826,24154100
2020-11-18,AAPL,115.13846588134766,116.88461483899873,115.10920202078444,115.70425866052815,76322100
2020-11-18,GOOG,86.82290649414062,88.14952402361656,86.79109788933248,87.73995600338537,23470000
2020-11-18,MSFT,203.2523193359375,207.19064241031913,203.10787311428473,205.7270059165811,28372800
2020-11-19,AAPL,115.73353576660156,116.14324474635212,113.94836564306064,114.7092558747369,74113000
2020-11-19,GOOG,87.67484283447266,87.95666828061665,86.33704605723594,86.40538829182792,24998000
2020-11-19,MSFT,204.5426025390625,205.12998185111996,202.14493655516927,203.54117642474924,24792700
2020-11-20,AAPL,114.46537017822266,115.86033795899172,114.41659955689461,115.73352541255366,73604300
2020-11-20,GOOG,86.59476470947266,88.17586628085006,86.57836742642321,87.73896439031057,46270000
2020-11-20,MSFT,202.58792114257812,205.38037200297697,202.21238444489782,204.33079696240046,22843100
2020-11-23,AAPL,111.06088256835938,114.73852865880856,110.96333387323223,114.30930546926308,127959300
2020-11-23,GOOG,86.23043823242188,87.1768163929024,85.3785075217331,86.96309045255619,43232000
2020-11-23,MSFT,202.3182830810547,204.41743292643147,200.4405998035543,203.1271290016807,25683500
2020-11-24,AAPL,112.34854888916016,113.01189046027503,109.83175227147532,111.1194218881883,113874200
2020-11-24,GOOG,87.92137908935547,88.05657703434686,85.87404716605192,86.01371985509947,31560000
2020-11-24,MSFT,205.92921447753906,206.30475112641128,201.1146345212634,201.8175590808587,33979700
2020-11-25,AAPL,113.18746948242188,113.88983194948227,112.34853736259839,112.71923279937354,76499200
2020-11-25,GOOG,88.04812622070312,88.4015248131851,87.30802632263958,88.12069291597456,20916000
2020-11-25,MSFT,205.93885803222656,207.3061971073512,204.5811575214122,207.13287926496642,21012900
2020-11-27,AAPL,113.73374938964844,114.61170248347958,113.37281849287028,113.71424262866907,46691300
2020-11-27,GOOG,89.12970733642578,89.66701039820259,88.09833938060959,88.13064855348478,17698000
2020-11-27,MSFT,207.24842834472656,208.2498693180052,206.10255583344318,206.88253021746993,14512200
2020-11-30,AAPL,116.13349151611328,118.00645317380616,113.9483621396502,114.10444599903529,169410200
2020-11-30,GOOG,87.51679992675781,88.87497596971994,87.2314932353114,88.53295378466312,36476000
2020-11-30,MSFT,206.1314239501953,206.79582361196043,203.02119486061437,206.16031025318807,33064800
2020-12-01,AAPL,119.71357727050781,120.44520359107318,117.06996839196347,118.0454701527173,127728200
2020-12-01,GOOG,89.37374114990234,90.70234570066864,87.9457290259996,88.19425175099651,34738000
2020-12-01,MSFT,208.1920623779297,209.26089966174553,205.43812219485935,206.55509352145174,30904500
2020-12-02,AAPL,120.06477355957031,120.34766999877131,117.92842205395955,119.0307365025797,89004200
2020-12-02,GOOG,90.85742950439453,91.24015665559668,88.94494656385221,89.37374841222957,24440000
2020-12-02,MSFT,207.38320922851562,207.4795067033715,204.90852280838254,206.9113898033444,23724500
2020-12-03,AAPL,119.92822265625,120.74764079388177,119.21610289545963,120.49400818069054,78967600
2020-12-03,GOOG,90.79878234863281,91.81424594750905,90.59399832717298,90.66159730436907,24546000
2020-12-03,MSFT,206.29513549804688,208.35577521394413,205.7270038738795,206.65140972730723,25120900
2020-12-04,AAPL,119.25509643554688,119.85015313585949,118.54297683857845,119.59652058101604,78260400
2020-12-04,GOOG,90.85941314697266,91.11638480630795,90.31266767888276,90.68693830767911,27564000
2020-12-04,MSFT,206.41067504882812,207.39285348618526,205.27442652464393,206.2758673960875,24666000
2020-12-07,AAPL,120.71834564208984,121.51825680642276,119.25509296764027,119.3136206930221,86712000
2020-12-07,GOOG,90.43643188476562,91.07712424976033,89.75548199013656,90.41257163830186,26418000
2020-12-07,MSFT,206.34323120117188,207.54687601466094,205.0914523494871,206.42026623238675,24620000
2020-12-08,AAPL,121.3329086303711,121.91821565194306,120.0745104419721,121.32315897116939,82225500
2020-12-08,GOOG,90.39020538330078,90.55671895940625,89.27955869303037,89.97020133786377,21926000
2020-12-08,MSFT,207.9994659423828,208.90460927264132,204.99517292529603,206.03512389881018,23284100
2020-12-09,AAPL,118.7966079711914,122.86444868955574,118.03571775825858,121.47923792024274,115089200
2020-12-09,GOOG,88.67937469482422,91.17156455695005,87.86820215417026,90.06514232170667,30152000
2020-12-09,MSFT,203.94564819335938,207.24844361111835,203.3775311781136,207.18104711939608,32440600
2020-12-10,AAPL,120.22085571289062,120.83542669169526,117.20655832299983,117.5479825098418,81312200
2020-12-10,GOOG,88.24197387695312,88.53920305704648,86.50181420512405,87.96710324809516,27256000
2020-12-10,MSFT,202.71311950683594,205.178182591106,202.5590493908353,203.9167647388377,26733300
2020-12-11,AAPL,119.41117858886719,119.75260272945025,117.5967446503537,119.4306853501199,86939800
2020-12-11,GOOG,88.56207275390625,88.69528361116092,87.48000378179067,87.63209957610775,24414000
2020-12-11,MSFT,205.35147094726562,205.40925825216428,201.35537522834764,202.26051866363272,30979400
2020-12-14,AAPL,118.7966079711914,120.32814549895028,118.56248962317086,119.596519149209,79184500
2020-12-14,GOOG,87.48298645019531,89.33845810480415,87.34157694830203,88.22557404686317,32004000
2020-12-14,MSFT,206.25662231445312,208.1920930473358,204.98558072352728,205.1974234375038,28798400
2020-12-15,AAPL,124.7471694946289,124.76668369873353,121.08903768627563,121.29389217444482,157243700
2020-12-15,GOOG,87.86620330810547,88.04762763467268,86.98046943501684,87.69969732317772,29646000
2020-12-15,MSFT,206.189208984375,207.43136416672996,204.36929832147732,207.19063516532586,27000600
2020-12-16,AAPL,124.67889404296875,125.22517271917499,123.45951668180213,124.28869924138645,98208600
2020-12-16,GOOG,87.62911987304688,88.12616535436386,87.28516373255606,88.12019650069875,30270000
2020-12-16,MSFT,211.14820861816406,211.94743062086658,206.75731423126035,206.78620053436381,35023300
2020-12-17,AAPL,125.54707336425781,126.40551967508249,124.9032386311393,125.74217073899736,94359800
2020-12-17,GOOG,86.87857818603516,88.06572783973995,86.41931015381009,87.90299125040045,32494000
2020-12-17,MSFT,211.28302001953125,212.69850766848936,209.83864606695616,211.71632926671745,32515800
2020-12-18,AAPL,123.55705261230469,125.93727921352317,123.0302807853553,125.80070956681269,192541500
2020-12-18,GOOG,86.03907012939453,87.23695157769444,85.50276065595725,87.19072519441839,80328000
2020-12-18,MSFT,210.48382568359375,211.54303926528655,208.00913895972397,210.48382568359375,63354900
2020-12-21,AAPL,125.08858489990234,125.16662682589052,120.42568773818081,121.95722518388207,121251600
2020-12-21,GOOG,86.45459747314453,86.52816530048314,84.44802360601581,85.16923859623337,36568000
2020-12-21,MSFT,214.33547973632812,215.69319489118817,209.22239786901787,209.48238931616686,37181900
2020-12-22,AAPL,128.64920043945312,131.11721915357555,126.47382039895922,128.38581074820917,168904800
2020-12-22,GOOG,85.66578674316406,86.356922316508,85.12276519323616,86.20905099106673,18734000
2020-12-22,MSFT,215.63539123535156,217.26272147411356,213.62290050976353,214.4317463478567,22612200
2020-12-23,AAPL,127.7517318725586,129.18570593208332,127.57613379518217,128.92233114348466,88223700
2020-12-23,GOOG,86.10716247558594,86.88304514013859,85.74232674870505,85.89492309879742,20676000
2020-12-23,MSFT,212.82369995117188,215.26950014371707,212.61185725422715,214.83619087921457,18699600
2020-12-24,AAPL,128.73699951171875,130.19050284332158,127.8883175389933,128.1029291687596,54930100
2020-12-24,GOOG,86.42874908447266,86.78414236068481,85.94462728061055,86.23738930829073,6936000
2020-12-24,MSFT,214.4895477294922,215.31765611091257,212.9970249301617,213.20886763421802,10550600
2020-12-28,AAPL,133.3413543701172,133.97542463818004,130.23925065126556,130.70750227088905,124486200
2020-12-28,GOOG,88.2797622680664,89.00734062188108,86.8008059849641,87.06423952686251,27860000
2020-12-28,MSFT,216.61756896972656,217.64788135020706,214.74950975870746,216.126472453531,17933500
2020-12-29,AAPL,131.56594848632812,135.38991449680984,131.04893362298358,134.66805255137436,121047300
2020-12-29,GOOG,87.41638946533203,89.0924316226632,87.28566624676921,88.86130726884078,25988000
2020-12-29,MSFT,215.83763122558594,218.755265742417,215.28877670598004,217.91753346320803,17403200
2020-12-30,AAPL,130.44410705566406,132.65850039720306,130.1319393225058,132.25854107096032,96452100
2020-12-30,GOOG,86.46205139160156,87.73325033635766,85.77016494794806,87.57991071697518,26122000
2020-12-30,MSFT,213.459228515625,217.26275876733052,213.2570243678587,216.87758352145826,20272300
2020-12-31,AAPL,129.43934631347656,131.4391281363561,128.4931083029186,130.79529332577445,99116600
2020-12-31,GOOG,87.07640838623047,87.42682637212828,86.25827343882948,86.25827343882948,20238000
2020-12-31,MSFT,214.17178344726562,214.73027651255782,211.53338821321609,213.47848272434652,20942100
2021-01-04,AAPL,126.23970031738281,130.33680518621807,123.65461887853952,130.24901359048766,143301900
2021-01-04,GOOG,85.9013900756836,87.51231313199494,84.88791361986503,87.35772968299852,38038000
2021-01-04,MSFT,209.61720275878906,214.73028476717397,206.84399976050574,214.27771303640043,37130100
2021-01-05,AAPL,127.80048370361328,128.51261072501254,125.2836873079933,125.73242467921783,97664900
2021-01-05,GOOG,86.53164672851562,86.8671539730337,85.39316553687496,85.74035262307665,22906000
2021-01-05,MSFT,209.8194122314453,210.4164302044086,207.7009997508537,209.20314651540167,23823000
2021-01-06,AAPL,123.49854278564453,127.83953083739338,123.28393117035725,124.59110762597568,155088000
2021-01-06,GOOG,86.25180053710938,86.8835433418619,84.44801616574587,84.62844693463107,52042000
2021-01-06,MSFT,204.37892150878906,208.46169064840845,204.0804198989151,204.30188646544542,35930700
2021-01-07,AAPL,127.7126693725586,128.40528206709442,124.7276368187297,125.21538762517164,109578200
2021-01-07,GOOG,88.83445739746094,88.89161277431286,86.33928693754939,86.48889508030167,45300000
2021-01-07,MSFT,210.19491577148438,211.20598045521788,205.7847736605264,206.10252299350742,27694500
2021-01-08,AAPL,128.81504821777344,129.38084119094302,127.03962734834683,129.18572887365838,105158200
2021-01-08,GOOG,89.82655334472656,89.95727654955532,88.15275631989086,88.87074040155272,41012000
2021-01-08,MSFT,211.47557067871094,212.39997634387876,208.98162219592854,210.5704274442359,22956200
2021-01-11,AAPL,125.82018280029297,126.98103199916265,125.35194623506699,126.0250446703761,100384500
2021-01-11,GOOG,87.81401062011719,89.18561060776798,87.50584487394376,88.77579233412943,24194000
2021-01-11,MSFT,209.42457580566406,210.79191456452733,208.6927503481527,210.36822923500603,23031300
2021-01-12,AAPL,125.64463806152344,126.51283409054386,123.75216213905773,125.35198453697099,91951100
2021-01-12,GOOG,86.81148529052734,88.37668267532193,85.75576411785147,87.17780759860824,27140000
2021-01-12,MSFT,206.95953369140625,209.04907439029543,205.40925300018603,208.47131889954403,23249300
2021-01-13,AAPL,127.68343353271484,128.2297121742047,125.34223510205064,125.60560987814115,88636800
2021-01-13,GOOG,87.20166778564453,87.73027163426663,86.38700641146924,86.41534140405791,21882000
2021-01-13,MSFT,208.31724548339844,208.72166844329396,205.99661437960842,206.08328798688993,20087100
2021-01-14,AAPL,125.751953125,127.79074851750292,125.60561890945137,127.59565111508242,90221800
2021-01-14,GOOG,86.49486541748047,88.22607572198325,86.1578640827411,87.1628916488313,23590000
2021-01-14,MSFT,205.12034606933594,209.3956949523689,204.85073079679606,207.90317239106787,29480800
2021-01-15,AAPL,124.02531433105469,127.02986205065994,123.88874465675345,125.62513689500261,111598500
2021-01-15,GOOG,86.29654693603516,87.28119549709503,85.56887005687375,86.39595452220608,26844000
2021-01-15,MSFT,204.7640838623047,206.55510823048485,204.16708063722206,205.60183078306997,31746500
2021-01-19,AAPL,124.69839477539062,125.55684110809314,123.8301987834441,124.64961670921872,90757300
2021-01-19,GOOG,89.01388549804688,89.92919820169068,86.5584796300494,87.09479667463215,34692000
2021-01-19,MSFT,208.4135284423828,208.93349658518767,204.7448210611844,205.82328221244262,30480900
2021-01-20,AAPL,128.79551696777344,129.24425439918255,125.40077446290326,125.50808026921992,104319500
2021-01-20,GOOG,93.78751373291016,94.62304707144322,90.73714128504689,91.0318904103252,49806000
2021-01-20,MSFT,216.02059936523438,217.41682480407795,209.23203776396883,209.62683690044295,37777300
2021-01-21,AAPL,133.51695251464844,136.24836106173234,130.31730718048644,130.52216914763383,120150900
2021-01-21,GOOG,94.00373077392578,96.17134245112908,93.79795320754808,94.33923800538126,41278000
2021-01-21,MSFT,216.62718200683594,217.90786186264774,214.1717436274353,216.36719061084693,30709400
2021-01-22,AAPL,135.6630401611328,136.4239303613806,131.71225496139948,132.94138184988222,114459400
2021-01-22,GOOG,94.49082946777344,94.98290722653363,93.53202830588158,94.22391476910899,25442000
2021-01-22,MSFT,217.57086181640625,221.53808562831492,217.4264302971937,218.65896157091333,30172700
2021-01-25,AAPL,139.418701171875,141.53553807458803,133.19499556294772,139.5650353578536,157611700
2021-01-25,GOOG,94.40882110595703,95.90889947254553,92.82473889691006,95.4660363117623,38546000
2021-01-25,MSFT,221.0181427001953,221.25887173765844,215.9050602953484,220.62334355245156,33152100
2021-01-26,AAPL,139.65284729003906,140.76491879465476,137.9066906570604,140.08207048216735,98390600
2021-01-26,GOOG,95.29554748535156,95.6812552646977,93.65554616053853,93.88394013700601,26262000
2021-01-26,MSFT,223.71429443359375,225.49568036427337,221.5477332554915,223.2617227009555,49169600
2021-01-27,AAPL,138.57980346679688,140.76493317496252,136.97023121686135,139.91623636383397,140843800
2021-01-27,GOOG,90.99858093261719,93.94158963816852,89.91551847709378,93.5702996616964,54966000
2021-01-27,MSFT,224.26312255859375,231.52351716879807,221.6054797824299,229.1739998613671,69870600
2021-01-28,AAPL,133.73150634765625,138.51147296051485,133.3510613316406,136.10198289742493,142621100
2021-01-28,GOOG,92.60504150390625,94.38048344504827,91.58759087600428,91.65220163021664,35462000
2021-01-28,MSFT,230.0695343017578,233.64195946009306,226.37194004293332,226.87266052369085,49111200
2021-01-29,AAPL,128.7272491455078,133.39014746675434,127.0201206630646,132.5024370834889,177523800
2021-01-29,GOOG,91.24462890625,92.31526073740953,89.97517433378358,91.7630469745045,32252000
2021-01-29,MSFT,223.3580322265625,229.19330162994262,222.77065279889592,227.23858305931685,42503100
2021-02-01,AAPL,130.85382080078125,132.06344848329783,127.72245323542478,130.47337566526852,106239800
2021-02-01,GOOG,94.50574493408203,95.55162922057079,91.9996453658914,92.13086155751105,32044000
2021-02-01,MSFT,230.7628173828125,233.5071339058897,223.81056257108708,226.34303639518623,33314200
2021-02-02,AAPL,131.68295288085938,132.97060712103857,131.31225754756355,132.40481446468183,83305400
2021-02-02,GOOG,95.80601501464844,97.21016695211243,95.15886084118996,95.55997234939007,45474000
2021-02-02,MSFT,230.6280059814453,233.32417372132824,229.83842250139034,232.35163385031615,25916300
2021-02-03,AAPL,130.65870666503906,132.4438766522119,130.33678930161688,132.434112108336,89880900
2021-02-03,GOOG,102.89190673828125,105.19968423802267,100.32267521794525,103.03754071569713,82364000
2021-02-03,MSFT,233.9886016845703,236.00109271596494,230.38729034449594,230.68580666401732,27158100
2021-02-04,AAPL,134.02420043945312,134.03395009949696,131.29279224448268,132.96090698056452,84183100
2021-02-04,GOOG,102.50917053222656,103.31338825455916,101.52601613002759,102.83324819639353,37046000
2021-02-04,MSFT,233.0352783203125,234.21967549002494,231.4560967869603,233.661182488934,25296100
2021-02-05,AAPL,133.60897827148438,134.2537751308866,132.72972066845895,134.1853957164029,75693800
2021-02-05,GOOG,104.2801513671875,104.50432089843794,102.35807416159368,102.88842239760375,30702000
2021-02-05,MSFT,233.21823120117188,234.25818215041332,231.50424205138432,233.24711750312878,18054800
2021-02-08,AAPL,133.7554931640625,133.80434410751934,131.81133890931378,132.8957642623099,71297200
2021-02-08,GOOG,104.02714538574219,105.54994632376321,102.98782159168269,104.67330602442463,24838000
2021-02-08,MSFT,233.47825622558594,234.6433764200728,231.879812053498,234.13303208811857,22211900
2021-02-09,AAPL,132.876220703125,134.7031446165945,132.71991855439973,133.472166435084,76774200
2021-02-09,GOOG,103.5599136352539,104.63452715274536,103.31288502415345,103.31288502415345,17798000
2021-02-09,MSFT,234.7300262451172,235.68330363620066,232.42865770253408,232.90047711656726,23565000
2021-02-10,AAPL,132.2705535888672,133.83369484015344,131.3033582625716,133.3354359263558,73046600
2021-02-10,GOOG,104.14990997314453,104.79557761497082,102.54495580755378,104.09176105370317,22710000
2021-02-10,MSFT,233.81529235839844,236.80032342587674,231.95685666173426,235.91444238497093,22186700
2021-02-11,AAPL,132.0165252685547,133.24748871589713,130.6878599207111,132.76877325498876,64280000
2021-02-11,GOOG,104.17526245117188,104.48044757276429,103.25224412360615,104.35519266376808,18914000
2021-02-11,MSFT,235.42332458496094,236.05883794176984,233.17009010796676,235.70256374400546,15751100
2021-02-12,AAPL,132.25100708007812,132.40732418293499,130.60972222173942,131.25451909060936,60145100
2021-02-12,GOOG,104.58383178710938,104.81794432854795,103.5410343991168,103.89492597926663,17114000
2021-02-12,MSFT,235.90480041503906,236.20330202959266,233.7286008120284,234.88409709443337,16561100
2021-02-16,AAPL,130.1212158203125,132.87623338492867,129.73042314316442,132.36822526546072,80576300
2021-02-16,GOOG,105.46808624267578,106.99799375343673,104.59626952464103,104.59626952464103,22676000
2021-02-16,MSFT,234.66261291503906,237.00250630228294,233.91153965319072,235.94329288535258,26728500
2021-02-17,AAPL,127.82538604736328,129.1735950188555,126.48695621215255,128.22594304718632,97918500
2021-02-17,GOOG,105.78668212890625,106.05260327774896,104.32586778635326,104.3795495469918,21418000
2021-02-17,MSFT,235.68569946289062,235.79186478277614,232.53936819675366,232.90612379758997,21653500
2021-02-18,AAPL,126.721435546875,127.00474727006973,124.47442549834508,126.22317661311753,96856700
2021-02-18,GOOG,105.23446655273438,106.00662534847878,104.56395270523247,104.89597871210897,22432000
2021-02-18,MSFT,235.2899627685547,235.4250809115678,232.46212780164703,233.36935593049495,16925600
2021-02-19,AAPL,126.87773895263672,127.69839634917041,125.83239992851125,127.2392241428884,87668800
2021-02-19,GOOG,104.43620300292969,105.89701722044265,104.2508045109142,105.33734812977792,29148000
2021-02-19,MSFT,232.56829833984375,235.35753449724464,231.80583437322684,235.25136918771977,25262600
2021-02-22,AAPL,123.0969009399414,126.73119158884104,122.70611563671171,125.06058423119387,103916400
2021-02-22,GOOG,102.63392639160156,103.95308091876991,102.49773490386865,102.73929523601173,27350000
2021-02-22,MSFT,226.33352661132812,229.63428250537643,224.29709366399373,229.14206955928293,36446900
2021-02-23,AAPL,122.96011352539062,123.79052754388334,115.66222544595168,120.90850022864129,158273000
2021-02-23,GOOG,102.93115997314453,103.48536841601191,99.50949753969282,100.65221068503982,33348000
2021-02-23,MSFT,225.1367645263672,226.64237089057255,220.75504884923313,222.29926881223878,30228700
2021-02-24,AAPL,122.46187591552734,122.66703652293154,119.41376694425402,122.06132638305527,111039900
2021-02-24,GOOG,104.13948822021484,104.41833307021268,101.30434310539022,101.48824752585335,24966000
2021-02-24,MSFT,226.37216186523438,226.99949301693727,221.0156657115855,221.99044566046496,26339700
2021-02-25,AAPL,118.20233917236328,123.5463093432761,117.76271033657684,121.80732245880864,148199500
2021-02-25,GOOG,100.96783447265625,104.12506994491243,100.46730777822444,102.76166844856833,36568000
2021-02-25,MSFT,221.0059814453125,226.41072157821975,219.93468239989207,223.98824118126558,39542200
2021-02-26,AAPL,118.46611022949219,121.97339123226033,118.40748759144725,119.76546069067267,164560400
2021-02-26,GOOG,101.2412109375,102.93861796477633,100.2073553984228,101.92017374841053,41670000
2021-02-26,MSFT,224.27781677246094,227.1635576617202,221.5368253483795,223.45744708000015,37819200
2021-03-01,AAPL,124.84567260742188,124.9824463599852,119.9608744341302,120.89875478896894,116307900
2021-03-01,GOOG,103.46051025390625,103.70952596471437,101.70047209421129,102.21838958148523,28090000
2021-03-01,MSFT,228.6787872314453,229.19030692771832,225.02092216552478,227.67503991012973,25324000
2021-03-02,AAPL,122.23719024658203,125.75424338523828,122.1297240921733,125.45138828841935,102260900
2021-03-02,GOOG,103.1786880493164,104.59675721675026,102.95104492214082,103.19608646123514,22692000
2021-03-02,MSFT,225.71583557128906,229.02625214088684,225.3104811452354,228.74635509378146,22812500
2021-03-03,AAPL,119.2476806640625,122.81358452353464,119.03274836980684,121.93431943503865,112966300
2021-03-03,GOOG,100.73670959472656,103.80884906570522,99.90614396795964,102.74973777140723,29684000
2021-03-03,MSFT,219.62583923339844,225.43594867579918,219.3362961558726,224.06546048406767,34029500
2021-03-04,AAPL,117.36212921142578,120.75217949810703,115.88692589442263,118.94480611156877,178155000
2021-03-04,GOOG,101.8490982055664,103.84473565415392,100.41661114379788,100.5707016249836,42360000
2021-03-04,MSFT,218.8247833251953,224.38396346309185,216.44090165043517,218.83444408837312,44727800
2021-03-05,AAPL,118.6224136352539,119.13043671901423,114.86112127502149,118.19255654931327,153766600
2021-03-05,GOOG,104.80403137207031,105.27970426860412,101.71613172422657,103.04349255068736,43904000
2021-03-05,MSFT,223.5249786376953,225.13675020592078,218.56419183505847,221.51749870418848,41872800
2021-03-08,AAPL,113.67899322509766,118.2120841189918,113.53244782844332,118.14369726103425,154376600
2021-03-08,GOOG,100.61045837402344,105.81153692434599,100.48320878536181,104.43571995379011,32948000
2021-03-08,MSFT,219.46176147460938,225.2332571406413,219.21083200278963,223.3029896525048,35267400
2021-03-09,AAPL,118.30003356933594,119.24768556736947,116.05303097701893,116.28749919238894,129525800
2021-03-09,GOOG,102.02853393554688,103.28804555868285,101.78647301493599,102.88842054402224,33946000
2021-03-09,MSFT,225.6289825439453,227.17320254174396,223.59254960115035,224.7603679994169,33080500
2021-03-10,AAPL,117.21560668945312,119.35514297345402,116.69781188193637,118.88620657707422,111943300
2021-03-10,GOOG,102.14434814453125,103.13694507176166,101.06774736961407,102.97589977546511,25372000
2021-03-10,MSFT,224.31639099121094,228.73670546315466,223.94963544287995,228.73670546315466,29746800
2021-03-11,AAPL,119.14998626708984,120.37118570913563,118.46611756098815,119.71662459706546,103026500
2021-03-11,GOOG,105.11368560791016,105.65695745044803,103.00671068420506,103.09021395773665,24782000
2021-03-11,MSFT,228.86216735839844,230.8310336985803,226.1404831560715,226.7678289200637,29907600
2021-03-12,AAPL,118.24139404296875,118.37816776158526,116.41448474990167,117.62591230919446,88105100
2021-03-12,GOOG,102.48680114746094,103.89542784019707,101.77254856015132,103.63398143520917,34516000
2021-03-12,MSFT,227.5303192138672,227.5978856563987,225.0981776379039,225.85098090933482,22653700
2021-03-15,AAPL,121.13321685791016,121.14298854077106,117.64547143758236,118.61266679333781,92403800
2021-03-15,GOOG,102.71395874023438,102.74228614779493,101.57174609406722,102.50569351624166,25962000
2021-03-15,MSFT,226.62303161621094,226.98978711839283,223.72763064556455,226.7678105008058,26034900
2021-03-16,AAPL,122.67681121826172,124.28879597729674,121.84639708591334,122.80381327731409,115227900
2021-03-16,GOOG,104.00775909423828,105.55059018882199,102.8884132316246,103.33525814471051,29832000
2021-03-16,MSFT,229.42196655273438,231.69002219090973,227.71367556991711,228.0418175338921,28092200
2021-03-17,AAPL,121.88546752929688,122.96012147290102,119.5212199090365,121.19182718884684,111932600
2021-03-17,GOOG,103.93618774414062,104.86566037068849,102.09313920937869,103.18813186498998,25980000
2021-03-17,MSFT,228.77529907226562,230.2326604691498,225.09814181771011,227.9163306183846,29562100
2021-03-18,AAPL,117.75293731689453,120.34188170191756,117.54777669894918,120.04879084564699,121229700
2021-03-18,GOOG,101.20939636230469,103.16179558652574,101.07668606254701,102.44108112458306,27228000
2021-03-18,MSFT,222.67567443847656,226.02468994660006,222.29927284060432,224.45151711937265,34833000
2021-03-19,AAPL,117.22534942626953,118.63217326470463,116.92249441523185,117.13742666317147,185549500
2021-03-19,GOOG,101.55633544921875,102.04840561723759,100.28787442177094,101.4991724890406,46298000
2021-03-19,MSFT,222.31857299804688,224.36465190721847,221.35343921420778,222.96521086600634,46430700
2021-03-22,AAPL,120.54703521728516,121.01597906896609,117.4891545867303,117.55754145534942,111912300
2021-03-22,GOOG,101.32718658447266,102.291455984368,100.70488621849175,101.48873242541784,39096000
2021-03-22,MSFT,227.76193237304688,228.6401929449053,222.11589371244168,222.24136581989566,30127000
2021-03-23,AAPL,119.71660614013672,121.37743414382213,119.32582088820817,120.4884049629532,95467100
2021-03-23,GOOG,102.04145812988281,103.00283801438542,101.35851353060539,101.97882687619493,27340000
2021-03-23,MSFT,229.2965087890625,232.64552452805054,228.80429581230598,229.20965027435975,31638400
2021-03-24,AAPL,117.32305908203125,120.06832025902025,117.30352317223472,119.99016171261569,88530500
2021-03-24,GOOG,101.6487808227539,103.2964877947942,101.47456917384957,102.65828310032305,23080000
2021-03-24,MSFT,227.25039672851562,229.70182994648408,227.11527859408858,229.5570657763023,25620100
2021-03-25,AAPL,117.8115463256836,118.85690017985242,116.25818424833348,116.7857432897759,98844700
2021-03-25,GOOG,101.61399841308594,102.33520586763949,99.94243108283005,101.63636455096797,28378000
2021-03-25,MSFT,224.23919677734375,228.67881840978586,223.49605431080923,227.0959994735435,34061900
2021-03-26,AAPL,118.41728210449219,118.68106539252886,116.18004353934245,117.57709618208273,94071200
2021-03-26,GOOG,101.17609405517578,101.94353546940371,100.10595514437463,101.34062054644794,29870000
2021-03-26,MSFT,228.23480224609375,228.45679358966396,223.47670040339912,223.47670040339912,25479900
2021-03-29,AAPL,118.5931167602539,119.7557009862055,117.94832734627744,118.8471283250857,80819200
2021-03-29,GOOG,102.19007110595703,102.31333893714539,100.18548421997293,100.79486097703258,24596000
2021-03-29,MSFT,227.0380859375,228.54369234584786,223.79523570153017,228.3410077631364,25227500
2021-03-30,AAPL,117.13744354248047,117.62592328414752,116.12140478537988,117.3426041395475,85671900
2021-03-30,GOOG,102.16968536376953,102.92718369447174,101.59758554017122,102.2735676853814,20732000
2021-03-30,MSFT,223.7662811279297,225.69654875990918,223.0424307659374,225.38769886994126,24792000
2021-03-31,AAPL,119.33560180664062,120.67403152206795,118.35864232800027,118.84712206732044,118323800
2021-03-31,GOOG,102.82032775878906,104.04787907880126,102.22958565593248,102.34763548044093,29198000
2021-03-31,MSFT,227.54959106445312,230.76348825734928,224.28743423812915,224.78930791758805,43623500
2021-04-01,AAPL,120.16600799560547,121.31882040297594,119.6677566071498,120.81080478697265,75089100
2021-04-01,GOOG,106.25589752197266,106.51387032234167,104.22497036013293,104.277658578048,33980000
2021-04-01,MSFT,233.90016174316406,234.37306783842502,229.7500838229157,230.1554382160416,30338000
2021-04-05,AAPL,122.99921417236328,123.253225753395,120.23441673703898,121.0159873923934,88651200
2021-04-05,GOOG,110.61995697021484,111.20448751080687,106.94530452466958,107.01091641119838,43298000
2021-04-05,MSFT,240.38587951660156,241.24484799838822,234.23796727614567,234.29587294711084,36910600
2021-04-06,AAPL,123.30207061767578,124.20087166369673,122.75497562507351,123.58538979701918,80171300
2021-04-06,GOOG,110.5802001953125,111.2218861152194,110.08563476749673,110.46836192454357,27060000
2021-04-06,MSFT,239.21812438964844,240.7044243354815,238.27229715139106,238.97684087899668,22931900
2021-04-07,AAPL,124.95313262939453,124.97266854154003,122.25672208309726,122.93082658307411,83466700
2021-04-07,GOOG,111.8193359375,112.0837629971656,110.60903132882551,110.64879587991763,25798000
2021-04-07,MSFT,241.18695068359375,242.18103740169644,238.57144611619614,239.16982440913486,22719800
2021-04-08,AAPL,127.35643768310547,127.38574527476092,125.558835827885,125.9789212464254,88844600
2021-04-08,GOOG,112.60267639160156,113.5254369124992,112.21696860682204,113.22497679762927,27166000
2021-04-08,MSFT,244.4201202392578,245.2790886808402,243.21370306137402,243.95686016644666,23625200
2021-04-09,AAPL,129.93560791015625,129.97467972929905,126.48694221609573,126.80934062609239,106686700
2021-04-09,GOOG,113.6186294555664,113.77570055784916,112.0198337252664,112.16825112751513,20888000
2021-04-09,MSFT,246.92953491210938,247.0646530803688,243.63842450270576,244.05342504565405,24326800
2021-04-12,AAPL,128.21620178222656,129.78910756160872,127.62025574389611,129.46670905819494,91420000
2021-04-12,GOOG,112.07332611083984,113.09375744501008,111.26189567804632,112.6429383217843,31318000
2021-04-12,MSFT,246.98741149902344,248.68605653049582,245.74238056329435,245.82925380369397,27148700
2021-04-13,AAPL,131.3326873779297,131.5573988456583,128.89028808957522,129.38854708502177,91266500
2021-04-13,GOOG,112.69363403320312,113.18769129861346,112.13793147822147,112.40534674212346,23310000
2021-04-13,MSFT,249.47740173339844,250.15300710764706,247.87527625025893,248.29030612769103,23837500
2021-04-14,AAPL,128.98800659179688,131.88957851163067,128.62653622100265,131.8309633063369,87222800
2021-04-14,GOOG,112.07579803466797,113.22645951626876,111.79497371370489,113.08580086564676,20220000
2021-04-14,MSFT,246.67852783203125,249.8055517087764,246.26352739476826,248.50264472916203,23070900
2021-04-15,AAPL,131.4010467529297,131.88952648063574,130.56086102498654,130.7367214787142,89347100
2021-04-15,GOOG,114.15444946289062,114.6483626309408,112.63051084526207,113.17626278768722,27472000
2021-04-15,MSFT,250.4522247314453,250.86722520261156,248.74394848395266,248.93695757462353,25627500
2021-04-16,AAPL,131.06890869140625,131.56715274048923,130.20917943913344,131.20568244452048,84922400
2021-04-16,GOOG,114.20912170410156,114.64055529607809,113.54755733105192,114.46957456482171,22596000
2021-04-16,MSFT,251.64898681640625,251.8999310387447,248.6184818891027,250.42327744872844,24878600
2021-04-19,AAPL,131.73321533203125,132.34870458701315,130.2677760828126,130.43385740885776,94264200
2021-04-19,GOOG,114.43975830078125,115.23751420223691,113.71630590806315,113.92183319021885,24688000
2021-04-19,MSFT,249.71871948242188,252.36320622338988,248.83081284664505,251.11817532705464,23209300
2021-04-20,AAPL,130.04307556152344,132.40731568848526,128.7730252699242,131.90907172571517,94812300
2021-04-20,GOOG,114.00385284423828,114.79763458617698,112.9143284164361,114.71263719477133,21774000
2021-04-20,MSFT,249.2554473876953,251.1278091865846,247.88494452684714,248.83078618875894,19722900
2021-04-21,AAPL,130.42413330078125,130.6683732507827,128.27482472221308,129.31039972506352,68847100
2021-04-21,GOOG,113.98694610595703,114.08784779974751,112.26120405042649,113.5873210948691,23930000
2021-04-21,MSFT,251.49452209472656,251.59104135371135,248.28063989068573,249.911718170838,24030400
2021-04-22,AAPL,128.90005493164062,131.0591273485487,128.38226752447872,129.97470157167325,84566500
2021-04-22,GOOG,112.72594451904297,114.50745397002653,112.15583176422406,113.98396198285258,21096000
2021-04-22,MSFT,248.2034912109375,252.65274423012988,246.72682283583012,251.1374769798626,25606200
2021-04-23,AAPL,131.2252197265625,132.0067754754205,129.11498342731704,129.11498342731704,78657500
2021-04-23,GOOG,115.08094024658203,115.60383306628212,113.23739872936572,113.49884513921577,28670000
2021-04-23,MSFT,252.04469299316406,252.39215648667724,248.2999690323889,248.88871598261647,21462600
2021-04-26,AAPL,131.615966796875,131.94812940312053,130.48269035616056,131.72343292327406,66905100
2021-04-26,GOOG,115.64956665039062,116.37128226264268,115.00838127039083,115.31107877457427,20834000
2021-04-26,MSFT,252.43072509765625,253.28970828839704,251.09886523953986,252.5369051279203,19763300
2021-04-27,AAPL,131.2935791015625,132.29008190860543,131.020031649781,131.89928918661894,66015800
2021-04-27,GOOG,114.67436981201172,116.18190366945201,114.53271001732806,116.109837529122,31972000
2021-04-27,MSFT,252.83609008789062,254.01355444299884,251.05058675669983,252.45967378706058,31014200
2021-04-28,AAPL,130.5022430419922,131.90906701274747,130.01376332476983,131.21541925511582,107760100
2021-04-28,GOOG,118.2923583984375,121.89434569397234,118.04085500484096,119.64605962013968,59728000
2021-04-28,MSFT,245.6844482421875,247.59542369534182,244.13058229538743,247.15144095800966,46903100
2021-04-29,AAPL,130.404541015625,133.91183671153877,129.39827399165063,133.32565508852434,151101000
2021-04-29,GOOG,120.77658081054688,121.10611916582852,119.40423748036416,119.80436302719026,39554000
2021-04-29,MSFT,243.70591735839844,247.17075870539085,240.31830320521595,246.553073695862,40589000
2021-04-30,AAPL,128.4311065673828,130.4827126391567,128.05009294639484,128.74372586570195,109839500
2021-04-30,GOOG,119.79391479492188,120.6398916727371,119.39827159177952,119.51408403114584,39142000
2021-04-30,MSFT,243.38742065429688,244.25604986053563,240.89738855268695,241.03250668786558,30945100
2021-05-03,AAPL,129.4862518310547,130.98101411471455,128.79261868629004,128.99777190654044,75135100
2021-05-03,GOOG,119.05084228515625,120.27009631301624,118.52049408656106,119.42611405237766,33788000
2021-05-03,MSFT,243.07862854003906,245.48181729120515,242.3644241409503,244.5649282900862,19626600
2021-05-04,AAPL,124.90428161621094,128.4604213676209,123.7807766012576,128.16733051029044,137564700
2021-05-04,GOOG,117.01693725585938,118.26004397449817,114.90200624623343,117.7868587258732,35120000
2021-05-04,MSFT,239.15052795410156,242.45129892554405,237.19130727139049,242.21966148272048,32756100
2021-05-05,AAPL,125.14851379394531,127.44435959905208,125.02150429281544,126.22316026424471,84000900
2021-05-05,GOOG,117.14069366455078,118.40617405713525,116.87577364349671,117.72124241724487,21806000
2021-05-05,MSFT,237.87652587890625,240.80088007806515,237.24919480748818,240.37621885511075,21901300
2021-05-06,AAPL,126.750732421875,126.76049665039369,124.20086004629246,124.943351362238,78128300
2021-05-06,GOOG,118.36392974853516,118.43152872663799,116.42485613330204,116.8375034126265,20618000
2021-05-06,MSFT,241.02285766601562,241.14832977149786,236.15858983586443,237.85722000753552,26491100
2021-05-07,AAPL,127.42595672607422,128.45349448946405,126.71155427190784,128.05227214213332,78973300
2021-05-07,GOOG,119.2258071899414,120.10657338248767,118.79387301761984,119.29091851141742,23272000
2021-05-07,MSFT,243.65765380859375,245.43349623426144,242.41262312218905,243.3584499991773,27032900
2021-05-10,AAPL,124.13782501220703,126.77030517991771,124.09867935425044,126.64309485753276,88071200
2021-05-10,GOOG,116.39115142822266,118.19741602770584,116.04670231019962,118.04283257862302,26006000
2021-05-10,MSFT,238.56178283691406,242.95314488928094,238.50387716101756,242.12312917229121,29299900
2021-05-11,AAPL,123.21791076660156,123.5702067058758,120.1450405146299,120.85943560539131,126142800
2021-05-11,GOOG,114.75587463378906,115.41395780686969,113.47548348761192,113.91586656734002,32110000
2021-05-11,MSFT,237.64486694335938,238.00197642673814,234.11248879198368,236.02344939541925,33641600
2021-05-12,AAPL,120.14505004882812,121.97507024694492,119.63617145947643,120.7615847905906,112172300
2021-05-12,GOOG,111.29246520996094,113.59328771725937,110.84363318804874,112.41727940935182,34934000
2021-05-12,MSFT,230.66697692871094,235.85940145666098,229.76940956850882,233.7264492906363,36684400
2021-05-13,AAPL,122.29801177978516,123.45278244324763,121.6031932189441,121.91635098532697,105861300
2021-05-13,GOOG,112.4301986694336,113.15742043279003,111.47338461092855,112.38645235738228,26670000
2021-05-13,MSFT,234.5564422607422,237.03684294205988,233.0025764124992,233.36933193157878,29624300
2021-05-14,AAPL,124.7249755859375,125.15557029034093,123.15918684211091,123.55063589463498,81918000
2021-05-14,GOOG,115.12367248535156,115.37120165449835,113.49137699913133,113.9143616267774,26624000
2021-05-14,MSFT,239.49794006347656,240.49202667228946,236.93069541766891,237.0175539228803,23901100
2021-05-17,AAPL,123.57022857666016,124.21612075656437,122.49374907642422,124.10847205991367,74244600
2021-05-17,GOOG,115.38462829589844,115.4805546677086,114.07192807773943,114.78370054308101,19842000
2021-05-17,MSFT,236.63150024414062,237.99234244938484,235.0293893133968,237.9537435768014,24970200
2021-05-18,AAPL,122.1805648803711,124.27480867265349,122.11206185786726,123.85400225833865,63342900
2021-05-18,GOOG,114.49095153808594,116.46521630370174,114.47752730521216,116.15485865769732,17302000
2021-05-18,MSFT,234.60470581054688,237.81860285694455,234.4309740834804,237.6834847255692,20168000
2021-05-19,AAPL,122.02400970458984,122.2490879012354,120.233135080965,120.5267237775913,92612000
2021-05-19,GOOG,114.7533950805664,115.15351307581795,112.5072478154266,112.55098654616083,19350000
2021-05-19,MSFT,235.18515014648438,235.29156060461747,230.8126825741299,231.49950163598774,25739800
2021-05-20,AAPL,124.58799743652344,124.98923485843399,122.42525008320364,122.55247534686862,76857100
2021-05-20,GOOG,117.10839080810547,117.31963666393693,115.36873154600815,115.71418181138033,23832000
2021-05-20,MSFT,238.43545532226562,239.85747908264446,235.90097082235815,235.99771295656814,21800700
2021-05-21,AAPL,122.7481689453125,125.26321922006457,122.53287159267487,125.08706751938557,79295400
2021-05-21,GOOG,116.5621337890625,117.7500721931285,116.42644285950739,117.60046405068795,22832000
2021-05-21,MSFT,237.16824340820312,240.22511220660124,236.75228465160535,239.4899220792107,21863100
2021-05-24,AAPL,124.3824691772461,125.20451299175396,123.24727505830785,123.31577808732766,63092900
2021-05-24,GOOG,119.62245178222656,120.2094623901581,117.30820504637038,117.65066708661097,21244000
2021-05-24,MSFT,242.5951385498047,242.96274098079692,239.43185940713963,239.7027196949933,21411500
2021-05-25,AAPL,124.1867446899414,125.5763892558692,123.61914391415893,125.08707232073915,72009500
2021-05-25,GOOG,119.74172973632812,120.92569390549784,119.43952524655678,120.2850015780892,18838000
2021-05-25,MSFT,243.50445556640625,244.5008376209528,242.63383534269042,243.55282663678562,17704300
2021-05-26,AAPL,124.13782501220703,124.6662801952147,123.71701852201225,124.24547370501993,56575900
2021-05-26,GOOG,120.95750427246094,121.42542598286352,119.91296249271046,119.92886679488102,21856000
2021-05-26,MSFT,243.2819366455078,244.68460895054312,242.56608326933792,243.2238825116753,17771600
2021-05-27,AAPL,122.60138702392578,124.91092845931593,122.40566621059594,123.73658864679605,94625600
2021-05-27,GOOG,119.41567993164062,121.27909996068615,119.3903255755835,121.12700416159265,38962000
2021-05-27,MSFT,241.173095703125,243.2722701493951,241.11505632611494,242.9723901943247,24426200
2021-05-28,AAPL,121.94570922851562,123.11026818036667,121.88699448010973,122.88518253436054,71311100
2021-05-28,GOOG,119.8655014038086,120.68959758281792,119.673140497219,120.38242536037635,24108000
2021-05-28,MSFT,241.53103637695312,243.8527149879426,241.41495761267623,242.80796182711416,18270200
2021-06-01,AAPL,121.62274932861328,122.66987119812988,121.29002250384599,122.40564739412464,67637100
2021-06-01,GOOG,120.7726058959961,121.17824523515857,119.53347342887122,120.38441047426824,19166000
2021-06-01,MSFT,239.325439453125,243.08847840368188,238.89981241823648,243.03043902441425,23213300
2021-06-02,AAPL,122.38607025146484,122.56222194205004,121.3976705946577,121.62274874768535,59278900
2021-06-02,GOOG,120.34862518310547,121.37849887836452,119.49966766080988,121.04597989742894,17158000
2021-06-02,MSFT,239.2286834716797,241.13438825393067,237.81632811499512,240.03159589736512,19406700
2021-06-03,AAPL,120.89859008789062,122.1805785667547,120.49735272094428,122.01421513150538,76229200
2021-06-03,GOOG,119.52005767822266,119.77529254565115,118.43749566971998,119.04339122402799,18346000
2021-06-03,MSFT,237.69058227539062,238.30001044872492,235.06902411256243,237.21656946432944,25307700
2021-06-04,AAPL,123.19834899902344,123.46258031804118,121.20196528333545,121.41726266438081,75169300
2021-06-04,GOOG,121.8636245727539,121.96795437433306,120.17416589215145,120.41026553762681,25948000
2021-06-04,MSFT,242.60479736328125,243.4367295750605,239.43185003481568,239.6736906224169,25281100
2021-06-07,AAPL,123.20813751220703,123.61915571337562,122.16101544755143,123.47236136545236,71057600
2021-06-07,GOOG,122.57588195800781,122.67082237450747,121.33242643591686,121.84175090228801,23850000
2021-06-07,MSFT,245.52622985839844,245.7970901291009,241.6567805503314,241.82123037463091,23079200
2021-06-08,AAPL,124.0301742553711,125.7134076544098,123.51150736205156,123.89316818793841,74403800
2021-06-08,GOOG,123.40894317626953,123.98774756149372,122.6827604324616,123.26231566461352,25060000
2021-06-08,MSFT,244.32675170898438,247.65448104345302,244.2686975604044,246.83221702087576,22455000
2021-06-09,AAPL,124.41182708740234,125.01857353724075,123.81486891782897,124.49011839698218,56877900
2021-06-09,GOOG,123.83390808105469,124.50989022356508,123.63161172759868,124.2365136982278,20126000
2021-06-09,MSFT,245.3134307861328,247.19011622920024,244.9458431064985,245.52625169786907,17937600
2021-06-10,AAPL,123.41364288330078,125.4491721984384,123.24727944494147,124.30418229225445,71186400
2021-06-10,GOOG,125.33499145507812,125.41750118770196,123.96314106101612,123.96364162562253,31234000
2021-06-10,MSFT,248.8442840576172,249.05710495769495,245.39080810777045,245.9905680475651,24563600
2021-06-11,AAPL,124.62712860107422,124.71520819384888,123.40385484671293,123.82466131686404,53522400
2021-06-11,GOOG,124.9537582397461,125.60289952159651,124.176373822777,125.5000107421879,25240000
2021-06-11,MSFT,249.47312927246094,250.05352315515916,248.2348769318763,249.56984190520353,18999700
2021-06-14,AAPL,127.69019317626953,127.74890792257392,124.35310652386883,125.08707071775322,96906500
2021-06-14,GOOG,125.60537719726562,125.6645272470453,124.3080882031943,124.92691497735412,22550000
2021-06-14,MSFT,251.4077606201172,251.4657999867667,248.4185856299187,249.48268988774265,19150500
2021-06-15,AAPL,126.8681869506836,127.80766791197816,126.62353216136705,127.1617756843721,62746300
2021-06-15,GOOG,125.28826141357422,126.11236517456122,124.906034840143,125.7743778932074,22182000
2021-06-15,MSFT,249.92774963378906,251.50455515844905,249.26995024974664,251.291734237546,18038900
2021-06-16,AAPL,127.36725616455078,128.09143959621477,125.71340260713602,127.58255353794978,91815000
2021-06-16,GOOG,124.9537582397461,125.77586734580355,123.41634231213892,125.5014972673806,26316000
2021-06-16,MSFT,248.979736328125,252.07527825904396,246.1163371628181,250.93379772554678,27220000
2021-06-17,AAPL,128.97218322753906,129.71594317700723,126.87793929818906,127.02474109836618,96721700
2021-06-17,GOOG,125.624267578125,126.44489012936374,124.77332294777486,124.78127889099343,25756000
2021-06-17,MSFT,252.3848114013672,253.2070752386401,247.65442523235757,247.71246460707766,27565500
2021-06-18,AAPL,127.6706314086914,128.69816933296693,127.45533405078574,127.91528613971695,108953300
2021-06-18,GOOG,124.82551574707031,125.64216415254134,123.86671457716018,124.96270078698784,53306000
2021-06-18,MSFT,250.96279907226562,253.73912420146243,250.30499978120227,251.15628334448667,37202200
2021-06-21,AAPL,129.47128295898438,129.57893163487228,126.44735415341397,127.51404516650551,79663300
2021-06-21,GOOG,125.70777893066406,126.2860903370924,124.39482827018173,124.99699992348715,26256000
2021-06-21,MSFT,254.05836486816406,254.91930196156906,249.50209671382993,251.3400791744239,26696100
2021-06-22,AAPL,131.11534118652344,131.2132090384515,128.8058002468752,129.3049053861556,74783600
2021-06-22,GOOG,126.24905395507812,126.51795574731875,125.28180385580231,125.70280144670585,20984000
2021-06-22,MSFT,256.8444519042969,257.11531224988556,253.83593888428604,254.14550199969128,24694100
2021-06-23,AAPL,130.84133911132812,131.44809296104657,130.38138705071168,130.90984959941682,60214200
2021-06-23,GOOG,125.71424102783203,127.04085103776009,125.50597580831041,125.8022190521019,19694000
2021-06-23,MSFT,256.61224365234375,258.121326813584,255.79966268256524,257.30874584380547,19518700
2021-06-24,AAPL,130.5575714111328,131.76126866490313,130.087823514383,131.57532865567404,68711000
2021-06-24,GOOG,126.52987670898438,126.78188063519627,126.20978083196347,126.3027265723471,18934000
2021-06-24,MSFT,257.9859313964844,259.10807554307036,256.80574785624424,257.4732304048304,21446900
2021-06-25,AAPL,130.2639617919922,131.0272833359651,129.97037313680121,130.60648437847152,70783700
2021-06-25,GOOG,126.24459075927734,126.75157171453162,125.69684412418445,126.20681329857482,33484000
2021-06-25,MSFT,256.3703308105469,258.5275592384999,256.1188367022205,257.54086037917466,25611100
2021-06-28,AAPL,131.89825439453125,132.35820647299622,130.4988365325281,130.5575512774318,62111300
2021-06-28,GOOG,126.07012939453125,126.58456573135246,125.22942351557157,126.24955906114164,28110000
2021-06-28,MSFT,259.9496154785156,260.1237336187573,257.2313295990359,257.50218987993065,19590000
2021-06-29,AAPL,133.4151153564453,133.57169796299607,131.47745413113225,131.9178296460844,64556100
2021-06-29,GOOG,125.27385711669922,126.24955615248484,124.69578841079434,126.02339954138554,20950000
2021-06-29,MSFT,262.5421142578125,262.78395482539,259.2337518254225,260.09468889479047,19937800
2021-06-30,AAPL,134.03163146972656,134.47200692367426,132.96492567634033,133.25851428981784,63261400
2021-06-30,GOOG,124.57550048828125,125.05664164976248,124.02029852127242,124.9110531988759,24006000
2021-06-30,MSFT,262.0584716796875,262.50345012346537,260.80091235187956,261.8553338390695,21656500
2021-07-01,AAPL,134.3350372314453,134.3937519835152,132.85731295249462,133.67936427909643,52485800
2021-07-01,GOOG,125.62178802490234,125.71523433826503,124.11200928812308,124.11200928812308,17120000
2021-07-01,MSFT,262.7356262207031,262.9677837431567,260.80090147610525,260.8105550251696,16725300
2021-07-02,AAPL,136.96754455566406,137.0066827518455,134.80478963619083,134.95157653755047,78852600
2021-07-02,GOOG,127.9583740234375,128.08662472715486,126.01989990379718,126.08998652432066,21160000
2021-07-02,MSFT,268.5881652832031,268.9267480285578,263.60625481216545,263.9158178662931,26458000
2021-07-06,AAPL,138.98345947265625,140.08928866847637,137.07515561633554,137.07515561633554,108181800
2021-07-06,GOOG,129.00418090820312,129.1170203100961,127.65022943448771,128.68457797798595,21350000
2021-07-06,MSFT,268.5978698730469,270.2520514486332,265.34751658741817,268.95578926737534,31565600
2021-07-07,AAPL,141.47894287109375,141.79209315711816,139.60977717070656,140.47095165667832,104911600
2021-07-07,GOOG,129.30886840820312,129.86793840219605,128.9932396691575,129.5708153850668,16680000
2021-07-07,MSFT,270.79376220703125,271.5289671123021,268.10449579016444,270.28106129192366,23260000
2021-07-08,AAPL,140.17739868164062,140.9798585410617,137.66234054504386,138.55288746806352,105575500
2021-07-08,GOOG,128.41368103027344,129.26412505984052,127.28339107088289,127.49215683228786,19780000
2021-07-08,MSFT,268.3656921386719,269.6329345310581,265.8989002860557,267.8626447928614,24618600
2021-07-09,AAPL,142.00741577148438,142.5358635061349,139.60000625630684,139.6978741376513,99890800
2021-07-09,GOOG,128.808837890625,129.08222201714796,128.18156974524948,128.1825708744927,15106000
2021-07-09,MSFT,268.86871337890625,268.97510907475925,266.3342285619331,266.7211676256249,23916700
2021-07-12,AAPL,141.41043090820312,143.19152447203606,140.9211214586938,143.08387579584243,76299700
2021-07-12,GOOG,129.79251098632812,129.99730261963782,128.8342178061212,129.06632813668227,16944000
2021-07-12,MSFT,268.2688903808594,270.63891004018603,267.55302228356345,270.0488332729482,18931700
2021-07-13,AAPL,142.52606201171875,144.30715565248005,140.55904331544653,140.95048491894528,100827100
2021-07-13,GOOG,130.22047424316406,131.26178528394553,129.8650733242066,130.10813539528533,16618000
2021-07-13,MSFT,271.8095397949219,273.6185030390945,268.3367117846938,268.4624441180206,26120100
2021-07-14,AAPL,145.96099853515625,146.37203160132475,144.5224276011833,144.9334606673518,127050800
2021-07-14,GOOG,131.30203247070312,132.21013256197034,131.11861345348825,131.1221022373089,17912000
2021-07-14,MSFT,273.2895812988281,274.402042236857,271.3935295989676,273.13479976078486,23113700
2021-07-15,AAPL,145.30535888671875,146.79286409061552,143.9450789434474,146.0491189549383,106820300
2021-07-15,GOOG,130.49082946777344,131.81148567571742,129.8262920707709,131.71704582559786,16586000
2021-07-15,MSFT,271.8578796386719,273.28958675297565,270.6970328409596,272.7962224357139,22604200
2021-07-16,AAPL,143.26002502441406,146.55796605066817,142.76093474422927,145.28577338362382,93251400
2021-07-16,GOOG,131.06642150878906,131.40192113294034,130.04847032526575,130.86313161083828,14856000
2021-07-16,MSFT,271.58697509765625,274.8276448188049,270.3390694215549,272.86390046289694,26186800
2021-07-19,AAPL,139.40426635742188,140.98963920959875,138.64094477148268,140.67647397816722,121434600
2021-07-19,GOOG,128.490234375,130.4714539522085,127.77747586923527,130.38050287854094,25710000
2021-07-19,MSFT,267.9690856933594,271.21940940318876,265.4926401463771,269.8264050928163,32935600
2021-07-20,AAPL,143.025146484375,143.9548463868521,139.903364731854,140.39267418261483,96350000
2021-07-20,GOOG,130.3268280029297,131.22135218567885,128.42503124411968,129.23580944550554,19084000
2021-07-20,MSFT,270.2036437988281,271.79978568406875,267.24351753265694,268.9557381700526,26259700
2021-07-21,AAPL,142.29119873046875,143.00560136245917,141.53767284075886,142.4184239807626,74993500
2021-07-21,GOOG,131.81695556640625,131.83361071620672,129.82977473329183,130.0141797024396,14742000
2021-07-21,MSFT,272.2157287597656,272.3318075052571,268.23988411891924,269.79732315685095,24364300
2021-07-22,AAPL,143.66127014160156,145.03133074908345,142.6924319696775,142.81965721627964,77338200
2021-07-22,GOOG,132.54066467285156,132.71561958737274,131.61763870583857,131.86616144899054,13608000
2021-07-22,MSFT,276.8011474609375,277.0720078070246,274.1699200182787,274.57619577662746,23384100
2021-07-23,AAPL,145.3835906982422,145.5401732729905,143.77865663841243,144.3951911936488,71447400
2021-07-23,GOOG,137.00164794921875,137.98829121487356,133.90456343770214,134.46075144018909,26378000
2021-07-23,MSFT,280.21588134765625,280.5254148814267,277.1493295288291,277.99093009923706,22768100
2021-07-26,AAPL,145.804443359375,146.6264796970787,144.54201654625697,145.09983651776034,72434100
2021-07-26,GOOG,138.81935119628906,138.88744315818224,136.83763089031996,137.43309047064483,23052000
2021-07-26,MSFT,279.6160888671875,280.2352149712231,277.2847714708642,279.56773255599114,23176100
2021-07-27,AAPL,143.6319122314453,146.01974493776575,142.43799587828508,145.93165788061674,104818600
2021-07-27,GOOG,135.9881591796875,139.18367261727496,134.30169634513229,139.18367261727496,42164000
2021-07-27,MSFT,277.1880187988281,280.1287791166295,273.7151914702879,279.983680666994,33604100
2021-07-28,AAPL,141.88015747070312,143.82761436860707,139.49232507438956,141.71379405719455,118931200
2021-07-28,GOOG,135.57562255859375,138.85065003321708,135.5443145167073,137.74323423185805,54688000
2021-07-28,MSFT,276.8783874511719,280.6801135014984,274.5663778116576,279.55796989856185,33566900
2021-07-29,AAPL,142.52606201171875,143.4166088320994,141.48872832316107,141.5963770040042,56699500
2021-07-29,GOOG,135.7336883544922,136.34108564220358,135.33357033997652,135.57473632347734,19284000
2021-07-29,MSFT,277.1492919921875,279.2000952932535,276.74298684690376,276.89776835360453,18168300
2021-07-30,AAPL,142.74136352539062,143.2013156357775,141.02878032832388,141.29301163126834,70440600
2021-07-30,GOOG,134.42196655273438,134.96906849187096,134.0175710304603,134.71026142506526,23954000
2021-07-30,MSFT,275.6112365722656,277.3041208437968,274.6438741313907,275.862760253792,20944800
2021-08-02,AAPL,142.4086456298828,143.80806367715948,142.14441431029425,143.23068203244566,62880000
2021-08-02,GOOG,135.18592834472656,135.2167358192007,133.87372105678563,134.68390757899746,20140000
2021-08-02,MSFT,275.5241394042969,277.41047819028364,274.47937158051684,277.0138561017704,16267400
2021-08-03,AAPL,144.2093048095703,144.87475860058453,142.07590750079174,142.6924422849986,64786600
2021-08-03,GOOG,135.47471618652344,135.529884473543,133.39060786556087,135.1963719283961,19064000
2021-08-03,MSFT,277.7491149902344,277.85554021595306,274.7309487276619,276.1046164607868,17879000
2021-08-04,AAPL,143.8080596923828,144.63009607216787,143.15238675142038,144.12122494137196,56368300
2021-08-04,GOOG,135.22471618652344,135.73119659065617,134.6148312626251,135.44440338907074,16528000
2021-08-04,MSFT,277.15899658203125,278.20373493143853,275.3596872582859,276.878453234256,16191300
2021-08-05,AAPL,143.91571044921875,144.67903208892778,143.04474012018966,143.8374191358459,46397700
2021-08-05,GOOG,136.13082885742188,136.14076430707385,134.7987505100375,135.22471584916215,11866000
2021-08-05,MSFT,280.0707702636719,280.17719548604225,276.7624071651543,277.51694870705825,13900200
2021-08-06,AAPL,143.22964477539062,144.1803285775889,142.729806727241,143.43546923928326,54126800
2021-08-06,GOOG,136.22625732421875,136.27004914666458,135.24260228370383,135.48963852213564,13560000
2021-08-06,MSFT,280.0127258300781,280.0514285940206,278.2327824689934,279.0937492177482,16589300
2021-08-09,AAPL,143.1806182861328,143.77847075197207,142.62197759620048,143.28842823751074,48908700
2021-08-09,GOOG,137.18653869628906,137.50415451780557,135.6225928697626,136.13976711087273,12374000
2021-08-09,MSFT,278.91949462890625,282.0344016972277,278.416476976701,280.29316176751536,16117600
2021-08-10,AAPL,142.70040893554688,144.76838927434818,142.40638038902802,143.52367690186915,69023100
2021-08-10,GOOG,137.28048706054688,137.73280029460147,136.41563272764313,137.26358921210337,16034000
2021-08-10,MSFT,277.09124755859375,279.8095331420001,275.89172780550433,279.37420831725467,18616600
2021-08-11,AAPL,142.95523071289062,143.79810459984787,142.63180079586957,143.14144929737975,48493500
2021-08-11,GOOG,136.87588500976562,138.0272897624969,136.5383982912348,137.4658838143849,15204000
2021-08-11,MSFT,277.5846862792969,279.238867918626,276.53023515596675,277.8361804592524,13955900
2021-08-12,AAPL,145.9248809814453,146.08169819848888,142.93561820929602,143.27865400221475,72282600
2021-08-12,GOOG,137.57174682617188,137.60008181631258,135.97077437734856,136.899245869058,14646000
2021-08-12,MSFT,280.3512878417969,280.50606936455193,276.99453921603543,277.27508257112635,14561300
2021-08-13,AAPL,146.13070678710938,146.4639321601955,145.31723429051934,146.0032909277299,59375000
2021-08-13,GOOG,137.5881805419922,137.8545871312605,137.18954903450648,137.53995947797785,12580000
2021-08-13,MSFT,283.2921142578125,283.34047057422725,279.8579596671062,280.03210735363274,18249000
2021-08-16,AAPL,148.11045837402344,148.17907151070028,143.55306855336707,145.58183697281834,103296000
2021-08-16,GOOG,138.09515380859375,138.16920703958527,135.36116070045952,137.18456603521156,18040000
2021-08-16,MSFT,284.98492431640625,285.19774519194135,280.5543886861445,283.6209400034158,22507600
2021-08-17,AAPL,147.1990203857422,148.65933797891813,146.12092052407525,147.23821721938666,92229700
2021-08-17,GOOG,136.48919677734375,137.89881707567238,135.9792276131362,137.37442254932438,21272000
2021-08-17,MSFT,283.5146179199219,283.8532007343557,281.5798927192298,282.84716488552175,20075300
2021-08-18,AAPL,143.44528198242188,147.7184543955626,143.23945749374153,146.81677773378797,86326000
2021-08-18,GOOG,135.76300048828125,137.4768122163944,135.6148788823457,136.30526360047693,14934000
2021-08-18,MSFT,281.7796630859375,285.7437457281238,281.333803244955,283.0493313580627,21813000
2021-08-19,AAPL,143.7784881591797,145.05260184201776,141.62230382548356,142.1417477573086,86960300
2021-08-19,GOOG,136.10447692871094,136.6397928726728,134.55618504035198,134.66702218303791,18296000
2021-08-19,MSFT,287.6336975097656,288.31215930463765,279.75401063474186,279.80245951520226,29850500
2021-08-20,AAPL,145.23883056640625,145.54265459061057,143.85690682252826,144.50376665433245,60549600
2021-08-20,GOOG,137.61898803710938,137.79544467055945,135.66062732893377,136.27298478551245,15564000
2021-08-20,MSFT,294.9900207519531,296.42446842110303,288.8839831017073,290.49288222873395,40817600
2021-08-23,AAPL,146.7285614013672,147.19899810848202,144.9447991647322,145.3564331528218,60131800
2021-08-23,GOOG,140.2657470703125,141.33687952727388,137.92809509729298,138.17716392039438,21090000
2021-08-23,MSFT,295.27105712890625,295.99796767308277,292.5572695952067,293.91416336205646,22830200
2021-08-24,AAPL,146.6403350830078,147.85564605050203,146.17969386697683,146.47372240240912,48606400
2021-08-24,GOOG,141.5570526123047,142.16246271200032,140.51822943437185,140.70710913374572,15126000
2021-08-24,MSFT,293.30364990234375,296.2403682802,292.7027417213681,295.6297584904746,18175800
2021-08-25,AAPL,145.40542602539062,147.32639940143548,144.85658076220975,146.8265464293222,58991300
2021-08-25,GOOG,142.1053009033203,142.46616247770606,141.5978194055208,142.03869547359656,12838000
2021-08-25,MSFT,292.71240234375,295.2129620707887,291.17135525016886,294.9318816590826,20006100
2021-08-26,AAPL,144.60177612304688,146.15031266530553,144.57237476094,145.3956577646763,48597200
2021-08-26,GOOG,141.283203125,142.28901952072462,141.25189508173625,141.77577390450756,14922000
2021-08-26,MSFT,289.8822937011719,293.11946582740853,289.7466190833908,291.7237949064107,17666100
2021-08-27,AAPL,145.64068603515625,145.78769285270545,143.90593081349903,144.54298029609936,55802400
2021-08-27,GOOG,143.6963348388672,144.15410869639402,141.18078565703914,141.2727378464532,24562000
2021-08-27,MSFT,290.4929504394531,291.6075411194762,287.69190653641493,289.7854132567226,22605700
2021-08-30,AAPL,150.07064819335938,150.43328990399013,145.6504691143869,146.0327017624141,90956700
2021-08-30,GOOG,144.6099090576172,145.62388605919284,143.74555536215163,143.84943009859143,16916000
2021-08-30,MSFT,294.2437744140625,294.8543841734556,291.79166334629616,291.84981383975514,16348100
2021-08-31,AAPL,148.8063507080078,149.7570346314379,148.27709627902888,149.6198232896498,86453100
2021-08-31,GOOG,144.6024627685547,145.2486158160026,144.14318716945078,145.02246679998305,26756000
2021-08-31,MSFT,292.5863952636719,295.1257318031816,292.21808912531776,295.0482076794564,26285300
2021-09-01,AAPL,149.47279357910156,151.89360530226858,149.30618088399424,149.78642803218395,80313700
2021-09-01,GOOG,144.98019409179688,145.95291235980622,144.75404509593318,144.78932731233797,15824000
2021-09-01,MSFT,292.53790283203125,295.79447785628054,292.20837356031564,293.54589386073576,18983800
2021-09-02,AAPL,150.5900421142578,151.6387401579767,149.36493596313332,150.80566199324844,71115500
2021-09-02,GOOG,143.36680603027344,145.4603644954258,143.2549829261711,145.08707980079004,21844000
2021-09-02,MSFT,291.8788757324219,294.0208310183589,290.93873669374995,292.8965684775402,16285600
2021-09-03,AAPL,151.22714233398438,151.5505722295667,150.04123271684918,150.6978879757905,57808700
2021-09-03,GOOG,143.9195098876953,144.517957609369,142.65702531428133,143.2942288702104,19104000
2021-09-03,MSFT,291.86920166015625,293.2842462231373,291.0162883636507,291.723795856105,14747900
2021-09-07,AAPL,153.56956481933594,154.12820565202878,151.31536568577172,151.8838169424037,82278300
2021-09-07,GOOG,144.65911865234375,144.962324280806,143.68690085502223,143.89416493563198,15170000
2021-09-07,MSFT,290.93878173828125,291.82077042270845,289.01975608867406,291.74324628233205,17180400
2021-09-08,AAPL,152.02099609375,153.91255310407425,150.91349517698131,153.8537503925487,74420200
2021-09-08,GOOG,144.02737426757812,144.6909257247094,143.34791092386484,144.5343551877221,15486000
2021-09-08,MSFT,290.9678039550781,291.3554837424543,288.3121663545763,290.5510489231006,15046800
2021-09-09,AAPL,151.00172424316406,153.00109134257815,150.88410385737802,152.39344334318108,57305700
2021-09-09,GOOG,144.05718994140625,144.8087193872992,143.58053111997643,144.0273684278201,14798000
2021-09-09,MSFT,288.0989685058594,292.83844092366724,287.85666491586284,291.55907086974764,19927000
2021-09-10,AAPL,146.0032958984375,152.38364527408532,145.73866870260662,151.913208557541,140893200
2021-09-10,GOOG,141.08238220214844,145.15615876961206,140.90393851404332,144.58405896167486,32896000
2021-09-10,MSFT,286.6063232421875,290.68673632669135,286.286495570045,289.2329150244491,19633400
2021-09-13,AAPL,146.5717315673828,148.4044859422113,145.78766048638957,147.63022528348688,102404300
2021-09-13,GOOG,142.6172637939453,143.33897180773752,141.44175602293623,142.35483141103228,20176000
2021-09-13,MSFT,287.846923828125,289.34922362690304,285.026506878026,288.3896814290302,23652900
2021-09-14,AAPL,145.17022705078125,148.06149059395435,143.98433223540385,147.35582799517005,109296300
2021-09-14,GOOG,142.55860900878906,143.87228766717058,142.06106298172858,143.30913734246565,18916000
2021-09-14,MSFT,290.5608215332031,292.1115706397264,288.9228466715608,290.33789155140175,21853400
2021-09-15,AAPL,146.06210327148438,146.4639418122294,143.45507292336683,145.6014620086623,83281300
2021-09-15,GOOG,144.34796142578125,144.72124608951611,141.41539621287026,142.90952082835844,20648000
2021-09-15,MSFT,295.4358825683594,295.9204896733223,292.5282399385816,293.92391076712056,28356300
2021-09-16,AAPL,145.8268585205078,146.0032816187781,144.28813265765052,145.48383770122956,68034100
2021-09-16,GOOG,143.5203857421875,144.341994217921,142.56888834597572,144.26346625560453,20292000
2021-09-16,MSFT,295.8236083984375,295.910834141544,291.50092063095605,294.40856371347337,19550800
2021-09-17,AAPL,143.1512451171875,145.85628990076225,142.85721655963627,145.85628990076225,129868800
2021-09-17,GOOG,140.62759399414062,143.3971270468662,140.22796140070582,142.94878799865575,60040000
2021-09-17,MSFT,290.6383361816406,295.12580387619147,290.3088068137098,294.80597611787215,41372500
2021-09-20,AAPL,140.09341430664062,141.95557064898003,138.45667342670893,140.9362883779443,123478900
2021-09-20,GOOG,138.19554138183594,138.53900454136132,136.24314224514947,138.17884072650594,34918000
2021-09-20,MSFT,285.2397766113281,289.52371713134244,280.60693311638306,287.20728059483235,38278700
2021-09-21,AAPL,140.5736083984375,141.72032120475433,139.93655902151735,141.0636509821954,75834000
2021-09-21,GOOG,138.82131958007812,139.97953502710808,138.0847008659146,139.28904409824526,18130000
2021-09-21,MSFT,285.724365234375,288.380032542715,285.01685772181173,286.58698016315407,22364100
2021-09-22,AAPL,142.94541931152344,143.51385551514431,140.83822735154473,141.57329118423013,76404300
2021-09-22,GOOG,140.10569763183594,140.74687538799043,138.64761360509473,139.2229443624447,22068000
2021-09-22,MSFT,289.3879699707031,290.9774954954445,285.44329055858685,287.5949473188643,26626300
2021-09-23,AAPL,143.90591430664062,144.1509356110608,142.73961050481446,143.72949119090302,64838200
2021-09-23,GOOG,140.9884490966797,141.41188124321306,140.2627517742921,140.77272092229325,17272000
2021-09-23,MSFT,290.3377990722656,291.63654253160206,288.37029545861924,289.6496652823487,18604600
2021-09-24,AAPL,143.99411010742188,144.5331599371337,142.66119368982206,142.75920818791974,53477900
2021-09-24,GOOG,141.79017639160156,142.05908577183902,140.01820798114457,140.11314840369118,14950000
2021-09-24,MSFT,290.1343078613281,290.5704365513493,287.78879623094576,289.0487925731778,14999000
2021-09-27,AAPL,142.47496032714844,143.05322187803952,140.95584044871157,142.572974815072,74150700
2021-09-27,GOOG,140.66485595703125,141.65794567478414,139.66976398110296,140.74884462004022,18844000
2021-09-27,MSFT,285.1138000488281,287.3429812358506,283.92165574313407,287.023153512802,23571700
2021-09-28,AAPL,139.08389282226562,141.86733117108918,138.8682728841963,140.39720338693283,108972300
2021-09-28,GOOG,135.37930297851562,138.7815802471598,134.89815416706745,138.2666357373539,42190000
2021-09-28,MSFT,274.7916259765625,281.82813121572434,274.0453416183165,280.8782905595334,43186200
2021-09-29,AAPL,139.98556518554688,141.57329835904048,139.20149406663066,139.63273392978022,74602000
2021-09-29,GOOG,133.72610473632812,136.58660387053288,133.45670997217775,136.29950732204898,26338000
2021-09-29,MSFT,275.2568664550781,277.9415794692271,274.29735374474296,276.32300812104705,26353700
2021-09-30,AAPL,138.68202209472656,141.5046715702822,138.46640220673774,140.7990092013933,89056700
2021-09-30,GOOG,132.47802734375,134.78878515070303,132.2140932902572,133.53126073480007,35294000
2021-09-30,MSFT,273.24090576171875,278.9689361892325,272.9501237277574,276.9142066260927,32343600
2021-10-01,AAPL,139.8091278076172,140.07375496115557,136.33963327586,139.07406401271928,94639600
2021-10-01,GOOG,135.65614318847656,136.2610528074894,132.5893808084576,132.76533686504249,28388000
2021-10-01,MSFT,280.1998596191406,281.05277293433414,272.6302983139076,273.43473316733105,30086300
2021-10-04,AAPL,136.36903381347656,139.37790210757225,135.5163646020799,138.93685186934948,98322000
2021-10-04,GOOG,132.97457885742188,134.89814246986305,130.39143794504236,134.89764190525392,31530000
2021-10-04,MSFT,274.3942565917969,278.8914253103499,271.6223177870567,278.5521943769814,31350700
2021-10-05,AAPL,138.2998046875,139.40730560106334,136.58465581671635,136.71207166126047,80861100
2021-10-05,GOOG,135.37232971191406,136.55032509960063,133.2081917006854,133.2081917006854,24126000
2021-10-05,MSFT,279.870361328125,281.45985757328907,275.3053401798689,275.3053401798689,24993000
2021-10-06,AAPL,139.17208862304688,139.3190954107542,135.61437481140692,136.69247443763487,83221100
2021-10-06,GOOG,136.54237365722656,137.0374320476441,133.69180994061003,133.82999610774255,19764000
2021-10-06,MSFT,284.0863342285156,284.59034449682105,276.7203306382743,276.9820078004631,28002600
2021-10-07,AAPL,140.4364013671875,141.3478883774017,139.87776058117706,140.2109859591421,61732700
2021-10-07,GOOG,138.36306762695312,139.32629057038187,137.74424834536515,138.04247870852086,18250000
2021-10-07,MSFT,285.77288818359375,287.5077903411879,284.8715258385162,286.0927159396259,20430500
2021-10-08,AAPL,140.0541534423828,141.3086611617573,139.7209281008109,141.16165438015548,58773200
2021-10-08,GOOG,139.2283935546875,139.48785285471473,138.60544853665078,139.0792859885216,18924000
2021-10-08,MSFT,285.77288818359375,287.5077903411879,284.71644797623225,287.1007072554327,17685700
2021-10-11,AAPL,139.96597290039062,141.92614341076353,138.98588764520417,139.43673344275217,64452200
2021-10-11,GOOG,138.0270538330078,139.93188424027014,137.98629573794014,138.9739249042433,16584000
2021-10-11,MSFT,285.1719665527344,288.7968189817896,283.73751857757367,283.9022980416564,19298600
2021-10-12,AAPL,138.6918487548828,140.3972023557475,138.2312075228374,140.37759646472705,73035900
2021-10-12,GOOG,135.9051513671875,138.869540362856,135.44488981288612,138.81236981946336,22536000
2021-10-12,MSFT,283.8634948730469,286.34468116686594,283.34981246639074,286.2477538192174,17974100
2021-10-13,AAPL,138.1038055419922,138.58403770640166,136.4278533132654,138.42723544419957,78762700
2021-10-13,GOOG,137.0851287841797,137.73129696913583,136.16709336339713,136.93602121691006,16380000
2021-10-13,MSFT,287.1878967285156,288.12803581492204,284.45470520992285,285.8310025775358,23416300
2021-10-14,AAPL,140.89703369140625,141.01465407700306,138.69184213659864,139.2798991998456,69907100
2021-10-14,GOOG,140.57640075683594,140.81448749582708,138.51565203025717,139.12502120491894,21426000
2021-10-14,MSFT,293.4296569824219,293.93363781781864,288.66110916260686,289.9986297551675,27262900
2021-10-15,AAPL,141.95553588867188,142.014338607517,140.65202078625612,140.90685250780268,67940300
2021-10-15,GOOG,140.8378448486328,141.3597365539221,140.23094816989584,141.3597365539221,21250000
2021-10-15,MSFT,294.8446960449219,295.07732760746717,291.2682926433192,293.0322699004175,25384800
2021-10-18,AAPL,143.63148498535156,143.91570310514462,140.3089968495944,140.59321496938745,85589200
2021-10-18,GOOG,142.11573791503906,142.15376565666742,140.37906692709558,140.37906692709558,16564000
2021-10-18,MSFT,297.829833984375,298.721494467245,293.3714428358164,294.2243560476535,22729300
2021-10-19,AAPL,145.79747009277344,146.19930861705203,143.6314901588186,144.08232097954442,76378900
2021-10-19,GOOG,142.97213745117188,143.25544180939082,142.25041440335596,142.44476996055784,15316000
2021-10-19,MSFT,298.7408752441406,299.7779118606722,297.7619595297934,298.8571762046438,17682100
2021-10-20,AAPL,146.28750610351562,146.76775321734434,145.1702096154499,145.73866080480443,58418800
2021-10-20,GOOG,141.57345581054688,143.39538958819384,141.07343728578368,143.37028551531182,17940000
2021-10-20,MSFT,297.94610595703125,300.16561449754624,296.68610989741694,299.69067948195374,16537100
2021-10-21,AAPL,146.50314331054688,146.65996054435885,144.92520541323566,145.84648796823797,61421000
2021-10-21,GOOG,141.93679809570312,142.0053906105217,140.80004629273574,141.35177463008554,14850000
2021-10-21,MSFT,301.1929931640625,301.4449687253287,296.9284273202593,297.7135179791029,16918100
2021-10-22,AAPL,145.72886657714844,147.18918391188018,145.6798593275794,146.7089517488773,58883400
2021-10-22,GOOG,137.80587768554688,140.72204608941826,136.35997389052045,139.521676848116,30182000
2021-10-22,MSFT,299.6423034667969,301.51288001031764,298.32415660771585,300.8441197616063,17449300
2021-10-25,AAPL,145.67984008789062,146.39529798138776,144.68014915737908,145.71903690942145,50720600
2021-10-25,GOOG,137.95298767089844,138.3832305541192,135.940459994369,137.99027215147086,21082000
2021-10-25,MSFT,298.64398193359375,299.8748733432088,297.02538117405123,299.8360964926019,17554500
2021-10-26,AAPL,146.34634399414062,147.8360628807674,146.04250498938632,146.3561394633592,60893400
2021-10-26,GOOG,138.8466796875,140.00727671996412,138.18411413160712,139.77516641464652,28258000
2021-10-26,MSFT,300.5630187988281,302.7825277274314,299.0995253850251,301.42563368433815,28107300
2021-10-27,AAPL,145.8856658935547,146.7481305695104,145.53283467682837,146.38550388603736,56094900
2021-10-27,GOOG,145.562255859375,148.23684829772566,139.0758034067037,139.0758034067037,51850000
2021-10-27,MSFT,313.220947265625,316.0607376027776,306.27166885355354,306.27166885355354,52588700
2021-10-28,AAPL,149.53158569335938,150.11962775999444,146.73833727338112,146.8363517619426,100077900
2021-10-28,GOOG,145.26553344726562,146.5533801420846,143.90810826443536,146.42861819224964,32418000
2021-10-28,MSFT,314.3646545410156,314.8686353135515,311.4666837592354,314.3452513256401,26297900
2021-10-29,AAPL,146.81675720214844,146.95396852377547,143.4942691703326,144.2881357422398,124953200
2021-10-29,GOOG,147.3943634033203,147.73485352870443,144.30871619986272,144.66012773524713,28954000
2021-10-29,MSFT,321.41082763671875,321.77913378740067,313.92849237878045,314.15142230631733,34766000
2021-11-01,AAPL,145.9934844970703,146.71873790698544,144.85658218082636,146.02288585396352,74588300
2021-11-01,GOOG,142.9244384765625,147.522609819012,142.73108401932961,147.28948322818965,32272000
2021-11-01,MSFT,319.2301025390625,321.284832079321,316.3224597002652,321.1588294904815,27073200
2021-11-02,AAPL,147.03237915039062,148.55151413172558,145.6896523186095,145.69946274130425,69122000
2021-11-02,GOOG,145.0010986328125,146.05234498631833,143.78631933839208,143.95372027855845,21150000
2021-11-02,MSFT,322.8743591308594,323.18451480044746,319.8407136897348,320.1411677515006,26487100
2021-11-03,AAPL,148.47314453125,148.94358134189824,146.83640368687838,147.39504459547632,54511500
2021-11-03,GOOG,145.922607421875,146.0424092180461,144.1963724497734,145.41065117693066,17886000
2021-11-03,MSFT,323.71759033203125,324.5898773244967,320.47071636967297,323.62066298218525,21500100
2021-11-04,AAPL,147.9536590576172,149.39437045239575,147.6400246350039,148.56130705778995,60394600
2021-11-04,GOOG,147.80442810058594,149.0639396755422,145.76852564415267,146.33018947580572,24700000
2021-11-04,MSFT,326.0824890136719,326.1794163674773,319.36584044582264,322.6417897891467,23992200
2021-11-05,AAPL,148.48367309570312,149.38666561598743,147.28622291132336,149.08239818789303,65463900
2021-11-05,GOOG,148.359130859375,149.6810309991204,147.77360677599506,148.47096912954314,20408000
2021-11-05,MSFT,325.71417236328125,328.3601381890695,324.12467620856967,328.0887593539688,22570100
2021-11-08,AAPL,147.65921020507812,148.76832763273148,147.38438703345884,148.61128154130913,55020900
2021-11-08,GOOG,148.46897888183594,150.14203264860203,148.23884051225767,149.1136454193443,18388000
2021-11-08,MSFT,326.615478515625,327.25516342665753,324.1439941767868,326.91593254652474,20897000
2021-11-09,AAPL,148.02235412597656,148.63088895973019,147.2862174812468,147.42362905586018,56787900
2021-11-09,GOOG,148.36659240722656,149.48990490122952,146.63538211415988,148.86115024335473,16876000
2021-11-09,MSFT,325.60748291015625,328.2921952710972,324.2311858983905,326.7317452173755,21307400
2021-11-10,AAPL,145.18577575683594,147.35493167322633,145.11707745747125,147.2469643655917,65187100
2021-11-10,GOOG,145.7595977783203,147.82133249373683,144.46627528186607,147.13516456099222,22708000
2021-11-10,MSFT,320.6160888671875,324.32819631868085,319.7632051014801,324.2700458250661,25500900
2021-11-11,AAPL,145.13670349121094,146.6678653941325,144.95021313541474,146.20656685181973,41000000
2021-11-11,GOOG,145.88084411621094,147.6247199684573,145.82766292578964,146.23771629734102,12464000
2021-11-11,MSFT,322.1959228515625,323.49466654562343,320.3350478426088,321.05225700459357,16849800
2021-11-12,AAPL,147.21751403808594,147.61992400748895,144.75390056803062,145.68633729009179,63804000
2021-11-12,GOOG,148.76123046875,148.9739704228391,145.58859137303736,146.95795408928322,17048000
2021-11-12,MSFT,326.3538818359375,326.8481906568645,323.5140906740655,323.64009328160193,23831000
2021-11-15,AAPL,147.2273406982422,149.07259482755015,146.66786961475387,147.59049667940786,59222800
2021-11-15,GOOG,148.50526428222656,149.58783385283368,147.77410623822422,149.11364747854304,16248000
2021-11-15,MSFT,325.7238464355469,327.4781218959433,323.74664104520605,327.14859259389846,16723000
2021-11-16,AAPL,148.20887756347656,148.6898256703758,146.57955783160577,147.16847326957455,59256200
2021-11-16,GOOG,148.19509887695312,148.94712888481112,147.47339094714803,148.2890381612862,17254000
2021-11-16,MSFT,329.0579528808594,330.1822450060062,325.1810957230039,325.345845588492,20886800
2021-11-17,AAPL,150.65284729003906,152.13493057693609,148.19905808718525,148.20886785237,88807000
2021-11-17,GOOG,148.18118286132812,148.741860718999,147.68513851153094,148.34720345360168,15290000
2021-11-17,MSFT,329.28118896484375,332.2621269113078,328.1936879942953,329.10641837290115,19053400
2021-11-18,AAPL,154.95187377929688,155.7370893093728,150.22097604546676,150.86877998103495,137827700
2021-11-18,GOOG,149.81845092773438,150.71412783436222,148.11806335226908,148.2646832713089,26658000
2021-11-18,MSFT,331.368896484375,332.51468426530346,327.33930424900313,328.3685486378301,22463500
2021-11-19,AAPL,157.582275390625,158.04358875335905,153.63657991698364,154.73587219750698,117305600
2021-11-19,GOOG,149.06642150878906,150.95271574714045,149.0018031705206,150.10773237822403,19766000
2021-11-19,MSFT,333.15557861328125,335.0878643040928,332.2720058744167,332.6992428369544,21963400
2021-11-22,AAPL,158.0436553955078,162.6371414846842,158.0240208888666,158.6914443472637,117467900
2021-11-22,GOOG,146.20941162109375,149.85374939288602,146.13682975500137,149.25455840555446,24608000
2021-11-22,MSFT,329.9706115722656,339.5251529832134,329.6987363049415,334.6216491835923,31031100
2021-11-23,AAPL,158.4264373779297,158.8092278647629,156.11986971576832,158.14178946554063,96041900
2021-11-23,GOOG,145.8898162841797,146.8212760297306,144.03334345863485,146.24371547032212,18126000
2021-11-23,MSFT,327.883056640625,329.60172350513506,323.88259282379204,327.2713297656087,30427600
2021-11-24,AAPL,158.94659423828125,159.1428943080719,156.68910599385052,157.77858860443422,69463600
2021-11-24,GOOG,145.8505401611328,146.13137207265353,144.3410193386797,145.48521901189088,16464000
2021-11-24,MSFT,328.1063537597656,328.3491006081897,324.2224041849806,326.52363956689135,21661300
2021-11-26,AAPL,153.9114532470703,157.48416930217962,153.4697742384674,156.62044578974744,76959800
2021-11-26,GOOG,141.96214294433594,144.43842067379347,141.64354118366504,144.1585899138974,16992000
2021-11-26,MSFT,320.1151428222656,328.1257894703954,318.60040473573963,324.64966735700517,24217200
2021-11-29,AAPL,157.27804565429688,158.2104823634522,155.85483622919187,156.42411700388635,88748200
2021-11-29,GOOG,145.2506103515625,145.99419150942592,143.44583220048955,143.44583220048955,26276000
2021-11-29,MSFT,326.8634948730469,329.19385871851557,325.02831445422294,325.22252378808867,28563500
2021-11-30,AAPL,162.2445526123047,162.46048727030927,156.96399321031473,157.03270650001684,174048100
2021-11-30,GOOG,141.61024475097656,145.76206416882144,141.22652405355038,144.59078848027502,41590000
2021-11-30,MSFT,320.9987487792969,327.9801511598231,319.44516287846153,325.59153024619826,42885600
2021-12-01,AAPL,161.7243194580078,167.1520991872997,161.48875033716251,164.3842181801369,152052500
2021-12-01,GOOG,140.7811737060547,145.63348022586953,140.66387473134853,143.3603404674943,28476000
2021-12-01,MSFT,320.5035095214844,329.4366054980514,319.8335554738166,325.40701369477864,33337600
2021-12-02,AAPL,160.73300170898438,161.16487100269978,154.88317666704097,155.80580379875286,136739200
2021-12-02,GOOG,142.9269256591797,143.82011494466778,140.1489285982875,140.98596363584957,21250000
2021-12-02,MSFT,319.9306335449219,323.8145832007806,318.28966244474685,320.7171309796585,30766000
2021-12-03,AAPL,158.84849548339844,161.91083461668495,156.76768701566778,160.98820747292035,118023100
2021-12-03,GOOG,141.67832946777344,144.35492415984507,140.31592917842198,143.64166512863846,26688000
2021-12-03,MSFT,313.63873291015625,323.0476056872698,308.8032037054609,322.3581831148738,41779300
2021-12-06,AAPL,162.26416015625,164.77683760268036,161.24337558317583,161.2531853471854,107497000
2021-12-06,GOOG,142.94677734375,143.49850564879614,139.81589782314268,142.72560365953706,22198000
2021-12-06,MSFT,316.7264404296875,317.94989426023443,309.9683751840063,314.5514377373279,30032600
2021-12-07,AAPL,168.015869140625,168.40848445060908,165.22836783508023,165.95469492599375,120405400
2021-12-07,GOOG,147.16172790527344,147.42367484655767,144.84152024497004,145.08755530129238,23258000
2021-12-07,MSFT,325.2031555175781,326.0575996501338,320.52298852662585,322.0183176149268,31021900
2021-12-08,AAPL,171.84376525878906,172.70750384073483,167.54472183268328,168.94829702834517,116998900
2021-12-08,GOOG,147.84170532226562,148.2751184116575,146.33018229242202,147.45499642572145,18964000
2021-12-08,MSFT,325.251708984375,325.7663312135231,321.2026777609349,325.58184120381065,24761000
2021-12-09,AAPL,171.33334350585938,173.48286484992437,170.70517418411447,171.67687992199998,108923700
2021-12-09,GOOG,147.2308349609375,148.7209702357873,146.6572486167207,147.30041343877434,18580000
2021-12-09,MSFT,323.4359130859375,326.72754500614406,322.48433475393716,324.707904225957,22214200
2021-12-10,AAPL,176.1329803466797,176.309660951534,171.460971245645,171.971363576986,115402700
2021-12-10,GOOG,147.79647827148438,148.517185124891,146.48675856213023,148.2189699682397,21634000
2021-12-10,MSFT,332.6020202636719,333.0486661545064,325.0768681858368,325.261358155739,38095700
2021-12-13,AAPL,172.4915771484375,178.76346196831642,172.28545225851812,177.77212151103643,153237000
2021-12-13,GOOG,145.83761596679688,147.68463867473733,145.49515393571124,147.56683913833254,24104000
2021-12-13,MSFT,329.55322265625,333.81587292412826,329.242499477504,330.79608573904073,28899400
2021-12-14,AAPL,171.10763549804688,174.45460766310583,169.02682698568938,172.01062815391413,139380400
2021-12-14,GOOG,144.11387634277344,144.58258685896453,141.40198403804226,143.91456060870382,24778000
2021-12-14,MSFT,318.81402587890625,324.931264787045,314.7067381676782,323.552449526195,44438700
2021-12-15,AAPL,175.9857940673828,176.18209424110503,169.12499291672836,171.87324027906917,131063300
2021-12-15,GOOG,146.49769592285156,146.64555967476227,141.8622552784733,143.51293533699058,27280000
2021-12-15,MSFT,324.94097900390625,325.4653205800536,315.0854612577218,319.0762058810178,35381100
2021-12-16,AAPL,169.0758819580078,177.7917457988914,167.59379870515536,175.96612607483445,150185800
2021-12-16,GOOG,143.982666015625,147.6737237538319,143.24107186426605,147.20202497443304,27400000
2021-12-16,MSFT,315.4738464355469,326.9897740911703,313.64838511563244,325.97021939286674,35034800
2021-12-17,AAPL,167.97657775878906,170.26351088458148,166.55338314622006,166.7889373031069,195432700
2021-12-17,GOOG,141.95916748046875,143.60648010271456,140.9501657464064,141.87118945828618,43404000
2021-12-17,MSFT,314.40576171875,315.4932926826738,308.04580502037743,311.5704946227537,47750300
2021-12-20,AAPL,166.61227416992188,167.42693392036205,164.3646100212536,165.1694450305174,107499100
2021-12-20,GOOG,141.56004333496094,141.76780797422234,139.42125222008215,139.84830965264146,20264000
2021-12-20,MSFT,310.628662109375,313.4348010040947,308.35655456831944,310.7645849713913,28326500
2021-12-21,AAPL,169.79237365722656,169.9984835275847,165.9938984450784,168.38879868844631,91185900
2021-12-21,GOOG,143.36831665039062,143.83707270047583,140.89749915699588,142.30413135427608,19548000
2021-12-21,MSFT,317.79449462890625,318.2217314826185,310.52177839106776,313.9105447822028,24740600
2021-12-22,AAPL,172.39337158203125,172.60930617734536,168.96787729885477,169.8414254429029,92135300
2021-12-22,GOOG,146.08067321777344,146.43257012165427,143.1123100548206,143.24850912805417,18438000
2021-12-22,MSFT,323.5330505371094,323.931129340318,316.2991817268589,318.7751880271797,24831500
2021-12-23,AAPL,173.02157592773438,173.58104703171455,172.03025052234963,172.59953139110942,68356600
2021-12-23,GOOG,146.27304077148438,147.69468983963722,146.08252283782883,146.22034496722327,13818000
2021-12-23,MSFT,324.97979736328125,326.6304879083412,323.0766702269499,323.0960793086828,19617800
2021-12-27,AAPL,176.99673461914062,177.085067441037,173.79699870871303,173.81661824019562,74919600
2021-12-27,GOOG,147.18905639648438,147.5494173471589,146.37987109216633,146.5921104499067,13256000
2021-12-27,MSFT,332.5146484375,332.54377687434004,325.6982978950834,325.7274263319234,19947000
2021-12-28,AAPL,175.9759063720703,177.97820636728795,175.22995998807548,176.82983503623868,79144300
2021-12-28,GOOG,145.58262634277344,147.49774093882593,145.07315777568607,147.49774093882593,18624000
2021-12-28,MSFT,331.3494567871094,333.8351822095749,330.4464455990182,333.19432695706956,15661500
2021-12-29,AAPL,176.06427001953125,177.29116449792193,174.84718530534158,176.0151912450478,62348900
2021-12-29,GOOG,145.6387939453125,146.31402522473104,144.64470302926233,145.56424016033347,17022000
2021-12-29,MSFT,332.0291442871094,334.31094090954093,329.8249839842297,331.3979787884627,15042000
2021-12-30,AAPL,174.90609741210938,177.2322998407697,174.79813008439314,176.1526265636074,59773000
2021-12-30,GOOG,145.1397705078125,146.1935045179873,144.89720903264833,145.5846207599631,12978000
2021-12-30,MSFT,329.4754638671875,333.1749236274577,328.98997014922884,331.99031777035117,15994500
2021-12-31,AAPL,174.28770446777344,175.9170087214449,173.98342209987004,174.79808171507432,64062300
2021-12-31,GOOG,143.8245849609375,145.50012633755858,143.82259787119236,144.6839785227724,17298000
2021-12-31,MSFT,326.56256103515625,329.5143420427695,326.1061956718715,328.6890262776758,18000800
2022-01-03,AAPL,178.6456298828125,179.49955854778523,174.42512523500616,174.54290230186947,104487900
2022-01-03,GOOG,144.21722412109375,144.68992389915405,142.6545223101215,143.62176468241535,25214000
2022-01-03,MSFT,325.0380554199219,328.1937646958434,320.2122465111482,325.62065382806765,28865100
2022-01-04,AAPL,176.3783721923828,179.55848852228598,175.80909127659353,179.25422104484065,99310400
2022-01-04,GOOG,143.56314086914062,145.7436761113686,142.96633134791006,144.69044268636807,22928000
2022-01-04,MSFT,319.464599609375,325.4750144685873,316.65843157459085,325.1157242107018,32674300
2022-01-05,AAPL,171.68670654296875,176.83966343060843,171.41188337376713,176.29001709220518,94537600
2022-01-05,GOOG,136.84011840820312,143.4453572463838,136.7108817152314,143.32904422270926,49642000
2022-01-05,MSFT,307.2009582519531,316.60982730031907,306.8125692690892,316.40589863776705,40054300
2022-01-06,AAPL,168.82066345214844,172.0596675486128,168.46731727841166,169.50772129643173,96904000
2022-01-06,GOOG,136.7382049560547,138.86059893208267,135.95536740096014,136.68502375765593,29050000
2022-01-06,MSFT,304.7735900878906,309.4537573925921,302.4529155197897,304.06475847821264,39646100
2022-01-07,AAPL,168.987548828125,170.92113587009246,167.86862157848182,169.69424129913546,86709100
2022-01-07,GOOG,136.19493103027344,137.43778738049954,134.9866136361773,137.0901073570235,19408000
2022-01-07,MSFT,304.92889404296875,307.3175147707154,301.0934819267639,305.0356884344486,32720000
2022-01-10,AAPL,169.00718688964844,169.31145435336728,165.06148967296951,165.95467253383114,106765600
2022-01-10,GOOG,137.75514221191406,137.82074650064365,132.35374772088127,134.30067064967187,34096000
2022-01-10,MSFT,305.1522216796875,305.5891778942772,295.8501747506654,300.5109027560878,44289500
2022-01-11,AAPL,171.84376525878906,171.94190783972073,167.66251389723809,169.13478740187807,76138300
2022-01-11,GOOG,139.19012451171875,139.5002773536226,136.0050624838201,137.36397394504374,23502000
2022-01-11,MSFT,305.84161376953125,307.4242982983215,300.89929159109613,304.28802804449435,29386800
2022-01-12,AAPL,172.2854461669922,173.90494104881037,171.58857842094562,172.8645368239584,74805200
2022-01-12,GOOG,140.8109893798828,141.9703576538726,140.2781611226026,140.71805122028033,23642000
2022-01-12,MSFT,309.0361328125,314.0270220084163,307.8806554969375,310.3955388064669,34372200
2022-01-13,AAPL,169.00718688964844,173.35529415174287,168.6145716326397,172.53082457713552,84505800
2022-01-13,GOOG,138.30886840820312,142.33941464195388,138.09315539886168,141.0023610647504,26566000
2022-01-13,MSFT,295.9570007324219,311.57049751795563,295.1802225260185,311.1723890567124,45366000
2022-01-14,AAPL,169.87091064453125,170.56777832766494,167.92749898971087,168.17287788763613,80440800
2022-01-14,GOOG,138.96047973632812,140.3661256554638,136.68749197690047,136.68749197690047,23826000
2022-01-14,MSFT,301.2003173828125,301.8023248577446,294.93743650779754,295.42293023044414,39846400
2022-01-18,AAPL,166.6613311767578,169.35067400164021,166.27854073936825,168.33971425733603,90956700
2022-01-18,GOOG,135.48513793945312,136.57962991935594,134.81562526522472,135.79281828482556,27382000
2022-01-18,MSFT,293.869384765625,300.8119400268569,292.9857825131498,295.2482001655353,42333200
2022-01-19,AAPL,163.15733337402344,167.91769000661554,162.87270044087128,166.85765136543813,94815000
2022-01-19,GOOG,134.8504180908203,137.5816957115338,134.6993234263459,136.12933029299188,20796000
2022-01-19,MSFT,294.52960205078125,304.8026655825984,293.91790486518016,297.40374615872065,45933900
2022-01-20,AAPL,161.46913146972656,166.54356549753263,161.14522951347425,163.8934762825247,91420500
2022-01-20,GOOG,132.7176055908203,137.09707564042736,132.35774514707785,135.70734144740595,21930000
2022-01-20,MSFT,292.8498840332031,302.6082981583536,292.40323800684445,300.10316303499457,35380700
2022-01-21,AAPL,159.40794372558594,163.25548287606637,159.2999764162496,161.38078458519854,122848900
2022-01-21,GOOG,129.3232879638672,133.96420481535543,129.23283744929668,132.22603200558916,41920000
2022-01-21,MSFT,287.44140625,295.28697160618094,287.033578493321,293.9081860566442,57984400
2022-01-24,AAPL,158.63253784179688,159.29997620135896,151.84045205683918,157.06212195335075,162294600
2022-01-24,GOOG,129.60162353515625,130.00573086313702,123.90544095069421,125.28279757028952,55148000
2022-01-24,MSFT,287.77154541015625,288.4900666398452,268.0410733422131,283.72254434338123,85731500
2022-01-25,AAPL,156.82655334472656,159.7514654895658,154.1175758189767,156.04133790955973,115798400
2022-01-25,GOOG,125.98660278320312,128.574225804288,125.6312171095519,127.67656185017108,36008000
2022-01-25,MSFT,280.12017822265625,286.4315970589494,276.8965221990427,283.0622692025946,72848600
2022-01-26,AAPL,156.7382049560547,161.35132458598716,154.9027758530205,160.47777643261003,108275300
2022-01-26,GOOG,128.476318359375,132.02272746800077,126.40214555315,129.82081967957424,39630000
2022-01-26,MSFT,288.1016540527344,299.5496034339811,284.5284276453755,299.05439039333135,90428900
2022-01-27,AAPL,156.27688598632812,160.81148242302393,155.35425909751854,159.44717659164758,121954600
2022-01-27,GOOG,128.3580322265625,131.8263688051209,128.18307729899968,130.5847864632732,30248000
2022-01-27,MSFT,291.140869140625,298.38442711334307,289.28627958272745,293.8790608207995,53481300
2022-01-28,AAPL,167.18153381347656,167.20116831659928,159.79072343360525,162.64693708008207,179935700
2022-01-28,GOOG,132.5018768310547,132.5823918794567,127.93402817889076,129.23181001689588,30518000
2022-01-28,MSFT,299.3166198730469,299.5302383109327,285.907284705517,291.519591338495,49743700
2022-01-31,AAPL,171.54928588867188,171.76522050687674,166.37669476906368,167.0146888598467,115541600
2022-01-31,GOOG,134.89666748046875,135.04081493159504,131.4924031259101,133.40503032363344,34056000
2022-01-31,MSFT,301.95770263671875,303.31707920676604,297.4814348645573,299.98659920210355,46444500
2022-02-01,AAPL,171.38246154785156,171.608205971386,169.1249723822828,170.7935461214453,86213900
2022-02-01,GOOG,137.0637664794922,137.38336939690126,133.7730850887602,137.0205358997762,51204000
2022-02-01,MSFT,299.8021545410156,301.61789669473416,296.27746465100137,301.4042782276972,40950400
2022-02-02,AAPL,172.5896759033203,172.62894490892336,170.12607747590963,171.5198276400682,84914300
2022-02-02,GOOG,147.16172790527344,151.2012230784532,144.6973728257203,150.96610943030302,89750000
2022-02-02,MSFT,304.3657531738281,305.9775960841271,299.9186431738477,300.6468838460328,36636000
2022-02-03,AAPL,169.70404052734375,172.98231399971922,168.93845956073986,171.25483696595504,89418100
2022-02-03,GOOG,141.8075714111328,148.23656534422494,141.36470825242586,144.43644571019777,56930000
2022-02-03,MSFT,292.50994873046875,302.20041346720024,291.2573667110929,300.510875273196,43730000
2022-02-04,AAPL,169.41903686523438,171.09957339010344,167.73850034036528,168.72126637937606,82465400
2022-02-04,GOOG,142.17091369628906,143.6811777133773,138.99131230553942,142.17189965682851,49224000
2022-02-04,MSFT,297.06390380859375,299.8409137013529,291.26710752758504,291.5001350340584,35096500
2022-02-07,AAPL,168.70162963867188,170.95215737367448,168.00385912062177,169.88094594072888,77251200
2022-02-07,GOOG,138.11700439453125,142.99649263948785,137.8794182479809,142.8598081750452,44610000
2022-02-07,MSFT,292.21875,298.9088396114751,291.19919517116006,297.2873068029251,28533300
2022-02-08,AAPL,171.8170166015625,172.32805922455944,168.4756025229789,168.77043538223953,74829200
2022-02-08,GOOG,138.390380859375,139.01079275423655,136.06421167709095,138.1699504137593,34256000
2022-02-08,MSFT,295.7239685058594,296.6949560645553,291.24773008372165,292.5100020571509,32421200
2022-02-09,AAPL,173.24200439453125,173.60562304759242,171.88578239754793,173.01597239364082,71285000
2022-02-09,GOOG,140.61715698242188,141.3353913696106,139.54751106306838,140.01746539852522,28628000
2022-02-09,MSFT,302.18096923828125,302.8800813256135,298.4718200284461,300.8798497264484,31284700
2022-02-10,AAPL,169.1537322998047,172.45582769774856,168.59356330152497,171.13892444273776,90865900
2022-02-10,GOOG,137.78347778320312,140.59527033535204,137.23425226691828,138.6756810433213,33018000
2022-02-10,MSFT,293.6071472167969,300.1515921967182,291.97589564951016,295.21898970549006,45386200
2022-02-11,AAPL,165.73365783691406,170.0971412814251,165.1439922378864,169.3600667805501,98670700
2022-02-11,GOOG,133.33741760253906,138.46021059960293,132.50088319121656,137.93011271800057,38808000
2022-02-11,MSFT,286.480224609375,295.46186100067564,285.6840075689062,294.3937685844606,39175600
2022-02-14,AAPL,165.9695281982422,166.65746140454794,163.68950386212114,164.4855419291192,86185500
2022-02-14,GOOG,134.50051879882812,135.36189952196264,132.51432383751728,132.57744048726042,26792000
2022-02-14,MSFT,286.4412841796875,288.1502314930245,282.89718608152816,285.2469590051826,36359500
2022-02-15,AAPL,169.81214904785156,169.96939522398472,167.31592973397568,168.02352253075418,62527400
2022-02-15,GOOG,135.61936950683594,137.0851440793716,134.73860329528816,136.6591787516753,26578000
2022-02-15,MSFT,291.7526550292969,292.0730679097554,288.40273584536635,291.3060090155031,27058300
2022-02-16,AAPL,169.5762939453125,170.35267256794222,167.11937868964532,168.8883606728898,61177400
2022-02-16,GOOG,136.67507934570312,137.13086615251848,134.02697134649486,135.6243184404278,25610000
2022-02-16,MSFT,291.4120788574219,292.7450776057495,285.7492393471848,290.3125894683754,29982100
2022-02-17,AAPL,165.9695281982422,168.9473080022522,165.56659053604196,168.08246911671398,69589300
2022-02-17,GOOG,131.5266876220703,136.0309044746901,131.42081062334907,135.34547984127784,30968000
2022-02-17,MSFT,282.8789367675781,288.78499572393093,282.1686395026327,288.356875412657,32461600
2022-02-18,AAPL,164.416748046875,167.6009001587836,163.32587723184227,166.89332246399607,82772700
2022-02-18,GOOG,129.69656372070312,133.03323640524778,129.53706563331934,132.25138482026347,31858000
2022-02-18,MSFT,280.1545104980469,285.92436510715385,278.5782629704892,285.13624134337505,34264000
2022-02-22,AAPL,161.4881134033203,163.81726398261975,159.35549802549073,162.13672755479107,91162800
2022-02-22,GOOG,128.6378631591797,131.12136155510387,126.98618185422266,129.21692544167854,38906000
2022-02-22,MSFT,279.9501953125,283.667044304482,276.8171494108671,277.30364703724825,41736100
2022-02-23,AAPL,157.31137084960938,163.28657531432245,156.9968785115613,162.68708741626082,90009200
2022-02-23,GOOG,126.83109283447266,130.9704814185206,126.7500772131455,130.30395690686797,26432000
2022-02-23,MSFT,272.70135498046875,283.8227127228963,272.5359624242188,282.34374100984417,37811200
2022-02-24,AAPL,159.93533325195312,160.04343810435978,149.38042173851366,149.95042777885615,141147500
2022-02-24,GOOG,131.8895263671875,132.2508885220446,124.0272715347534,124.26137650965106,43166000
2022-02-24,MSFT,286.6346435546875,287.18925792799297,264.1876378573289,265.1509232671374,56989700
2022-02-25,AAPL,162.00901794433594,162.27435402769208,158.09759757776467,161.0164144612621,91974200
2022-02-25,GOOG,133.72462463378906,134.58899355144914,130.98639964700195,132.73649490609128,26236000
2022-02-25,MSFT,289.2812194824219,289.5925850932438,283.7740627265268,287.169836388477,32546700
2022-02-28,AAPL,162.2743377685547,162.569170605232,159.63069449285575,160.249841950296,95056600
2022-02-28,GOOG,134.0939483642578,134.83901612104523,132.04040456284417,132.49693470954972,29676000
2022-02-28,MSFT,290.7212829589844,291.0618372631697,285.08763168422934,286.36225319102664,34627500
2022-03-01,AAPL,160.38743591308594,163.72884988791748,159.1786377230553,161.86158516779412,83474400
2022-03-01,GOOG,133.3751983642578,135.30671034991695,132.59035855736903,133.68535123203105,24640000
2022-03-01,MSFT,286.9849548339844,291.86938019669464,284.26055037516176,288.39578010076116,31217800
2022-03-02,AAPL,163.68951416015625,164.47573001503346,160.14172804891763,161.5569135885326,79724800
2022-03-02,GOOG,133.9552459716797,134.81413900016688,132.64403972742403,133.81284292430604,23966000
2022-03-02,MSFT,292.0834655761719,293.3288983898888,285.768735492575,287.3838815829672,31873000
2022-03-03,AAPL,163.36520385742188,165.9990247912093,162.69693011047048,165.56660530985462,76678400
2022-03-03,GOOG,133.51437377929688,135.90596537738094,132.64255705734567,135.17500450719206,19780000
2022-03-03,MSFT,287.92877197265625,294.9440595212997,286.1092458840399,294.71055015953465,27314500
2022-03-04,AAPL,160.35794067382812,162.69692876038988,159.30638875818744,161.65519910712737,83737200
2022-03-04,GOOG,131.34129333496094,133.40603151329802,129.63791732959402,132.59435834553437,24446000
2022-03-04,MSFT,282.03228759765625,287.6756758364565,279.41495863336144,286.34267757376296,32356500
2022-03-07,AAPL,156.55462646484375,162.17604917250483,156.2990977080652,160.54465401699207,96418800
2022-03-07,GOOG,125.71721649169922,131.12458075459915,125.66304175018959,131.12458075459915,39178000
2022-03-07,MSFT,271.37811279296875,281.86700055685185,271.0083698414943,280.73832248678326,43157200
2022-03-08,AAPL,154.7266845703125,160.0729341178279,153.1149488975309,156.08290647641851,131148300
2022-03-08,GOOG,126.52641296386719,130.47096830208625,125.11703537175774,125.50448755157188,35250000
2022-03-08,MSFT,268.4007568359375,276.2917343894087,262.70872844754865,270.29807983642723,48159500
2022-03-09,AAPL,160.14173889160156,160.59381791240634,156.66275336768058,158.69707147174915,91454900
2022-03-09,GOOG,133.07498168945312,133.40552119057426,129.319306053636,130.62354991233454,32258000
2022-03-09,MSFT,280.7090759277344,281.7793764366867,273.1975528468867,275.78572328000666,35204500
2022-03-10,AAPL,155.78805541992188,157.62582286314418,153.291821624197,157.43909494191072,105342000
2022-03-10,GOOG,131.89797973632812,132.74940976047176,130.62454342863884,130.68567298266956,24266000
2022-03-10,MSFT,277.877685546875,278.8604201652107,273.0029702694113,275.37708084695583,30628000
2022-03-11,AAPL,152.06341552734375,156.53500490118736,151.83738349184966,156.19103072019064,96970100
2022-03-11,GOOG,129.7045135498047,133.40700799513047,129.5265704129238,133.2076922659842,26600000
2022-03-11,MSFT,272.5066833496094,281.6917573984055,271.8839523731397,280.18359751733226,27209300
2022-03-14,AAPL,148.0242156982422,151.4638968278343,147.51318815597864,148.83991330847238,108732100
2022-03-14,GOOG,125.99207305908203,130.25175623890937,125.66601591330293,129.80143014536003,30254000
2022-03-14,MSFT,268.9747619628906,277.6927895548995,268.3715097649783,272.7694368315756,30660700
2022-03-15,AAPL,152.4171600341797,152.88889846379408,147.78834103669755,148.29936850838678,92964300
2022-03-15,GOOG,128.8943328857422,129.74600559818148,125.82010034497549,126.98666610021107,30292000
2022-03-15,MSFT,279.3955078125,280.04742752645456,271.2029065554589,272.7791537016927,34245100
2022-03-16,AAPL,156.83961486816406,157.24255250796213,151.79803572553402,154.34339594526026,102300200
2022-03-16,GOOG,132.90052795410156,132.98054244983442,128.4375544958061,130.22592018915392,32058000
2022-03-16,MSFT,286.4400939941406,286.6152260176592,275.5522744635128,281.3026504232545,37826300
2022-03-17,AAPL,157.8518524169922,158.22530825376825,154.91339200388822,155.87649837703879,75615400
2022-03-17,GOOG,133.80514526367188,133.9433314416803,131.93476273178302,132.53321051235014,23994000
2022-03-17,MSFT,287.24761962890625,287.6270722839405,281.5555922557569,285.36974617952256,30816600
2022-03-18,AAPL,161.1540069580078,161.64539008752615,157.00673214520708,157.74380683948462,123511700
2022-03-18,GOOG,135.9931182861328,136.10445597630317,132.14649210248274,133.09286246893078,45900000
2022-03-18,MSFT,292.3169250488281,292.87153940935485,284.82488022884814,287.3935719777553,43390600
2022-03-21,AAPL,162.5298614501953,163.48314576119236,160.20069560988745,160.6920786569655,95811400
2022-03-21,GOOG,135.6720428466797,136.76952314482,133.81607066402742,136.03886568571562,26632000
2022-03-21,MSFT,291.08123779296875,292.03478374650234,286.93626887864554,290.8185397874597,28351200
2022-03-22,AAPL,165.91058349609375,166.50023417031582,162.06796436975657,162.6576150439786,81532000
2022-03-22,GOOG,139.44859313964844,140.66387299735695,135.69341812112526,135.69341812112526,29776000
2022-03-22,MSFT,295.848876953125,296.76349468928294,290.7017247474621,291.70390847621564,27599700
2022-03-23,AAPL,167.276611328125,169.66472556538113,164.76071771343146,165.0948695579846,98062700
2022-03-23,GOOG,137.68508911132812,139.19759833556307,137.35009000171124,138.31634665924827,25302000
2022-03-23,MSFT,291.4023132324219,295.04133535066865,289.6801224754743,292.39478730715103,25715400
2022-03-24,AAPL,171.0701141357422,171.13889996970468,167.27663612578863,168.11197837145693,90131400
2022-03-24,GOOG,140.4769744873047,140.5609783262662,137.22371422121793,138.4495362215782,20544000
2022-03-24,MSFT,295.8878479003906,295.9851533596219,290.2639368009253,291.0617999957818,24484500
2022-03-25,AAPL,171.7089080810547,172.25925474224047,169.77285750778353,170.88338808927602,80546200
2022-03-25,GOOG,140.6852569580078,141.12067235947237,138.87401686594447,140.91638130819473,19270000
2022-03-25,MSFT,295.4791259765625,297.24998407193016,291.20769320087027,296.98728610134566,22566500
2022-03-28,AAPL,172.57376098632812,172.70151040277005,169.03579645749323,169.20286492193503,90371900
2022-03-28,GOOG,141.11122131347656,141.13756921617735,139.00191774072826,139.85319617911114,23774000
2022-03-28,MSFT,302.30963134765625,302.4069071163755,296.1116267591082,296.1116267591082,29578200
2022-03-29,AAPL,175.8758087158203,175.92493501881802,173.30095161685145,173.64492571274934,100589400
2022-03-29,GOOG,142.40353393554688,143.31064802893872,141.64205380775243,142.31456995177135,28678000
2022-03-29,MSFT,306.8924560546875,307.2913876972963,300.7041904069108,305.43296308129663,30393400
2022-03-30,AAPL,174.70632934570312,176.51461532464543,173.6547624474948,175.4728856845117,92633200
2022-03-30,GOOG,141.80160522460938,142.63266379077837,141.32791943749677,142.02576714858625,21046000
2022-03-30,MSFT,305.3842468261719,307.41783284188796,303.1658190479374,305.2869710648851,28163600
2022-03-31,AAPL,171.60079956054688,174.96185802360853,171.3944120690703,174.77513005413485,103049300
2022-03-31,GOOG,138.82431030273438,141.80160785686374,138.79398822299774,141.60676687926647,29516000
2022-03-31,MSFT,299.9841003417969,306.6296731361935,299.5754590506944,305.423139087264,33422100
2022-04-01,AAPL,171.30592346191406,171.86610722889807,168.97677305266367,171.03075020663627,78751300
2022-04-01,GOOG,139.86859130859375,140.11711404196674,137.97683638350753,139.18266613750447,23480000
2022-04-01,MSFT,301.0641784667969,301.7549967231003,297.2889524574944,301.0155108922393,27110500
2022-04-04,AAPL,175.36480712890625,175.413948439192,171.43374223920495,171.56150664678344,76468400
2022-04-04,GOOG,142.79371643066406,143.19259058526663,139.99235965601554,139.99235965601554,19076000
2022-04-04,MSFT,306.46429443359375,306.6004983188192,301.3463302614867,301.7160731825303,24289600
2022-04-05,AAPL,172.0430145263672,175.22718178273516,171.41404488266946,174.44096597915822,73401800
2022-04-05,GOOG,140.22946166992188,142.74152245690146,140.11066100037115,142.5521573447116,19256000
2022-04-05,MSFT,302.4847717285156,306.3670133210519,301.5020370122259,304.8102149635358,23156700
2022-04-06,AAPL,168.86871337890625,170.6376954902334,167.19801388325018,169.38957825115511,89058800
2022-04-06,GOOG,136.3654022216797,139.0221106421694,135.61199190144615,138.33917374293898,23574000
2022-04-06,MSFT,291.4120788574219,298.70954326954427,288.6974137819439,296.9484242335621,40110400
2022-04-07,AAPL,169.17337036132812,170.37234630580983,166.92284239749918,168.2102636995684,77594700
2022-04-07,GOOG,135.6586151123047,136.88781971126915,134.0603730646976,135.81071090323485,19448000
2022-04-07,MSFT,293.23150634765625,295.449933820053,288.3470820048968,288.6487080875969,31411200
2022-04-08,AAPL,167.15869140625,168.81956860456353,166.28403012969582,168.81956860456353,76575500
2022-04-08,GOOG,133.2186279296875,135.44489663094112,132.96215682426399,135.44489663094112,16434000
2022-04-08,MSFT,288.95037841796875,292.9883024570714,288.2790093714856,292.32667286424794,24361900
2022-04-11,AAPL,162.89349365234375,166.11696550956904,162.64780210837338,165.8024881311143,72246700
2022-04-11,GOOG,129.029541015625,132.15367135783882,128.8515978565431,132.11470315600764,24188000
2022-04-11,MSFT,277.5566101074219,284.7081008112232,277.303621862764,283.9102673434165,34569300
2022-04-12,AAPL,164.77056884765625,166.94247354315863,163.76814322121325,165.12436524547022,79265200
2022-04-12,GOOG,127.61592864990234,131.64099901258749,126.82214694383126,131.64099901258749,23004000
2022-04-12,MSFT,274.44305419921875,282.8886463462349,272.9154444392271,281.42915338423376,30966700
2022-04-13,AAPL,167.46334838867188,168.0923181339545,163.89591740962862,164.50522763279633,70618900
2022-04-13,GOOG,129.51612854003906,129.8836946382263,127.67964805664406,127.86643449330127,19542000
2022-04-13,MSFT,279.8528747558594,280.78694183396783,273.70353796361,275.0949436670491,21907200
2022-04-14,AAPL,162.44142150878906,168.31837428702366,162.1957299543893,167.67956724809082,75329400
2022-04-14,GOOG,126.50104522705078,129.93786841264472,126.36038658541187,129.87748212424134,23484000
2022-04-14,MSFT,272.27325439453125,280.5242650057642,271.7770469964598,280.31020485779595,28221600
2022-04-18,AAPL,162.22520446777344,163.72883537462482,160.75105534373716,161.09501447518673,69023900
2022-04-18,GOOG,127.20487213134766,127.95144148204578,125.83049617389247,126.6571331079475,14918000
2022-04-18,MSFT,272.94464111328125,274.8322544416231,270.82351840608015,271.378132874332,20778000
2022-04-19,AAPL,164.5150604248047,164.9278354365271,161.08521588941466,162.17608700137228,67723800
2022-04-19,GOOG,129.75967407226562,130.13021317203993,126.69836552028426,127.32016526023425,22720000
2022-04-19,MSFT,277.5955505371094,278.4420814007539,270.89162828042225,271.8354349204637,22297700
2022-04-20,AAPL,164.34796142578125,165.9695343967265,163.23744599263426,165.851592274227,67929800
2022-04-20,GOOG,127.48770141601562,131.14396208038195,127.13833004868799,130.50824498476922,22610000
2022-04-20,MSFT,278.6269226074219,281.87675307176863,277.66366675281404,281.58483666280904,22906700
2022-04-21,AAPL,163.55191040039062,168.5738450907259,163.0507051558019,165.99900305629262,87227800
2022-04-21,GOOG,124.19924926757812,129.53751329659462,123.9134496105383,128.58568204753007,30158000
2022-04-21,MSFT,273.226806640625,285.37950838337116,272.4970601687683,280.78696939941466,29454600
2022-04-22,AAPL,159.001708984375,164.97692823082195,158.71671343457257,163.59123952892807,84882400
2022-04-22,GOOG,118.90719604492188,124.71070418020723,118.43649845920615,124.26137160204784,46410000
2022-04-22,MSFT,266.6298522949219,275.55223063550807,265.99741140383605,274.0732590451422,29405800
2022-04-25,AAPL,160.0729217529297,160.35791727852174,155.7290980800687,158.34324409421413,96046400
2022-04-25,GOOG,122.52171325683594,122.54954768292053,118.06743906775837,118.72378545287056,34522000
2022-04-25,MSFT,273.1391906738281,273.5186433291978,263.45787737372405,265.909844074546,35678900
2022-04-26,AAPL,154.0977325439453,159.54225031873102,154.0191094538627,159.453804965821,95623200
2022-04-26,GOOG,118.7998275756836,122.02466183368244,118.45771443378308,122.02466183368244,49394000
2022-04-26,MSFT,262.9227294921875,270.8428939361238,262.70866938865123,270.0061324272249,46518400
2022-04-27,AAPL,153.8717041015625,157.03619732481974,152.7022099776654,153.2230748402012,88063200
2022-04-27,GOOG,114.34083557128906,116.80568384104316,112.45579277588722,113.69716260662287,62238000
2022-04-27,MSFT,275.57171630859375,283.11242950747317,271.6213579631091,274.4819663779026,63477700
2022-04-28,AAPL,160.81980895996094,161.68464773816672,156.19097503946796,156.50546732093093,130216800
2022-04-28,GOOG,118.70590209960938,119.72683402969932,114.46351813982226,116.422970857136,36790000
2022-04-28,MSFT,281.8086242675781,283.12217381828333,273.8592398616046,277.4885229014795,33646600
2022-04-29,AAPL,154.93309020996094,163.33574447827155,154.5399897161662,159.0508831142893,131747600
2022-04-29,GOOG,114.28715515136719,118.2570570694058,114.01626628089097,116.88322721564063,33694000
2022-04-29,MSFT,270.0256042480469,282.051839783159,269.03315988134744,280.81611693468443,37073900
2022-05-02,AAPL,155.2377471923828,155.50308325510557,150.6285715632027,154.00928950852122,123055300
2022-05-02,GOOG,116.46470642089844,116.64613074230022,112.72941013047,113.23341798358791,30280000
2022-05-02,MSFT,276.7879638671875,277.2452728288892,268.7607529412359,270.21050638231907,35151100
2022-05-03,AAPL,156.7315216064453,157.9403346152518,153.6259923615283,155.42444099254382,88966500
2022-05-03,GOOG,117.43147277832031,118.59505797941864,115.9378486408969,116.0750336827263,21216000
2022-05-03,MSFT,274.17059326171875,276.45713797873464,272.5846062943108,276.291715725394,25978600
2022-05-04,AAPL,163.1588592529297,163.610923336445,156.51534971483846,156.91828748184096,108256500
2022-05-04,GOOG,121.85070037841797,122.41534485095637,115.05460282921109,117.30621832059788,33232000
2022-05-04,MSFT,282.14910888671875,283.02479847315897,269.2569247667406,274.9586613775118,33599300
2022-05-05,AAPL,154.06822204589844,161.25223873479916,152.2795808204663,161.02620676532553,130525300
2022-05-05,GOOG,116.056640625,120.51688366538662,114.50188694475641,119.51011171603027,43090000
2022-05-05,MSFT,269.8602294921875,278.6171864490343,266.93150438582455,277.8290626983947,43260400
2022-05-06,AAPL,154.79656982421875,156.92246733373918,151.7455123790077,153.54661873975235,116124600
2022-05-06,GOOG,114.9765625,116.80419209141893,113.46852064889941,114.83638924506234,35310000
2022-05-06,MSFT,267.31097412109375,271.70890160605785,263.9443894488529,267.3888006696829,37780300
2022-05-09,AAPL,149.65899658203125,153.36947314118723,149.0980045924118,152.48367497430928,131577900
2022-05-09,GOOG,112.41577911376953,114.88002824847455,111.88642447652438,112.63397976872888,34520000
2022-05-09,MSFT,257.43505859375,265.0049601103205,256.20910482547714,262.7670830134219,47726000
2022-05-10,AAPL,152.07029724121094,154.2650965784608,150.5152434800802,153.0643590542694,115366700
2022-05-10,GOOG,113.90741729736328,116.00146860352808,112.71331287311651,115.3548074063751,31158000
2022-05-10,MSFT,262.2221984863281,266.35742796153,257.9118370068413,264.3530602854969,39336400
2022-05-11,AAPL,144.18675231933594,152.99542804107662,143.50764507620434,151.0762217134339,142689800
2022-05-11,GOOG,113.28760528564453,115.98159104000317,112.97844595144338,113.03858955030056,36502000
2022-05-11,MSFT,253.5138702392578,264.03194526036896,252.29762632198359,258.50534002670406,48975900
2022-05-12,AAPL,140.30899047851562,143.8915146679824,136.60836588189918,140.515681208882,182602000
2022-05-12,GOOG,112.4923324584961,114.17780934616736,109.46283959083891,111.27655961493353,41464000
2022-05-12,MSFT,248.454345703125,252.8620130453764,243.268279183141,250.73115104944105,51033800
2022-05-13,AAPL,144.78712463378906,145.7614978791984,140.8502848803236,142.3069113841073,113990900
2022-05-13,GOOG,115.8270034790039,117.38722535514589,113.32636485785677,114.1668658788513,29738000
2022-05-13,MSFT,254.06849670410156,255.93666051521544,248.4543252039647,250.40031556437413,34925100
2022-05-16,AAPL,143.241943359375,145.1906903336651,141.90341691040302,143.251795072628,86643800
2022-05-16,GOOG,114.11418914794922,115.91845907171286,113.65938828938384,114.70219327968579,23282000
2022-05-16,MSFT,254.43826293945312,258.6416096295485,248.8727288109359,252.9398419104595,32550900
2022-05-17,AAPL,146.88352966308594,147.40515984638031,144.3639390388605,146.50952499662762,78336300
2022-05-17,GOOG,116.01190185546875,116.53479465205461,114.6559634132662,116.53479465205461,21576000
2022-05-17,MSFT,259.6145935058594,261.083796106576,255.37231887699087,258.9237455156358,28828800
2022-05-18,AAPL,138.59646606445312,145.0331931657119,137.69097960525806,144.5312514480339,109742900
2022-05-18,GOOG,111.73682403564453,115.01200319885785,111.47935179564423,114.556565234559,27982000
2022-05-18,MSFT,247.79444885253906,257.0789426921481,246.51685864201255,256.49377982747023,31356000
2022-05-19,AAPL,135.1812286376953,139.4231706799626,134.44307125165295,137.67127835185013,136095600
2022-05-19,GOOG,110.09110260009766,112.91631205056015,109.8152459903367,111.18013401425071,29192000
2022-05-19,MSFT,246.87767028808594,251.29561812245223,245.6488462809221,247.6188635950773,32692300
2022-05-20,AAPL,135.41746520996094,138.47835924778758,130.51610307514665,136.89378037255537,137426100
2022-05-20,GOOG,108.66707611083984,111.88494828449988,105.74444606025004,111.4231925770686,37586000
2022-05-20,MSFT,246.31201171875,252.1440854849092,240.3434168359691,250.87622783351006,39199300
2022-05-23,AAPL,140.8502960205078,140.99792151579808,135.47650272414663,135.61429152570187,117726300
2022-05-23,GOOG,111.00665283203125,111.3436541523698,108.50925264821525,109.45338573014226,31558000
2022-05-23,MSFT,254.20184326171875,255.03082129109555,247.16045572428612,249.16950643437147,33175400
2022-05-24,AAPL,138.14370727539062,139.72828587372672,135.16155236949282,138.58659874320531,104132700
2022-05-24,GOOG,105.30008697509766,105.76630983475373,101.60405428859403,105.74891900612944,60386000
2022-05-24,MSFT,253.19732666015625,254.8650151016496,247.22873243787518,251.51014370776437,29043900
2022-05-25,AAPL,138.30120849609375,139.55114451962976,136.15562265268915,136.2441979580696,92482700
2022-05-25,GOOG,105.21409606933594,105.91512924502375,103.595467258005,104.52071546498996,37900000
2022-05-25,MSFT,256.025634765625,258.03467104715224,250.7689908290444,251.7540144546174,28547900
2022-05-26,AAPL,141.50973510742188,142.0608903922334,134.97458026863987,135.22063280777752,90601500
2022-05-26,GOOG,107.65608215332031,108.3114426251618,104.8646758153819,105.4238520318838,30288000
2022-05-26,MSFT,259.3219909667969,260.5020488847592,254.96257147531688,255.7817874502951,25002100
2022-05-27,AAPL,147.2772216796875,147.31658348195631,142.96637596520458,143.09432810382737,90978500
2022-05-27,GOOG,112.13247680664062,112.20106174556621,108.9026745290475,109.13976014121312,29924000
2022-05-27,MSFT,266.4804382324219,266.5779703332974,260.9409601490681,261.83821380945676,26910800
2022-05-31,AAPL,146.4898223876953,148.28109191355486,144.5214022588055,146.71620151537235,103718400
2022-05-31,GOOG,113.3651351928711,115.74548661443383,111.90730153497336,112.4108088255903,51302000
2022-05-31,MSFT,265.144287109375,267.97253895075033,262.2770164821384,265.7879631443274,37827700
2022-06-01,AAPL,146.36187744140625,149.3440325752995,145.34812731297455,147.5330747402819,74286600
2022-06-01,GOOG,113.46255493164062,116.70528050311043,112.87951855150612,114.25236240254193,28630000
2022-06-01,MSFT,265.6806945800781,270.82031088052713,263.35956794032285,268.3919197845776,25292200
2022-06-02,AAPL,148.82240295410156,148.8814531521364,144.5410833823405,145.49576829817823,72348100
2022-06-02,GOOG,117.05023956298828,117.20134181776399,112.63846024267922,113.51326516537404,27472000
2022-06-02,MSFT,267.7872619628906,267.8555374038793,255.12838804622388,257.9078889871532,44008200
2022-06-03,AAPL,143.08444213867188,145.63354221228246,142.17897081970852,144.58043039547144,88570300
2022-06-03,GOOG,113.88703918457031,115.67689891825559,112.99632998741049,115.30709544464487,25052000
2022-06-03,MSFT,263.340087890625,266.685257307547,261.7699312309948,263.62292204667295,28059000
2022-06-06,AAPL,143.83245849609375,146.2240967666152,142.61203260738884,144.70840485443364,71598400
2022-06-06,GOOG,116.31907653808594,118.69296619932041,115.83972526569295,116.05266240987449,23786000
2022-06-06,MSFT,262.1015319824219,267.39719486233105,260.60938305596625,265.32964521392137,22400300
2022-06-07,AAPL,146.36187744140625,146.64729173693155,141.82466868695218,142.07072118986648,67808200
2022-06-07,GOOG,116.53679656982422,117.05287872002953,114.44523270166347,114.96464436519712,26414000
2022-06-07,MSFT,265.75872802734375,266.3731474633337,259.3610157079516,260.04371058407725,22860700
2022-06-08,AAPL,145.6237030029297,147.50353249308398,145.13159805431155,146.23390833350376,53950200
2022-06-08,GOOG,116.54522705078125,117.94491176035996,116.00717323148218,116.18586719757477,22544000
2022-06-08,MSFT,263.7204895019531,266.2464134425861,262.94026237421866,264.9883176609168,17372300
2022-06-09,AAPL,140.3877410888672,145.6138948019082,140.279477367108,144.75763674117547,69473000
2022-06-09,GOOG,114.23894500732422,117.65066441699251,114.18824388035739,115.65403355939578,23142000
2022-06-09,MSFT,258.23944091796875,265.9634935362594,258.0833955427108,261.1554626014085,26439700
2022-06-10,AAPL,134.96473693847656,138.53740941897706,134.89583502233484,138.06499277205677,91437900
2022-06-10,GOOG,110.76905822753906,112.82633304360085,110.20590793430019,112.11481086560961,31324000
2022-06-10,MSFT,246.73141479492188,254.13363120368044,246.28278795250426,254.13363120368044,31422800
2022-06-13,AAPL,129.797607421875,133.06517650587148,129.36455265966853,130.7719656189882,122207100
2022-06-13,GOOG,106.2449722290039,108.57312867305414,105.95822453757917,106.81110324430225,36756000
2022-06-13,MSFT,236.26683044433594,242.85960728455794,235.55489376186938,239.04633149317976,46135800
2022-06-14,AAPL,130.66371154785156,131.77587363104502,129.40392397478837,131.02787945261767,84784300
2022-06-14,GOOG,106.56059265136719,107.81662307075402,105.72356516388288,106.25838813294797,25480000
2022-06-14,MSFT,238.44166564941406,239.66074240251308,235.53537595548423,237.8272462038336,28651500
2022-06-15,AAPL,133.2915496826172,135.1713943388265,130.07319387777778,132.16955091202541,91533000
2022-06-15,GOOG,109.73820495605469,111.40082275284821,107.4798773414125,108.25601036706308,33192000
2022-06-15,MSFT,245.5317840576172,248.9842174568016,240.32389219111246,242.16713548684422,33111700
2022-06-16,AAPL,128.00634765625,130.29955871287268,127.00244927117835,129.99445602178534,108123900
2022-06-16,GOOG,106.00588989257812,108.64469973039624,105.16737589016577,107.51044304751402,35314000
2022-06-16,MSFT,238.9097900390625,241.29917752971096,237.0080332559467,239.89479871100755,33169200
2022-06-17,AAPL,129.482666015625,130.97866943008026,127.76029850473763,128.01620271778103,134520300
2022-06-17,GOOG,107.2281265258789,108.60394358565159,105.00439090100241,105.90549066610362,43516000
2022-06-17,MSFT,241.52346801757812,244.30296882499619,237.99302668320328,238.64645000368492,43084800
2022-06-21,AAPL,133.72459411621094,134.8958062983936,131.21487088907804,131.31328286822668,81000500
2022-06-21,GOOG,111.35309600830078,112.00720499494881,108.64768091356845,109.05376772987194,39010000
2022-06-21,MSFT,247.4628448486328,248.4478535525514,243.33747821445448,244.06892429949633,29928300
2022-06-22,AAPL,133.2128448486328,135.5847798082292,131.7955798825567,132.6616745701608,73409200
2022-06-22,GOOG,111.37198638916016,113.0972354252785,110.07002540960514,110.50613853835225,23922000
2022-06-22,MSFT,246.86790466308594,250.80796876085086,244.17617387437548,245.6585752593677,25939900
2022-06-23,AAPL,136.08673095703125,136.40167037101077,133.48841696582116,134.65962935518908,72433800
2022-06-23,GOOG,112.0186538696289,112.52762951554983,110.37293384089382,112.28258036983605,24710000
2022-06-23,MSFT,252.45619201660156,252.9535849340357,247.35559312848585,249.24760292750972,25861400
2022-06-24,AAPL,139.42318725585938,139.66923974712645,137.56303102259437,137.69096810591373,89116800
2022-06-24,GOOG,117.83756256103516,117.9364695808953,112.93171825205874,112.93171825205874,39122000
2022-06-24,MSFT,261.0774841308594,261.3505561275913,255.24541034605122,255.33318029900627,33923200
2022-06-27,AAPL,139.42318725585938,141.22429329407663,138.74407997710588,140.44675901167543,70207900
2022-06-27,GOOG,115.9333724975586,118.54534896569031,115.31529655417452,118.23220788106516,32840000
2022-06-27,MSFT,258.33697509765625,261.66258987589396,256.7667889581559,261.57481993208773,24615100
2022-06-28,AAPL,135.26983642578125,141.15540852649434,135.1517360213465,139.88578412525837,67083400
2022-06-28,GOOG,111.90631866455078,117.16008570211035,111.77956963395134,115.66348089962362,28232000
2022-06-28,MSFT,250.13507080078125,260.3070407191202,249.97902539515218,257.4495317749188,27295500
2022-06-29,AAPL,137.0315704345703,138.44883540642064,134.51199493699397,135.2895293397043,66242400
2022-06-29,GOOG,111.59317779541016,112.99285508690053,110.89482946707541,111.48581426735888,18628000
2022-06-29,MSFT,253.82151794433594,255.4892064501138,249.43282717010936,251.21755715232027,20069800
2022-06-30,AAPL,134.56118774414062,136.18512818079344,131.65777134820112,135.0828178246583,98964500
2022-06-30,GOOG,108.72621154785156,110.67195166524392,106.67589893432358,109.84655097229052,38046000
2022-06-30,MSFT,250.47637939453125,253.109597154514,246.6436091264857,250.69093809914182,31730900
2022-07-01,AAPL,136.73631286621094,136.84457658654097,133.51795639594204,133.89194605156405,71051600
2022-07-01,GOOG,108.43643951416016,109.15750283649945,106.47211779969619,107.69683254827201,31028000
2022-07-01,MSFT,253.15835571289062,253.34365777058395,248.3113199662267,250.04729904912202,22837700
2022-07-05,AAPL,139.32476806640625,139.3739815709903,134.76787086684834,135.59461869744254,73353800
2022-07-05,GOOG,113.21403503417969,113.37865252445056,105.6216609884287,106.87919299530923,36398000
2022-07-05,MSFT,256.3474426269531,256.4742313599345,248.43807276622766,249.822942047915,22941000
2022-07-06,AAPL,140.66329956054688,141.84434862551257,138.85235665974255,139.11809758016227,74064300
2022-07-06,GOOG,114.53270721435547,115.6644762658774,111.5872180572882,113.4178360113629,28852000
2022-07-06,MSFT,259.6242980957031,261.3602619908229,255.90855498444893,257.22516367045046,23824400
2022-07-07,AAPL,144.03912353515625,144.2359625097589,141.01759196163377,141.02742865411602,66253700
2022-07-07,GOOG,118.60101318359375,119.1537275023178,114.8512990111028,115.3225047291445,32184000
2022-07-07,MSFT,261.7601318359375,262.4038078774227,258.4637438186101,258.5612759029467,20859900
2022-07-08,AAPL,144.71823120117188,145.22018791054785,142.7104494172261,142.96633860975416,64547800
2022-07-08,GOOG,119.45842742919922,119.72334746336793,116.81961001126759,116.85540038175834,29082000
2022-07-08,MSFT,261.0384521484375,261.4675695162726,256.7765648822066,258.2394568827498,19658800
2022-07-11,AAPL,142.58248901367188,144.32454481016836,141.50970378477396,143.36985996820178,63141600
2022-07-11,GOOG,115.8339614868164,118.09253927396414,115.54766129175992,117.94889240399752,26718000
2022-07-11,MSFT,257.9664306640625,259.936448193075,255.69405468636,259.0782133051506,19455200
2022-07-12,AAPL,143.55686950683594,146.10596977247354,142.7596618190989,143.4584425008562,77588800
2022-07-12,GOOG,114.17086029052734,117.15313338032395,113.93774127207165,116.14810577152547,24970000
2022-07-12,MSFT,247.39456176757812,259.36102351623987,245.80488089647312,259.3025102122522,35868500
2022-07-13,AAPL,143.1927032470703,144.1375363377061,139.87590568375293,140.73217850583993,71185600
2022-07-13,GOOG,111.52409362792969,114.47654537959926,111.16224604859903,111.97342625919032,38958000
2022-07-13,MSFT,246.46807861328125,247.27754741494883,241.9721226645982,244.00066829745631,29497400
2022-07-14,AAPL,146.12567138671875,146.5980880188513,140.9880935814835,141.80498974783282,78140700
2022-07-14,GOOG,110.78150177001953,111.32576719092742,108.67949444113427,110.17112389859389,32366000
2022-07-14,MSFT,247.79444885253906,248.82822368300143,239.8558206729032,244.37128627371013,25102800
2022-07-15,AAPL,147.79879760742188,148.47790483542687,145.85990291969932,147.4149563504431,76259900
2022-07-15,GOOG,112.10065460205078,113.32687103031594,111.16173950432604,112.29549558253132,34330000
2022-07-15,MSFT,250.36911010742188,253.92880829772642,248.46735333614538,249.39384869842797,29774100
2022-07-18,AAPL,144.74777221679688,149.17671722622794,144.38360430388153,148.3598211223461,81420900
2022-07-18,GOOG,109.26053619384766,114.12164016526683,108.65414012847693,112.7696759130611,33354000
2022-07-18,MSFT,247.96023559570312,254.38720528898997,247.03374014987685,253.3241738288452,20975000
2022-07-19,AAPL,148.61572265625,148.8420867705286,144.59030701772662,145.58435379595355,82982400
2022-07-19,GOOG,113.94270324707031,114.13157536332211,109.84704595269017,111.06978111351413,30992300
2022-07-19,MSFT,253.10960388183594,253.29490593904364,247.40431842531214,251.20783214212213,25012600
2022-07-20,AAPL,150.6234893798828,151.29275997844778,147.99565052411046,148.73380801228873,64823400
2022-07-20,GOOG,114.02223205566406,115.64260520252455,112.59074620577128,113.38601443697566,26780100
2022-07-20,MSFT,255.78175354003906,258.3174387050595,252.5048900745562,253.47038917374115,22788300
2022-07-21,AAPL,152.89703369140625,153.11356109876007,149.54087389527504,152.06044916137068,65086600
2022-07-21,GOOG,114.36022186279297,114.52921550119818,111.24871997230143,114.40992185886465,27267800
2022-07-21,MSFT,258.2882080078125,258.3369889320587,250.6714193737388,253.36315017839348,22404700
2022-07-22,AAPL,151.65692138671875,153.8123437761435,150.98766576840873,152.93639744167695,66675400
2022-07-22,GOOG,107.71969604492188,112.51121412482748,106.96418479863995,111.14930679175916,44455300
2022-07-22,MSFT,253.91905212402344,258.7661026310825,252.66098630595368,258.6783326737253,21881300
2022-07-25,AAPL,150.534912109375,152.5919073451431,149.87549323073483,151.5781722761147,53623900
2022-07-25,GOOG,107.5705795288086,109.926577783052,106.37767343651258,108.23661863726868,28289900
2022-07-25,MSFT,252.42691040039062,255.03087159212205,250.45689296726155,254.5432408625004,21056000
2022-07-26,AAPL,149.20623779296875,150.67270104012428,148.41886681163666,149.8558049610543,55138700
2022-07-26,GOOG,104.81695556640625,107.10336027436098,104.14097339529087,106.79519449692872,36626600
2022-07-26,MSFT,245.6683807373047,253.45097869196266,243.39603440059386,253.4314544127071,39348000
2022-07-27,AAPL,154.31431579589844,154.84579773162048,149.75743263008687,150.17079912572828,78620700
2022-07-27,GOOG,112.9287338256836,113.72400964351094,107.77934224524782,108.95236990517141,41474600
2022-07-27,MSFT,262.0917053222656,263.3692952105454,252.44638679633113,254.6992379588771,45994000
2022-07-28,AAPL,154.86544799804688,155.1508622874104,151.97186822338708,154.50128008945563,81378700
2022-07-28,GOOG,113.91287994384766,114.02223055665141,111.19006637052111,112.13346379217685,23303800
2022-07-28,MSFT,269.5720520019531,270.96666889298774,261.2433099265288,263.0768064256388,33459300
2022-07-29,AAPL,159.9439697265625,161.04629519406532,156.98150288420325,158.69403377664,101786900
2022-07-29,GOOG,115.95076751708984,116.2092332870638,112.56092132973974,112.7299149705907,31336200
2022-07-29,MSFT,273.79486083984375,275.02369966023457,269.78655099255263,270.83008777613486,32152800
2022-08-01,AAPL,158.95974731445312,161.00690586019908,158.34954193697632,158.46764232800993,67829400
2022-08-01,GOOG,114.79762268066406,116.4279311813269,114.01228994441729,114.84732267603452,22856200
2022-08-01,MSFT,271.1324462890625,274.3215405283766,269.0161158388109,270.9471442318351,21539600
2022-08-02,AAPL,157.4834442138672,159.84555733737668,157.10945460814798,157.57203453166576,59907000
2022-08-02,GOOG,115.21514892578125,116.38817661433515,113.58484028532499,113.75383393583647,17911000
2022-08-02,MSFT,268.0213317871094,271.01539127951946,265.6416917082196,269.1721330389586,22754200
2022-08-03,AAPL,163.50680541992188,163.95953359141228,158.2117510307237,158.30032632281717,82507500
2022-08-03,GOOG,118.07813262939453,118.71435028885128,115.46367592207423,115.65254806252021,25302800
2022-08-03,MSFT,275.4820861816406,276.4866042234115,269.76703895640605,269.91335197508243,23518900
2022-08-04,AAPL,163.19186401367188,164.55007867195602,161.83364935538773,163.3887030177202,55474100
2022-08-04,GOOG,118.16759490966797,118.79386948286545,117.01444575790005,117.60096336697156,15757700
2022-08-04,MSFT,276.6329040527344,276.779187317559,273.2390132583336,274.8286644195843,18098700
2022-08-05,AAPL,162.96517944335938,163.45796799318663,160.64906724368603,160.85604505164724,56697000
2022-08-05,GOOG,117.52143859863281,118.15765622845093,116.02035907313424,116.2390603054428,15615700
2022-08-05,MSFT,275.9112243652344,276.6329083245919,271.78585765777035,272.24423173637746,16774600
2022-08-08,AAPL,162.49208068847656,165.3896795729415,161.8317458807269,163.97044623861484,60276900
2022-08-08,GOOG,117.44190216064453,120.14583071057679,117.13373639854451,118.41611461160703,17061100
2022-08-08,MSFT,273.3853454589844,278.84681650343725,272.4100838354258,277.0230522667795,18739200
2022-08-09,AAPL,162.54136657714844,163.4283949524473,160.89545469517256,161.65435324056202,63135500
2022-08-09,GOOG,116.80567932128906,117.50153990905295,115.87123145973904,117.29278173272378,15424300
2022-08-09,MSFT,275.3162841796875,276.0769868890981,270.74230578508485,272.72211501979655,23405200
2022-08-10,AAPL,166.79905700683594,166.89760568367572,164.49279539585413,165.26154425327755,70170500
2022-08-10,GOOG,119.93708038330078,121.06040048029249,118.65470208621515,118.88333876845964,20497000
2022-08-10,MSFT,282.0065612792969,282.6404751722234,279.8414800012585,281.041062115649,24687800
2022-08-11,AAPL,166.05990600585938,168.52384897861626,165.76422984138568,167.6072543726192,57149200
2022-08-11,GOOG,119.11197662353516,121.61708246567179,118.84357540571452,121.35862428089992,16671600
2022-08-11,MSFT,279.9195251464844,284.00587292244074,279.42216205536863,283.6547930934179,20065900
2022-08-12,AAPL,169.61781311035156,169.68679568241564,166.9567430947443,167.37069868197673,68039400
2022-08-12,GOOG,121.92525482177734,121.92525482177734,119.68855021569452,120.44406145068983,16121100
2022-08-12,MSFT,284.68853759765625,284.68853759765625,279.84148761091336,281.34339838835007,22619700
2022-08-15,AAPL,170.69212341308594,170.8892358519702,168.8786649134066,169.04621123839397,54091700
2022-08-15,GOOG,122.15389251708984,122.5316519299202,120.85163580691027,121.48785340457907,15525000
2022-08-15,MSFT,286.21002197265625,286.9024493727757,282.9331275311968,283.80112463831415,18085700
2022-08-16,AAPL,170.53439331054688,171.2045935150572,169.18415758381616,170.28799905158363,56377100
2022-08-16,GOOG,121.78608703613281,122.4998390749537,120.81684985583003,121.59720732457711,15626200
2022-08-16,MSFT,285.4687805175781,286.7658949577714,283.23545314932466,284.76659105891446,18102900
2022-08-17,AAPL,172.03250122070312,173.60941569871042,170.08106259876365,170.27817502867526,79542000
2022-08-17,GOOG,119.60902404785156,121.42821232555606,119.48973040225529,120.21542014041974,17589200
2022-08-17,MSFT,284.7161865234375,286.70016804395624,282.9081174942072,283.17198623113995,18253400
2022-08-18,AAPL,171.63824462890625,172.37742744821887,170.62310142681395,171.2440198074247,62290100
2022-08-18,GOOG,120.14584350585938,120.97094088795332,118.84358667255614,119.51956888202992,15652000
2022-08-18,MSFT,283.59228515625,285.29283236609757,282.52696760957303,283.6118210483233,17186200
2022-08-19,AAPL,169.0461883544922,171.23417071896347,168.83921054651765,170.53440436112984,70346300
2022-08-19,GOOG,117.42202758789062,119.29091587288002,116.97468210278002,119.16168677770345,20187000
2022-08-19,MSFT,279.66339111328125,282.6931246022663,279.0867691313895,282.3510526263538,20570000
2022-08-22,AAPL,165.1531524658203,167.41011727933045,164.7293465168106,167.242570986512,69026800
2022-08-22,GOOG,114.39004516601562,115.81159552605992,113.9924072696646,115.41395762970889,19316000
2022-08-22,MSFT,271.45379638671875,276.057018930121,270.93581193768017,275.68562822594475,25061100
2022-08-23,AAPL,164.8180694580078,166.2767345287208,164.24643288251994,164.67023889482752,54147100
2022-08-23,GOOG,114.0918197631836,115.24496895385242,113.62460336797713,113.6444818507107,14390700
2022-08-23,MSFT,270.1735534667969,272.5386792676636,269.1571202381185,270.1735534667969,17527400
2022-08-24,AAPL,165.11373901367188,165.68537556627746,163.85220146265053,164.90677623350408,53841500
2022-08-24,GOOG,114.02223205566406,115.03322846494311,113.10767017683851,113.77370931135414,16051200
2022-08-24,MSFT,269.5382385253906,270.9455981450401,268.8736304974872,269.1668478166237,18137000
2022-08-25,AAPL,167.57766723632812,167.68608131507673,165.92190498494463,166.34569590450855,51218200
2022-08-25,GOOG,117.00450897216797,117.08403807329059,114.37017386021598,114.46958144446299,14874700
2022-08-25,MSFT,272.52886962890625,272.6949992661562,268.2970079213942,271.0433067972825,16583400
2022-08-26,AAPL,161.26014709472656,168.58299398508154,161.20101486509154,168.1099211092857,78961000
2022-08-26,GOOG,110.64231872558594,115.91099587461143,110.5627896344136,115.12566316398578,31698700
2022-08-26,MSFT,262.0127868652344,273.9850972197535,261.90529472128685,272.7536500390362,27549300
2022-08-29,AAPL,159.0524444580078,160.55051089039753,157.514946518142,158.82575088680454,73314000
2022-08-29,GOOG,109.68799591064453,111.2984260406055,109.16112890080579,110.12539837208607,20386100
2022-08-29,MSFT,259.2176208496094,261.3384133088157,257.86889873044487,259.82356155223977,20338500
2022-08-30,AAPL,156.61807250976562,160.21542318351743,155.44523326516241,159.79163221679283,77906200
2022-08-30,GOOG,109.26053619384766,110.71190802076902,108.15709467058693,110.37391316556169,20548200
2022-08-30,MSFT,257.0088195800781,260.9963182604333,254.75118660669278,260.6249574108069,22767100
2022-08-31,AAPL,154.95242309570312,158.26396254446672,154.87357512802876,157.99785253340468,87991100
2022-08-31,GOOG,108.5050277709961,111.10954118351219,108.40562019371819,110.97036905846073,25898000
2022-08-31,MSFT,255.54281616210938,261.05494918379725,255.40597546375537,259.37396798082597,24791800
2022-09-01,AAPL,155.68177795410156,156.13513503517575,152.43922061054926,154.3808088580502,74229900
2022-09-01,GOOG,109.89676666259766,110.56280583405275,107.55071121945157,108.5547377014435,22784400
2022-09-01,MSFT,254.4971160888672,254.97602880437722,249.6202414585825,253.0018000901067,23263400
2022-09-02,AAPL,153.56277465820312,158.04715373707748,152.7348934543625,157.44595106884975,76957800
2022-09-02,GOOG,108.03781127929688,111.01511658485083,107.49105819002568,110.68208942227768,20618100
2022-09-02,MSFT,250.25552368164062,258.7387546952369,248.70157003802373,255.76768814650936,22855400
2022-09-06,AAPL,152.3012237548828,154.82429865337028,151.47334262357523,154.21324568103077,73714800
2022-09-06,GOOG,106.84490203857422,108.23662334535277,105.88063257294029,107.49603041802682,20565100
2022-09-06,MSFT,247.50921630859375,251.98538170723285,246.22891435758206,250.39235632621703,21328200
2022-09-07,AAPL,153.7106170654297,154.410368411757,151.3945047755551,152.587059729615,87449600
2022-09-07,GOOG,109.8271713256836,110.3341522487061,106.97909529757035,107.12324273231538,22987200
2022-09-07,MSFT,252.23948669433594,252.9627024699416,247.4798869965814,248.92633346068814,24126700
2022-09-08,AAPL,152.2322235107422,154.10481371497846,150.47788269033725,152.40962014455553,84923800
2022-09-08,GOOG,108.77342987060547,109.92657901245869,107.42146557258339,108.5348501663404,21660700
2022-09-08,MSFT,252.65972900390625,254.52643575066966,249.01428667930554,251.67264446903263,20319900
2022-09-09,AAPL,155.10028076171875,155.54380253729465,152.51807328330133,153.2276900777651,68028800
2022-09-09,GOOG,111.11949157714844,111.3381928122339,109.35001079772971,109.39971838181732,21732900
2022-09-09,MSFT,258.465087890625,259.2176522567017,254.38963211583717,254.59486338577113,22084700
2022-09-12,AAPL,161.07284545898438,161.89087619174813,157.00242258515337,157.28823330445064,104956000
2022-09-12,GOOG,111.2089614868164,111.97440820998962,110.27451353171385,111.32824755134024,19732900
2022-09-12,MSFT,260.60540771484375,261.3872907179251,259.1491934961734,259.75513418244464,18747700
2022-09-13,AAPL,151.62118530273438,158.2245492067868,151.15796283866058,157.59378043168627,122656600
2022-09-13,GOOG,104.6877212524414,108.72373588787141,104.37955546803956,108.24656886863431,33015000
2022-09-13,MSFT,246.2777557373047,254.4971018407067,245.88681421229336,252.97246717539824,33353300
2022-09-14,AAPL,153.07000732421875,154.83419910445642,151.39452892998074,152.55750291983105,87965400
2022-09-14,GOOG,105.24441528320312,105.47305196247501,103.88250790377725,104.81695585639882,22115800
2022-09-14,MSFT,246.5025634765625,248.4669945133989,244.19606043381268,247.782865414468,23913000
2022-09-15,AAPL,150.17237854003906,153.0009950551444,149.19666683175186,152.41949313430064,90481100
2022-09-15,GOOG,103.28604888916016,105.58239650481758,102.69953129806431,104.38949042548404,26494900
2022-09-15,MSFT,239.81759643554688,245.7011210386076,238.48842506446817,244.1080809128041,31530900
2022-09-16,AAPL,148.52647399902344,149.167108171916,146.23007742711988,149.0291279719984,162278800
2022-09-16,GOOG,103.01764678955078,103.41528470328637,101.25314134587622,102.36155067855258,64540100
2022-09-16,MSFT,239.19212341308594,239.739426682432,236.57286716463537,238.72299354259306,39791800
2022-09-19,AAPL,152.251953125,152.33080110123336,146.94955831205283,147.15652109079085,81474200
2022-09-19,GOOG,103.2363510131836,103.40534466651727,101.76510054933011,101.93409420266377,19738600
2022-09-19,MSFT,238.9770965576172,239.58303730028243,235.3902918321884,236.97356405032403,26826900
2022-09-20,AAPL,154.6370391845703,155.80002796923935,150.8721425262803,151.18751937449895,107689800
2022-09-20,GOOG,101.22828674316406,102.5603650215464,100.52248305448668,102.27207772600568,24001700
2022-09-20,MSFT,236.95399475097656,237.9899636480547,234.20769590531634,236.58261896005214,26660300
2022-09-21,AAPL,151.50291442871094,156.4505157277147,151.38464998799563,155.07069875161233,101696800
2022-09-21,GOOG,99.41903686523438,102.87846908338176,99.39915079925322,101.63585541047871,26596800
2022-09-21,MSFT,233.5333709716797,242.0459353368341,233.48450141158338,238.73278197769002,28625600
2022-09-22,AAPL,150.5370635986328,152.24210790592508,148.73345555804372,150.18225521296424,86652500
2022-09-22,GOOG,99.9757308959961,101.07917250533927,98.82258928757378,98.86234625311214,21272700
2022-09-22,MSFT,235.51731872558594,238.3320379551584,232.18462995525593,232.47781744759155,31061200
2022-09-23,AAPL,148.26036071777344,149.28536935652284,146.41733629369975,149.00940896271652,96029900
2022-09-23,GOOG,98.58399963378906,99.51844757218151,97.43085805290954,99.46873998997725,25657000
2022-09-23,MSFT,232.52670288085938,235.66394347915048,229.86836007424546,234.10997509917544,34176000
2022-09-26,AAPL,148.59547424316406,151.55220575538115,147.48176722784044,147.50148298209515,93339400
2022-09-26,GOOG,98.22612762451172,99.84650078111234,97.7986681983567,98.02731246159361,22437900
2022-09-26,MSFT,232.06739807128906,235.9767246841148,231.529862679446,231.6764713751655,27694200
2022-09-27,AAPL,149.5711669921875,152.48848166353116,147.78727494625255,150.5370433245279,84442700
2022-09-27,GOOG,97.5103759765625,99.86637421810214,96.76480777681967,99.31962875554454,24225000
2022-09-27,MSFT,231.0509490966797,236.3187654128993,229.18424230732046,234.540014881578,27018700
2022-09-28,AAPL,147.6788787841797,148.46734352386844,142.75099295951767,145.5106120290712,146691400
2022-09-28,GOOG,100.14472198486328,100.8008256641617,97.22209969650464,97.44079333862526,24617000
2022-09-28,MSFT,235.60531616210938,236.83674850593616,229.40902300524974,231.44187435188914,29029700
2022-09-29,AAPL,140.42501831054688,144.60387054853373,138.65097655674526,143.99281757061257,128138200
2022-09-29,GOOG,97.5103759765625,98.71323267967543,95.94965351513999,98.71323267967543,21921500
2022-09-29,MSFT,232.11622619628906,234.51068533657707,229.09627550613527,233.47471635519574,27484200
2022-09-30,AAPL,136.2067413330078,141.03607776050177,136.00962893649438,139.2423203631924,124925300
2022-09-30,GOOG,95.58184814453125,98.90609010297804,95.46255449795088,97.15251369510125,26277800
2022-09-30,MSFT,227.6204833984375,235.08729490470347,227.45433884538363,232.88829919380572,35694800
2022-10-03,AAPL,140.3954315185547,141.00649944516783,135.70409071736117,136.2165949348949,114311700
2022-10-03,GOOG,98.71324157714844,99.3792807420503,96.44670767481522,96.64553042992125,24840000
2022-10-03,MSFT,235.2827911376953,236.13306477222778,229.34061381655428,230.0736124429844,28880400
2022-10-04,AAPL,143.9927978515625,144.111062272716,142.17932484118148,142.93822330057475,87830100
2022-10-04,GOOG,101.80487060546875,102.11303641166063,100.44296310271055,100.44296310271055,22580900
2022-10-04,MSFT,243.23828125,244.6847277702556,239.42667925234394,239.5341863194985,34888400
2022-10-05,AAPL,144.28846740722656,145.25434369926734,140.94736196435568,141.99208622138215,79471000
2022-10-05,GOOG,101.61598205566406,102.13290603257495,99.15063306714234,100.0950240567834,18475500
2022-10-05,MSFT,243.55099487304688,244.8997170490285,238.56661341523102,240.4137692631259,20347100
2022-10-06,AAPL,143.3324737548828,145.41204208560697,143.12551098076761,143.7069978739473,68402200
2022-10-06,GOOG,101.63585662841797,103.11705760497279,100.90023144885146,100.90023144885146,17156200
2022-10-06,MSFT,241.1956329345703,244.66516272217248,240.50173592478694,242.3097902416394,20239900
2022-10-07,AAPL,138.06948852539062,141.03608513942643,137.43871980031912,140.4841493461153,85925600
2022-10-07,GOOG,98.98165130615234,100.82071833882893,98.62377790057803,100.0552715228753,24249900
2022-10-07,MSFT,228.93016052246094,235.8496700753668,227.88440854692678,235.43917767792007,37769600
2022-10-10,AAPL,138.3947296142578,139.84352910239818,136.57142106787293,138.3947296142578,74899000
2022-10-10,GOOG,98.12671661376953,99.39915181432656,97.291683857521,99.25997968828514,16529900
2022-10-10,MSFT,224.05325317382812,229.2428812102426,221.59037354348214,227.7671159691032,29743600
2022-10-11,AAPL,136.9755096435547,139.31133774176766,136.22647641502994,137.88223882715224,77033700
2022-10-11,GOOG,97.47062683105469,99.52839492401542,96.67535098715258,97.66944199987395,21617700
2022-10-11,MSFT,220.30029296875,223.86754691341076,219.02975905938624,222.46018719306292,30474000
2022-10-12,AAPL,136.3447265625,138.33559643003326,136.1673299106835,137.1233408598166,70433700
2022-10-12,GOOG,97.7191390991211,99.05917321576437,97.09285697434572,97.68931000111753,17343400
2022-10-12,MSFT,220.63258361816406,222.69475365624942,218.8831668147149,220.29051163189263,21903900
2022-10-13,AAPL,140.9276885986328,141.51902589270472,132.43200294708785,133.04307103462438,113224000
2022-10-13,GOOG,99.12081909179688,99.9359734609905,94.70705234019032,95.36315608296985,32812200
2022-10-13,MSFT,228.93016052246094,230.74799790426584,214.1626793744842,214.8663593231117,42551800
2022-10-14,AAPL,136.38417053222656,142.43561361849277,136.19690846794037,142.22863580040965,88598000
2022-10-14,GOOG,96.60576629638672,100.69148102364304,96.45665112549094,100.03040958064474,22624800
2022-10-14,MSFT,223.37889099121094,231.86213638380053,223.16387686265688,230.20066086081096,30198600
2022-10-17,AAPL,140.3560333251953,140.83895646188824,138.24689900930798,139.03536366842837,85250900
2022-10-17,GOOG,100.18448638916016,101.16863432237577,98.9219941988179,98.931929647778,23311600
2022-10-17,MSFT,232.14552307128906,233.5431147088631,229.80970165377823,230.4742947513858,28142300
2022-10-18,AAPL,141.6767120361328,144.58416155365336,138.58200045824861,143.39162165141138,99136600
2022-10-18,GOOG,100.79088592529297,103.60416527670132,100.05526070859364,103.32582101007522,21610500
2022-10-18,MSFT,233.09356689453125,238.4004698757012,230.03451447301313,237.7261236555429,26329600
2022-10-19,AAPL,141.78512573242188,142.85940118883795,139.45916311704835,139.6464251768979,61758300
2022-10-19,GOOG,99.6973876953125,101.05829397181759,99.04625930122145,100.10496106308563,21573700
2022-10-19,MSFT,231.1193389892578,234.17839122462001,228.97898071038742,231.6666422196203,19985700
2022-10-20,AAPL,141.32191467285156,143.78585768272674,140.59258212799125,140.95725591977873,64522000
2022-10-20,GOOG,99.93596649169922,102.39137246229471,99.37927796160263,100.22425379030277,25125100
2022-10-20,MSFT,230.79685974121094,235.8398945591158,229.54587644089463,230.42548386051837,21811000
2022-10-21,AAPL,145.14596557617188,145.71760218486398,140.5925884624425,140.80941666017796,86548600
2022-10-21,GOOG,100.8803482055664,101.01952032528565,97.64955276979063,97.87818943033868,28988700
2022-10-21,MSFT,236.63148498535156,237.4915414301466,229.18422413732256,229.41878905305603,26299700
2022-10-24,AAPL,147.2944793701172,148.06322822559991,143.89424173414176,145.06708076816867,75981900
2022-10-24,GOOG,102.36154174804688,102.49077083540362,99.70732085072058,101.48673689728821,24680800
2022-10-24,MSFT,241.6452178955078,242.22183991219995,235.8300983443022,238.23432552805727,24911200
2022-10-25,AAPL,150.14280700683594,150.2906525903393,147.20579155352908,147.92525860269856,74732300
2022-10-25,GOOG,104.3099594116211,104.47895304595981,102.41124213447219,102.68959395988578,29910200
2022-10-25,MSFT,244.97792053222656,245.349296366253,240.25740753672832,241.654984441584,34775500
2022-10-26,AAPL,147.19593811035156,149.79786091510002,145.90481954516318,148.78271775892205,88194300
2022-10-26,GOOG,94.25970458984375,97.95772417712367,94.0111818496697,96.18824348057431,71504300
2022-10-26,MSFT,226.07630920410156,232.8980782788824,224.84486208169866,225.92970054468063,82543200
2022-10-27,AAPL,142.71157836914062,146.900281375259,142.0512434645865,145.934419951747,109180200
2022-10-27,GOOG,92.05282592773438,94.60763951780264,91.35696525507474,93.75272064321365,54036500
2022-10-27,MSFT,221.60989379882812,228.39257606565786,220.66188115272115,225.80263892137532,40424600
2022-10-28,AAPL,153.49378967285156,155.2284000306861,145.68802050452555,146.06252959255997,164762400
2022-10-28,GOOG,96.00930786132812,96.28765211989767,91.7774588332333,91.98323639245696,35696900
2022-10-28,MSFT,230.52317810058594,231.23664083896048,220.92579044336952,221.11148581601782,40647700
2022-10-31,AAPL,151.12838745117188,152.01541585586838,149.72886978727786,150.95099079346033,97943200
2022-10-31,GOOG,94.10065460205078,95.78066317940127,93.82230276039353,95.21403163143104,29868700
2022-10-31,MSFT,226.86795043945312,229.59469857735252,225.91015489730142,228.4609905353531,28357300
2022-11-01,AAPL,148.47718811035156,153.20796132588728,146.97912170575748,152.84330260142488,80379300
2022-11-01,GOOG,89.9652328491211,95.59675910830232,89.89564678454398,95.02515224955759,43220600
2022-11-01,MSFT,222.99771118164062,230.39611728444083,222.1767563573702,229.28196004781836,30592300
2022-11-02,AAPL,142.93826293945312,149.97528368505897,142.90869682596562,146.80172383520585,93604600
2022-11-02,GOOG,86.55549621582031,90.76050415009433,86.49585318752099,90.37280929752511,43553600
2022-11-02,MSFT,215.11068725585938,226.05679799638708,215.05203483408113,224.25851146382894,38407000
2022-11-03,AAPL,136.876953125,140.74041357111363,136.74882328898968,140.01108109963562,97918500
2022-11-03,GOOG,82.99665069580078,86.03857413828553,82.95688614796893,85.83478367476428,48510400
2022-11-03,MSFT,209.39329528808594,215.4136615228386,209.12941158048986,215.10090825266596,36633900
2022-11-04,AAPL,136.61041259765625,140.8455457973991,132.6615642734104,140.27296098274414,140814800
2022-11-04,GOOG,86.18767547607422,86.21750457302379,83.38433952341862,85.004712496997,40173300
2022-11-04,MSFT,216.37144470214844,216.5669080417143,208.5918785190936,212.61849489605527,36789100
2022-11-07,AAPL,137.14349365234375,137.37054820183675,133.93505454893932,135.35664228494105,83374600
2022-11-07,GOOG,88.12617492675781,88.41446224735331,86.44615859044069,86.82391046692118,26899900
2022-11-07,MSFT,222.7045135498047,223.23228088594615,216.2639028499617,216.95781474366044,33498000
2022-11-08,AAPL,137.71607971191406,139.62139172038218,135.73178893253106,138.61444628445304,89908500
2022-11-08,GOOG,88.38462829589844,89.8707893834512,87.13207159951143,88.63315102859282,30172000
2022-11-08,MSFT,223.6818389892578,226.3988191640624,220.72052595763344,223.51569443616765,28192500
2022-11-09,AAPL,133.14527893066406,136.77822695953947,132.86886077303504,136.72886334632145,74917800
2022-11-09,GOOG,86.88355255126953,88.96119904423114,86.84378800223472,88.02178337818125,26743900
2022-11-09,MSFT,219.42068481445312,223.44730064563345,219.2447723065567,222.21585343877905,27852900
2022-11-10,AAPL,144.9918212890625,144.9918212890625,137.71607368602153,139.43382798502273,118854000
2022-11-10,GOOG,93.61354064941406,93.99130005512545,91.10843485384147,91.79435243521661,42371200
2022-11-10,MSFT,237.47201538085938,237.8140873878515,229.67291380266073,230.09315921015215,46268000
2022-11-11,AAPL,147.78564453125,148.09167786414133,142.5238023668343,143.955271925704,93979700
2022-11-11,GOOG,96.1584243774414,96.78469896803817,93.6036108477354,94.1503563392465,30569100
2022-11-11,MSFT,241.5084228515625,242.36847946936342,236.44583718709444,237.481821255308,34620200
2022-11-14,AAPL,146.38380432128906,148.35822845841318,145.544668037547,147.0649830587826,73374100
2022-11-14,GOOG,95.46255493164062,96.60576106754816,94.5509736913473,94.93568792939676,24170100
2022-11-14,MSFT,236.07443237304688,238.38093536393862,233.7874801882267,236.50446062924806,31123300
2022-11-15,AAPL,148.12130737304688,151.6259135896167,146.66023757913166,150.2734377369584,89868300
2022-11-15,GOOG,98.13666534423828,99.82661702103063,96.44670608313345,98.08695776020396,31831000
2022-11-15,MSFT,236.48489379882812,241.40086983358165,234.58886838654172,240.09124926054272,31390100
2022-11-16,AAPL,146.8872833251953,147.9534742124063,145.4064651591236,147.22294689122086,64218300
2022-11-16,GOOG,98.40505981445312,99.2599786277516,97.32349142239796,97.44079039124588,24660200
2022-11-16,MSFT,236.91612243652344,238.94490710262616,235.63221250615155,237.9550109311779,24093300
2022-11-17,AAPL,148.79261779785156,149.5428936157141,144.28105100101916,144.5574692004244,80389400
2022-11-17,GOOG,97.91796112060547,98.89217361402969,96.52623223756181,96.60576133586426,21818700
2022-11-17,MSFT,236.8671417236328,238.40588369087442,232.89780598377683,233.04481287972584,23123500
2022-11-18,AAPL,149.3553009033203,150.74727347635653,148.05218886107582,150.36226138845927,74829600
2022-11-18,GOOG,97.22209930419922,98.57406362186285,96.16835772512151,98.4249484604138,24969900
2022-11-18,MSFT,236.41627502441406,238.8860951891015,234.26988493706006,238.6606647093436,27613500
2022-11-21,AAPL,146.11727905273438,148.44710055496702,145.83099412951367,148.23979441903631,58724100
2022-11-21,GOOG,95.26374053955078,98.13666286819996,95.10468234210404,96.98351368964796,18696900
2022-11-21,MSFT,237.22975158691406,239.7975713884962,236.38687726926875,236.62208827098848,26394700
2022-11-22,AAPL,148.2594757080078,148.49641198659964,145.0510370374103,146.23570336671128,51804100
2022-11-22,GOOG,96.75487518310547,96.97158173421056,93.85213139335804,95.5917905774228,18868900
2022-11-22,MSFT,240.15042114257812,240.42484396877305,235.91645828491195,238.7390952050486,19665700
2022-11-23,AAPL,149.13815307617188,149.8884289191742,147.4302651381728,147.53885908183943,58301400
2022-11-23,GOOG,98.23606872558594,98.48359792160794,96.76481076227063,96.76481076227063,17568900
2022-11-23,MSFT,242.64962768554688,243.3356847079872,239.40554630056928,240.2288147274977,19508500
2022-11-25,AAPL,146.2159881591797,146.97614571181424,145.23864273436385,146.41342757107319,35195900
2022-11-25,GOOG,97.02326965332031,98.3553553939661,96.95368359417319,97.88315615227667,8567800
2022-11-25,MSFT,242.5614471435547,243.7473426215973,241.81657234254652,242.385023917818,9200800
2022-11-28,AAPL,142.375732421875,144.7647839323927,141.54647786060335,143.2839657599813,69246000
2022-11-28,GOOG,95.68125915527344,97.25192476216124,95.32338578701261,96.62564257554855,19974500
2022-11-28,MSFT,236.94549560546875,241.7381137193723,236.0046217790753,241.1794726889987,24778200
2022-11-29,AAPL,139.36473083496094,142.95818228893546,138.55522474324414,142.4448277773216,83763800
2022-11-29,GOOG,94.87603759765625,95.82042091569336,93.8322391225107,95.43272607276766,20220000
2022-11-29,MSFT,235.5440216064453,237.95502429454882,233.46624450045002,236.59270563364998,17956300
2022-11-30,AAPL,146.13699340820312,146.81817210889182,138.75265175216816,139.59177292691083,111380900
2022-11-30,GOOG,100.85053253173828,100.85053253173828,94.11059652360346,94.55794204022814,39888100
2022-11-30,MSFT,250.05906677246094,250.24528544964286,235.0833583607036,235.7792257930801,47594200
2022-12-01,AAPL,146.4134063720703,147.22292742638413,144.735149018476,146.31469421224674,71250400
2022-12-01,GOOG,100.6815414428711,101.98379830577873,100.07514528892641,100.8008351005417,21771500
2022-12-01,MSFT,249.6180419921875,251.01955743594272,245.92311452831746,248.81436449904433,26041500
2022-12-02,AAPL,145.91981506347656,146.10738776877085,143.7874333564375,144.09348175456344,65447400
2022-12-02,GOOG,100.23419189453125,100.55230069384423,98.58399728388066,98.7828200236463,18821500
2022-12-02,MSFT,249.9414825439453,250.96076518615746,244.71762348466754,244.84503942303994,21528500
2022-12-05,AAPL,144.75491333007812,148.99004656094093,143.90591033158032,145.8803345082114,68826400
2022-12-05,GOOG,99.27986907958984,101.14875739496252,98.76791283072396,99.22519377222007,19955500
2022-12-05,MSFT,245.2174835205078,248.76540456584152,243.1201003411884,246.99143656571283,23435300
2022-12-06,AAPL,141.08245849609375,145.41631820372012,140.10511327657744,145.1892636809204,64727200
2022-12-06,GOOG,96.73499298095703,99.61785840371837,96.18824748042576,99.08104835250246,20877600
2022-12-06,MSFT,240.23861694335938,246.84440035606815,238.925305612841,245.82511774482512,22463700
2022-12-07,AAPL,139.13768005371094,141.53659829976584,138.20969824104947,140.37169521657745,69721100
2022-12-07,GOOG,94.58776092529297,96.7349935586676,94.46349954929661,96.19818350424582,26647900
2022-12-07,MSFT,239.50355529785156,241.25791720433986,237.386581396251,239.9544013330992,20481500
2022-12-08,AAPL,140.8258056640625,141.68469046865562,139.2956388988772,140.5395207716393,62128300
2022-12-08,GOOG,93.39484405517578,95.30350449100071,93.2457364763953,95.12456781215188,25593200
2022-12-08,MSFT,242.47320556640625,243.78653182088883,238.21963705324325,239.96418847025336,22611800
2022-12-09,AAPL,140.3420867919922,143.70848393310538,139.09818980739163,140.51977775341376,76097000
2022-12-09,GOOG,92.52005004882812,93.93165746357889,92.47034246457545,93.34514740782241,21885300
2022-12-09,MSFT,240.5326385498047,243.36508571705198,239.29773591127204,239.8269756263799,20609700
2022-12-12,AAPL,142.64227294921875,142.65213964669184,139.25612782207975,140.87515496362036,70462700
2022-12-12,GOOG,93.00714874267578,93.32028982526109,91.35696167602616,92.53992477320315,27380900
2022-12-12,MSFT,247.48143005371094,247.51083142776253,242.24777610364137,242.52219889806983,30665100
2022-12-13,AAPL,143.6097412109375,148.05219553159674,142.39547458111565,147.5882046530128,93886200
2022-12-13,GOOG,95.28361511230469,99.21027887713507,94.81639115686684,97.49049821329331,34788500
2022-12-13,MSFT,251.8036346435547,258.6642346372592,248.03029866504872,256.4786327288644,42196900
2022-12-14,AAPL,141.37864685058594,144.78452547159364,139.35485909896488,143.49128007302596,82291200
2022-12-14,GOOG,94.74681091308594,96.64552836616242,93.38491109517632,94.97545518049729,26452900
2022-12-14,MSFT,252.09767150878906,257.36072748667533,249.2456182321453,252.00946737567781,35410900
2022-12-15,AAPL,134.75445556640625,139.98668286120417,134.29046466082826,139.3055040822211,98931900
2022-12-15,GOOG,90.66109466552734,93.47437396919305,89.89564794529555,92.98727151086372,28298800
2022-12-15,MSFT,244.05117797851562,249.1378260548112,242.4144363643477,248.66738902290587,35560400
2022-12-16,AAPL,132.78990173339844,135.8897473019235,132.01987745650547,134.94203206743774,160156900
2022-12-16,GOOG,90.32310485839844,91.20784520239056,89.47812906275914,90.6610921429293,48485500
2022-12-16,MSFT,239.81716918945312,244.86460449647427,238.66066030201907,243.6003005401741,86102000
2022-12-19,AAPL,130.67726135253906,133.47107341378072,129.64070069453433,133.38222793972224,79592600
2022-12-19,GOOG,88.62320709228516,90.66108892901849,88.39953815200259,90.34298013778485,23020500
2022-12-19,MSFT,235.66162109375,240.32683894372457,233.95628142011975,239.98380294125394,29696400
2022-12-20,AAPL,130.60816955566406,131.54601807895426,128.22898467531743,129.70980289008992,77432800
2022-12-20,GOOG,89.10037231445312,89.24948747916476,87.51977128772188,88.205696494808,21976800
2022-12-20,MSFT,236.98472595214844,238.07262168056403,233.6720314907725,234.6325112922364,25150800
2022-12-21,AAPL,133.7178955078125,135.06050476290937,131.05242546033497,131.27948005874936,85928000
2022-12-21,GOOG,89.71670532226562,90.37777669265238,88.38462713301966,89.19978138215974,20336400
2022-12-21,MSFT,239.56236267089844,240.72866715475755,235.32839983113104,236.87693717521168,23690600
2022-12-22,AAPL,130.53904724121094,132.8392531621343,128.63373518479884,132.63194706396897,77852100
2022-12-22,GOOG,87.73847961425781,88.65304157479994,86.42627971042822,88.4045188082844,23656100
2022-12-22,MSFT,233.44664001464844,237.1709690603081,229.21266216360232,236.4554956559447,28651700
2022-12-23,AAPL,130.17381286621094,130.7266493371687,127.98220038229682,129.24583090553293,63814900
2022-12-23,GOOG,89.27931213378906,89.56759943988278,87.10225795599098,87.10225795599098,17815000
2022-12-23,MSFT,233.97586059570312,234.11307199880326,229.2812565600642,231.40804078557704,21207000
2022-12-27,AAPL,128.36717224121094,129.72952959065904,127.07392696075074,129.69991443642402,69007800
2022-12-27,GOOG,87.4104232788086,88.97114586945901,87.01776066486214,88.78226614957175,15470900
2022-12-27,MSFT,232.24114990234375,234.1719052708598,231.13364810480823,233.94648971244112,16688600
2022-12-28,AAPL,124.42821502685547,129.35440133807893,124.2603907760934,128.01179226832107,85438400
2022-12-28,GOOG,85.94911193847656,87.99693709035492,85.8596473837539,86.98296754860033,17879600
2022-12-28,MSFT,229.85952758789062,234.946175417895,229.5066960923145,232.17253073557336,17457100
2022-12-29,AAPL,127.9525375366211,128.81140708653544,126.09658183872801,126.35325151497662,75703700
2022-12-29,GOOG,88.42439270019531,88.836941381303,86.47597522202183,86.5157397727167,18280700
2022-12-29,MSFT,236.21047973632812,237.10236142790907,230.95721910641578,230.95721910641578,19770700
2022-12-30,AAPL,128.26846313476562,128.28821159493137,125.80044037402875,126.76791156272077,77034200
2022-12-30,GOOG,88.20569610595703,88.30510368722244,86.51573688719586,86.84875645580675,19190300
2022-12-30,MSFT,235.044189453125,235.18140087026654,231.94711466058996,233.46625067853594,21938500
2023-01-03,AAPL,123.47061157226562,129.22605213593528,122.58211921528644,128.6139854814398,112117500
2023-01-03,GOOG,89.16996002197266,91.00903444675865,88.49397783590368,89.29919670644814,20738500
2023-01-03,MSFT,234.80894470214844,240.85607195731004,232.6723500003931,238.23924481140818,25740000
2023-01-04,AAPL,124.7441177368164,127.01470850998557,123.48048749262259,125.26733892869382,89113600
2023-01-04,GOOG,88.1858139038086,90.70086298317432,87.28119501504297,90.47222629467524,27046500
2023-01-04,MSFT,224.53765869140625,228.2325713228783,221.46018993339348,227.65432430054253,50623400
2023-01-05,AAPL,123.4212646484375,126.13609817024776,123.16459490202124,125.50428297135478,80962700
2023-01-05,GOOG,86.25727081298828,87.68876424810608,86.04851261775232,87.54959211794878,23136100
2023-01-05,MSFT,217.88287353515625,223.01852855170435,217.3438233498918,222.67549253701173,39585600
2023-01-06,AAPL,127.96240997314453,128.62384018148796,123.29290160052527,124.39858171183529,87754700
2023-01-06,GOOG,87.6390609741211,87.94722673876367,85.06436149382064,86.84378518782233,26612600
2023-01-06,MSFT,220.45069885253906,221.26417188709627,214.9818330743018,218.55914037652232,43613600
2023-01-09,AAPL,128.4856719970703,131.70399366511808,128.22900222762775,128.8015871566894,70790800
2023-01-09,GOOG,88.2752685546875,90.29327172191343,88.0565673590512,88.66793109462643,22996700
2023-01-09,MSFT,222.59707641601562,226.63503997806498,221.9012238905733,221.9404207414047,27369800
2023-01-10,AAPL,129.05824279785156,129.5814640429866,126.48161843097465,128.59425187274505,63896200
2023-01-10,GOOG,88.71267700195312,88.94628898918339,86.18768500063301,86.20757106746366,22855600
2023-01-10,MSFT,224.29263305664062,226.70363566114452,222.8028985080936,223.22432820821962,27033900
2023-01-11,AAPL,131.78294372558594,131.8026771210122,128.7916923794983,129.57158328133335,69458900
2023-01-11,GOOG,91.71483612060547,91.90370824984832,89.209722598814,89.52783140967345,25998800
2023-01-11,MSFT,231.07479858398438,231.2512068231541,226.50759585204494,226.68400409121466,28669300
2023-01-12,AAPL,131.70396423339844,132.5430854442494,129.75915527463124,132.16795510561155,71379600
2023-01-12,GOOG,91.36690521240234,92.07270889499591,90.03481936118983,91.8540076668631,22754200
2023-01-12,MSFT,233.76023864746094,235.12255719396836,228.90881734615303,230.57496007171358,27269500
2023-01-13,AAPL,133.03668212890625,133.19463966232263,129.97633400317605,130.3415976184994,57809700
2023-01-13,GOOG,92.25164794921875,92.43058463281527,90.39269504653898,90.98716104056172,18630700
2023-01-13,MSFT,234.46591186523438,234.60312327325482,230.2417446380463,232.2803248107226,21333300
2023-01-17,AAPL,134.20162963867188,135.53435707802646,132.41477795673228,133.1058234879157,63646600
2023-01-17,GOOG,91.61543273925781,92.42064404459133,90.30322530195482,92.23176432237723,22935800
2023-01-17,MSFT,235.56362915039062,236.11247480825548,232.36853985579916,233.2310201495425,29831300
2023-01-18,AAPL,133.48094177246094,136.83745656269951,133.30323577852656,135.0703537024429,69672800
2023-01-18,GOOG,91.23766326904297,93.03497831450937,90.85991145043725,92.39081237475276,19641600
2023-01-18,MSFT,231.11404418945312,237.5532154662232,230.82982587029858,236.75934831263203,30028700
2023-01-19,AAPL,133.54019165039062,134.50765533885576,132.0593734264766,132.36540678256628,58280400
2023-01-19,GOOG,93.35508728027344,93.84218973534244,90.84003073791773,90.84997377129406,28707700
2023-01-19,MSFT,227.31129455566406,230.82981397653035,226.08618729413027,229.12445928470314,28623000
2023-01-20,AAPL,136.10694885253906,136.25503972906995,132.50363014524083,133.55007272593946,80223600
2023-01-20,GOOG,98.693359375,98.83253151686887,95.34327735161123,95.38303431987698,53704800
2023-01-20,MSFT,235.4362030029297,235.94585178667532,229.8399067203441,230.18294271909866,35389800
2023-01-23,AAPL,139.30551147460938,141.48725702280552,136.1365537453342,136.35374163026458,81760300
2023-01-23,GOOG,100.61194610595703,100.80082581712875,98.16648323127514,98.54423506930638,31791800
2023-01-23,MSFT,237.7491912841797,240.2876096620942,234.8775324019876,236.29866863321726,31934000
2023-01-24,AAPL,140.70736694335938,141.32931550844197,138.50588774737034,138.51575444738316,66435100
2023-01-24,GOOG,98.62376403808594,100.49265232781845,98.11677552073209,98.96175891109257,27391400
2023-01-24,MSFT,237.21995544433594,239.0919228720018,235.6518271703912,237.67080148298487,40234400
2023-01-25,AAPL,140.04591369628906,140.60861677861874,137.03491367991992,139.0883167228264,65799300
2023-01-25,GOOG,96.1584243774414,97.14257232961127,94.69909650490024,96.62564076986686,31000900
2023-01-25,MSFT,235.81845092773438,238.45488418950694,226.30181098777524,229.81052003551318,66526600
2023-01-26,AAPL,142.1190643310547,142.4053492196724,140.08539469738815,141.33915831562229,54105100
2023-01-26,GOOG,98.57406616210938,98.62376616099837,96.2478893027704,97.69926123736444,24542100
2023-01-26,MSFT,243.061279296875,243.3651035032085,237.18076447517643,238.79790006917452,33454500
2023-01-27,AAPL,144.06385803222656,145.34723680622537,141.25031251687773,141.3292912944412,70555800
2023-01-27,GOOG,100.11489868164062,100.97976053864205,98.38518255194982,98.46471164819843,29020400
2023-01-27,MSFT,243.21807861328125,244.85481998958946,241.9145627963581,244.03155156466582,26498900
2023-01-30,AAPL,141.17132568359375,143.68871946900538,141.02324989890042,143.10626796433064,64015300
2023-01-30,GOOG,97.37120056152344,98.82157881968645,96.94374117141328,98.16150859061534,24365100
2023-01-30,MSFT,237.87661743164062,240.7090646327135,237.37676413120786,239.64075980634883,25867400
2023-01-31,AAPL,142.44480895996094,142.4941725713441,140.46051831709534,140.87514553812727,65874500
2023-01-31,GOOG,99.27986907958984,99.31963362897807,97.21215801727605,97.28174408262736,22306800
2023-01-31,MSFT,242.8750457763672,243.01225718230123,238.11182846334003,238.60187133523615,26541100
2023-02-01,AAPL,143.57025146484375,144.7351696002277,139.51282411039048,142.1289302044529,77663600
2023-02-01,GOOG,100.83065032958984,101.5861616124197,97.83843429906219,99.15063411433907,26392600
2023-02-01,MSFT,247.71669006347656,250.09829141866163,240.58166651738924,243.06128243617087,31259900
2023-02-02,AAPL,148.891357421875,149.24673936752703,146.27523594496205,146.9958966630842,118339000
2023-02-02,GOOG,108.15709686279297,108.17697534441429,105.91044922398623,106.15897195796846,46622600
2023-02-02,MSFT,259.3307189941406,259.4189231304734,252.12708209516663,253.66582404083547,39940400
2023-02-03,AAPL,152.52426147460938,155.36743699431324,145.93955891955838,146.13699831650217,154357300
2023-02-03,GOOG,104.59825134277344,107.38170146203977,102.6895985322516,102.89835672237317,36823400
2023-02-03,MSFT,253.20516967773438,258.9386775277901,251.98006244096368,254.37147415992763,29077300
2023-02-06,AAPL,149.7896728515625,151.14216353764462,148.85182446235734,150.6189423816567,69858300
2023-02-06,GOOG,102.85859680175781,104.08132448238251,101.60604002036337,102.0782317276666,25573000
2023-02-06,MSFT,251.65663146972656,253.15616161509,249.70627021074858,252.31330214573043,22518000
2023-02-07,AAPL,152.67233276367188,153.24491754252153,148.7136179890826,148.7136179890826,83322600
2023-02-07,GOOG,107.40159606933594,108.02787068950455,102.93613478245261,103.01765097521763,33738800
2023-02-07,MSFT,262.2317199707031,263.4176152589011,254.90066837762996,255.34171889390444,50841400
2023-02-08,AAPL,149.97723388671875,152.6032212233435,149.23682494273,151.9121758883524,64120100
2023-02-08,GOOG,99.40910339355469,102.96795111527899,97.87323456635932,102.08321070182137,73546000
2023-02-08,MSFT,261.4183349609375,271.248595796035,260.908671127071,267.75949222350795,54686000
2023-02-09,AAPL,148.940673828125,152.35643407265164,148.49643142830433,151.81346444457745,56007100
2023-02-09,GOOG,94.89591979980469,100.0154896348747,93.3053758197482,99.94590357275698,97798600
2023-02-09,MSFT,258.3702087402344,268.5239129821001,257.5665312216428,268.3474748100803,42375100
2023-02-10,AAPL,149.3065185546875,149.63279778324025,147.5367173791987,147.77401547814478,57450700
2023-02-10,GOOG,94.29946899414062,96.44670152211758,93.97141715737777,95.17426630786277,49325300
2023-02-10,MSFT,257.86053466796875,258.8308098683865,255.46912334323994,256.32179305389064,25818500
2023-02-13,AAPL,152.11448669433594,152.5198501850578,149.21753098880535,149.24719136406156,62199000
2023-02-13,GOOG,94.43863677978516,94.78656708263779,93.494253445712,94.44857981252716,43116600
2023-02-13,MSFT,265.9168701171875,269.1315501475347,261.82989942164016,262.31016177286494,44630900
2023-02-14,AAPL,151.4718017578125,152.03537903023067,149.15820209418638,150.40398304690967,61707600
2023-02-14,GOOG,94.38893127441406,94.61260780230945,92.10252667377723,94.10065157736729,42513100
2023-02-14,MSFT,266.74993896484375,269.49416696950243,263.9174769262478,267.23998181637864,37047900
2023-02-15,AAPL,153.57778930664062,153.74586979762776,151.15542974516777,151.38283098748437,65573800
2023-02-15,GOOG,96.52622985839844,96.76480956311302,93.80242277533007,94.1801746064875,36964500
2023-02-15,MSFT,264.6178283691406,266.00321414410365,261.53263664657936,263.63528781822424,28922400
2023-02-16,AAPL,151.97605895996094,154.5664988468429,151.6201193880744,151.77830301928833,68167900
2023-02-16,GOOG,95.21402740478516,97.30161682651516,94.40881618402217,94.97544770683906,35642100
2023-02-16,MSFT,257.572998046875,262.08285555326694,257.3273629104609,259.41034406969123,29603600
2023-02-17,AAPL,150.82916259765625,151.27408335489702,149.14834246660095,150.6314217151784,59144100
2023-02-17,GOOG,94.03106689453125,95.18421612989087,92.89780372698827,94.50823392606587,31095100
2023-02-17,MSFT,253.55442810058594,255.54898434486645,251.53039683731646,254.86122390687038,30000100
2023-02-21,AAPL,146.80506896972656,149.59326523615655,146.73586644892643,148.50566773790462,58867200
2023-02-21,GOOG,91.50607299804688,92.86300499178121,91.45636541789935,92.68903604557674,28367200
2023-02-21,MSFT,248.25851440429688,251.02928590068828,247.19736883072432,250.03691036831407,28397400
2023-02-22,AAPL,147.23019409179688,148.25845552223066,145.4999353225789,147.19063687139987,51011300
2023-02-22,GOOG,91.25755310058594,91.8142416108331,90.33304820503282,91.39075637450243,29891100
2023-02-22,MSFT,247.1187744140625,249.89936603806962,245.96920374136064,249.65373089452532,22491100
2023-02-23,AAPL,147.71466064453125,148.6440592209031,145.57903837527164,148.3968793904493,48394200
2023-02-23,GOOG,90.53186798095703,91.58560202461928,89.4781339372948,91.58560202461928,32423700
2023-02-23,MSFT,250.32188415527344,252.3557354930105,246.10677639534023,251.09808466765125,29219100
2023-02-24,AAPL,145.05502319335938,145.5296042594395,144.07618560082526,145.45050490064946,55469600
2023-02-24,GOOG,88.82202911376953,89.59741887836452,88.33492664858004,89.1003733795921,31295600
2023-02-24,MSFT,244.8687744140625,246.6176955175455,243.7683337176813,245.59585986981725,24990900
2023-02-27,AAPL,146.2513885498047,147.4872879410314,145.78668917177046,146.0437659006096,44998500
2023-02-27,GOOG,89.5676040649414,89.91553442325785,89.08050156329838,89.55766103061437,22724300
2023-02-27,MSFT,245.7923583984375,248.40591997457756,245.03579794379073,248.05220476132266,21190000
2023-02-28,AAPL,145.7471160888672,147.39827551462352,145.17365708267755,145.39117653628946,50547000
2023-02-28,GOOG,89.76641082763672,90.90960928912428,88.99101355892734,89.01089962403641,30546900
2023-02-28,MSFT,245.06524658203125,247.09911258740533,244.38729124690656,244.72136640684872,22491000
2023-03-01,AAPL,143.67080688476562,145.56914623363537,143.37418806129784,145.17366452678502,55479000
2023-03-01,GOOG,89.97517395019531,90.66109154792163,89.31907028314782,89.62724363478166,26323900
2023-03-01,MSFT,241.9702911376953,246.54891919262562,241.49866082910683,246.38188908047658,27565300
2023-03-02,AAPL,144.2640380859375,145.05501655095708,142.27670261816016,142.75129874916755,52238100
2023-03-02,GOOG,91.76454162597656,91.93354286713152,89.23954947011632,89.32902160770574,23328600
2023-03-02,MSFT,246.72576904296875,247.01069921844766,241.3217957785109,242.24538633521718,24808200
2023-03-03,AAPL,149.32627868652344,149.40537804304904,145.66802019550744,146.3700024688502,70732300
2023-03-03,GOOG,93.46443176269531,93.55390389584834,92.11247499068051,92.19199650599029,30242500
2023-03-03,MSFT,250.83277893066406,251.15701912226012,247.00087665249143,247.78691211765954,30760100
2023-03-06,AAPL,152.09471130371094,154.53684949594242,151.72888994336137,152.05515407809082,87558000
2023-03-06,GOOG,95.01522064208984,95.7309673834281,93.74278536162741,93.80242839530142,28288200
2023-03-06,MSFT,252.38519287109375,255.57844974197445,251.51073235845544,251.9528726190246,24109800
2023-03-07,AAPL,149.88987731933594,152.29245838395036,149.4251779626418,151.96617914925054,56182000
2023-03-07,GOOG,93.61354064941406,95.52219340645144,93.28947058744325,94.85615430649233,24101500
2023-03-07,MSFT,249.7126922607422,253.1908944468832,248.96596678774188,251.82514859412282,21473200
2023-03-08,AAPL,151.14553833007812,151.7387760380252,150.11727673451966,151.08621757661572,47204800
2023-03-08,GOOG,94.09071350097656,95.67131453092124,93.847158478642,93.847158478642,25395200
2023-03-08,MSFT,249.2705535888672,250.0958841157782,246.4310117820294,249.60461380322926,17340200
2023-03-09,AAPL,148.89125061035156,152.79668921738386,148.53531102339875,151.82774843104707,53833600
2023-03-09,GOOG,92.11248016357422,95.35321151989166,91.80928209051093,93.9316610176411,24438900
2023-03-09,MSFT,247.91465759277344,255.02824211967837,247.18757213332034,251.35354977883682,26653400
2023-03-10,AAPL,146.8248291015625,149.23730682187812,145.94486944980744,148.51554589298388,68572400
2023-03-10,GOOG,90.47222137451172,92.62939696087454,90.26346318076489,91.95341479737004,32850100
2023-03-10,MSFT,244.24977111816406,248.3764387573187,243.27706549156017,246.69630267915912,28333900
2023-03-13,AAPL,148.7725830078125,151.412461528432,146.03382653001972,146.14258624824708,84457100
2023-03-13,GOOG,91.11837768554688,92.5299849766366,89.40854008369202,90.02984691085952,31508600
2023-03-13,MSFT,249.48672485351562,253.40706751977035,241.43971437626587,243.08055549427945,33339700
2023-03-14,AAPL,150.8686981201172,151.66955846534526,148.40679633095857,149.57347804705336,73695900
2023-03-14,GOOG,93.69306945800781,94.26964401336886,92.23175458824979,92.52004186593031,32303900
2023-03-14,MSFT,256.23675537109375,256.511865522419,251.392822721387,252.2672832007519,33620300
2023-03-15,AAPL,151.26417541503906,151.52123700910988,148.22879983662045,149.48447760738804,77167900
2023-03-15,GOOG,95.97949981689453,96.67536056098608,92.49023789309081,92.98728344867429,38367300
2023-03-15,MSFT,260.8055419921875,261.82739246589193,254.68430413443372,255.4408794785609,46028000
2023-03-16,AAPL,154.0919189453125,154.69503836094123,149.92940378389787,150.443542077547,76161100
2023-03-16,GOOG,100.4727783203125,101.36746174833873,95.30350808953607,95.99936876449394,54499500
2023-03-16,MSFT,271.3777770996094,271.7314773898984,258.6833369506078,260.57963347133153,54768800
2023-03-17,AAPL,153.2515106201172,154.97188784795392,152.53963142836827,154.31932940774055,98944600
2023-03-17,GOOG,101.85456085205078,102.87847334747194,100.1546661871799,100.24413073486728,76140300
2023-03-17,MSFT,274.55126953125,278.38317127232864,271.4955831379651,273.4017140013038,69527400
2023-03-20,AAPL,155.62442016601562,156.03969557063917,152.4110822679711,153.32071734921686,73641400
2023-03-20,GOOG,101.32769012451172,101.97385075433145,100.19442705622383,100.46282827373959,26033900
2023-03-20,MSFT,267.47698974609375,272.63532695909674,265.1385387453051,272.14405674833455,43466600
2023-03-21,AAPL,157.48324584960938,157.60188736571698,154.77414890073794,155.54536401542566,73938300
2023-03-21,GOOG,105.21458435058594,105.33387799702795,101.25810654749462,101.37740019393665,33122800
2023-03-21,MSFT,268.9999694824219,270.19867023704575,264.814336850172,270.08077016032206,34558700
2023-03-22,AAPL,156.04957580566406,160.31095376257457,156.02979719452793,157.50299444764113,75701800
2023-03-22,GOOG,103.60416412353516,106.87472438861377,103.5942210900342,104.51872601350209,32336900
2023-03-22,MSFT,267.5360107421875,276.1332417111231,267.4279156750732,268.62661650670384,34873300
2023-03-23,AAPL,157.1371612548828,159.72761624709545,155.9012620500719,157.03829837049406,67622100
2023-03-23,GOOG,105.63211059570312,106.46813693076098,104.78713477206793,105.26429419948698,31385800
2023-03-23,MSFT,272.8122253417969,276.15285736950943,270.39518387262524,273.0873355091436,36610900
2023-03-24,AAPL,158.44227600097656,158.53125712176995,156.06935559319226,157.06795670652497,59196500
2023-03-24,GOOG,105.43328857421875,105.53270374123609,104.12108876330139,105.11517975897551,25236200
2023-03-24,MSFT,275.67144775390625,275.73039779634655,270.4737991238302,272.3995704746585,28172000
2023-03-27,AAPL,156.4945068359375,158.9564235953307,156.08912825748425,158.13578467553296,52390300
2023-03-27,GOOG,102.45101928710938,104.77719624483679,102.02355984015975,104.69766714207576,25393400
2023-03-27,MSFT,271.5545349121094,276.54582721480784,270.7095345313454,275.60259677665124,26840200
2023-03-28,AAPL,155.87159729003906,156.70213299816345,154.22043780927265,156.1879947191645,45992200
2023-03-28,GOOG,100.76106262207031,102.39137122709658,99.68744254042502,102.39137122709658,24913500
2023-03-28,MSFT,270.4247131347656,271.3188288541802,267.30021062595733,270.9749335798261,21878600
2023-03-29,AAPL,158.95643615722656,159.23327640666747,157.5524562960156,157.5722198233599,51305700
2023-03-29,GOOG,101.29786682128906,102.21242865247788,100.43300498578614,102.11302107679421,26148300
2023-03-29,MSFT,275.6124572753906,276.2314626149595,273.5491161384135,274.0895014430885,25087000
2023-03-30,AAPL,160.5284423828125,160.63720209317535,159.45074212618047,159.7078036749213,49501700
2023-03-30,GOOG,100.72130584716797,101.00959316454625,99.69739326935269,100.84059950466298,25009800
2023-03-30,MSFT,279.0906677246094,279.4935130009522,276.56556096936856,279.26754783515247,25053400
2023-03-31,AAPL,163.0398406982422,163.1387186836245,160.0835790272574,160.60759915912635,68749800
2023-03-31,GOOG,103.38545989990234,103.57433960939167,100.84058946780772,101.1089906900659,28108000
2023-03-31,MSFT,283.2665100097656,284.21957581666084,278.059055591534,278.7763211937596,32766000
2023-04-03,AAPL,164.2954864501953,164.4141279400383,162.36748680694973,162.41692578993744,56976200
2023-04-03,GOOG,104.29008483886719,104.32984180253301,101.77502837337397,102.0633156579794,20719900
2023-04-03,MSFT,282.2151794433594,283.23700019459676,278.99244710806266,281.5175539489557,24883300
2023-04-04,AAPL,163.7615966796875,164.95793868784338,163.24745837486338,164.72065569074036,46278300
2023-04-04,GOOG,104.49884796142578,105.4730528877882,103.98191639761878,104.22049611243841,20377200
2023-04-04,MSFT,282.1659851074219,285.37891186376925,280.6823692815174,282.2151301252811,25824300
2023-04-05,AAPL,161.91270446777344,163.18816110737487,159.97482264150005,162.88166046757286,51511700
2023-04-05,GOOG,104.32984161376953,105.9104501597034,103.48685291737547,105.49293378315937,21864200
2023-04-05,MSFT,279.3756103515625,282.1365472339195,277.9804193924184,280.85925635754677,22064800
2023-04-06,AAPL,162.80255126953125,163.0991701273508,160.1725538630794,160.5976959928467,45390100
2023-04-06,GOOG,108.25650787353516,108.982190032568,104.19564718156806,105.14499829141755,34684200
2023-04-06,MSFT,286.50885009765625,286.9804504038719,277.10592919060144,278.2653199230616,29770300
2023-04-10,AAPL,160.2021942138672,160.2021942138672,158.2741945090455,159.59907481013732,47716900
2023-04-10,GOOG,106.31803131103516,107.33200839632084,104.97600995398065,106.75543378581037,19741500
2023-04-10,MSFT,284.33746337890625,284.54378852713467,279.7391501821954,284.16058326709117,23103000
2023-04-11,AAPL,158.98605346679688,160.528453034904,158.6993164446966,160.51857127390878,47644200
2023-04-11,GOOG,105.4929428100586,106.58644142594838,104.65790240120513,106.28821108329086,18721300
2023-04-11,MSFT,277.89190673828125,280.98693319323706,276.722711169999,280.76093809159977,27276600
2023-04-12,AAPL,158.29400634765625,160.23188822150757,157.97760884934243,159.40136741842844,50133100
2023-04-12,GOOG,104.59825134277344,106.9512614140049,104.34972860439365,106.75542689167506,22761600
2023-04-12,MSFT,278.54046630859375,281.9990289225299,277.0371801675748,279.8177872684275,27403400
2023-04-13,AAPL,163.69236755371094,163.92966562076376,159.59907018867185,159.80670788317548,68445600
2023-04-13,GOOG,107.55071258544922,107.62526638009905,105.81105325670053,105.84087477456046,21650700
2023-04-13,MSFT,284.7795715332031,284.83852157200124,278.2260423471424,278.6386926187293,24222700
2023-04-14,AAPL,163.34632873535156,164.44380780578675,161.97200945675792,162.7333124858637,49386500
2023-04-14,GOOG,108.81319427490234,108.93248791903325,106.95424147150061,107.05365663376573,20758700
2023-04-14,MSFT,281.1441955566406,283.443337075977,278.7369589738927,281.9891661216718,20987900
2023-04-17,AAPL,163.36610412597656,163.52430285260365,162.17964384959518,163.22768401184308,41516200
2023-04-17,GOOG,105.7911605834961,106.07944787866414,104.69766201913224,104.80701263399986,29043400
2023-04-17,MSFT,283.7577209472656,286.5088526923991,281.16382928530817,284.86799665280347,23836200
2023-04-18,AAPL,164.5921173095703,165.52151594579726,163.78136017187086,164.22629596467013,49923000
2023-04-18,GOOG,104.49884796142578,106.4174438821496,104.1608530798116,106.36773629875233,17641400
2023-04-18,MSFT,283.3352966308594,286.66612446406606,281.99905548398834,286.4794393060816,20161800
2023-04-19,AAPL,165.73902893066406,166.26304897753164,163.67259403000486,163.92967071563345,47720200
2023-04-19,GOOG,104.3994369506836,105.10027294919789,103.18665226122161,103.59919336572983,16732000
2023-04-19,MSFT,283.41387939453125,284.00337983189127,279.5721416256665,280.99680766230375,17150300
2023-04-20,AAPL,164.7700653076172,165.97630406053003,163.6923648914332,164.2163849134918,52456400
2023-04-20,GOOG,105.27423858642578,106.25639946454125,104.02168180080083,104.03162483442433,22515300
2023-04-20,MSFT,281.1146545410156,283.9836860604295,280.1026390020825,280.26968408422516,23244400
2023-04-21,AAPL,163.15847778320312,164.5723392677561,162.63445771401044,163.18813815793777,58337300
2023-04-21,GOOG,105.2841796875,106.00986185813358,104.8616879858496,105.46310878356391,22379000
2023-04-21,MSFT,280.77081298828125,281.27188830738805,278.11794135985355,280.03390753424685,21676400
2023-04-24,AAPL,163.46498107910156,163.73193954278202,162.04122272168698,163.13870186497232,41949600
2023-04-24,GOOG,106.1490249633789,106.6858349588635,104.73741770727774,105.42334285444889,21410900
2023-04-24,MSFT,276.8504333496094,279.9749350122071,273.85369673777154,277.1648535144223,26611000
2023-04-25,AAPL,161.92259216308594,164.4339329839802,161.883034935673,163.32657200300784,48714100
2023-04-25,GOOG,103.99185943603516,106.80513876785498,103.94215185263556,105.98004142302092,31408100
2023-04-25,MSFT,270.611328125,276.68342145250523,270.5621831072535,274.6299153265919,45772200
2023-04-26,AAPL,161.91270446777344,163.41556237454046,160.96354216946153,161.22060381553294,45498800
2023-04-26,GOOG,103.83280181884766,106.38761538307796,102.65977413657583,104.93624343455728,37068200
2023-04-26,MSFT,290.2130126953125,294.3396952159119,287.6191210991788,291.5198084868981,64599200
2023-04-27,AAPL,166.51022338867188,166.65852525119462,163.32654598880194,163.32654598880194,64902300
2023-04-27,GOOG,107.72964477539062,108.5050345446,103.80298076113331,104.60819963126897,38235200
2023-04-27,MSFT,299.5078430175781,299.8714082329825,290.09511710218845,290.80254754565533,46462600
2023-04-28,AAPL,167.7659149169922,167.9340105056485,165.98623191391812,166.58935140303254,55275900
2023-04-28,GOOG,107.58052825927734,107.6501143252747,105.41340959552954,107.16301186329322,23957900
2023-04-28,MSFT,301.89544677734375,303.5362728554159,298.0143992536934,298.7021896959071,36469600
2023-05-01,AAPL,167.6769256591797,168.52722497825897,166.7376452115908,167.37042504765017,52472900
2023-05-01,GOOG,107.07353973388672,108.03780920867726,106.86478153588759,107.0834827674045,20926300
2023-05-01,MSFT,300.22509765625,303.21202941946285,299.82225241970167,301.6104834742064,21294100
2023-05-02,AAPL,166.63873291015625,168.42832739487747,165.65001367704667,168.17125073880771,48425700
2023-05-02,GOOG,105.35377502441406,107.093434398379,103.88251690247743,107.02384832679292,20343100
2023-05-02,MSFT,300.0777282714844,303.7818955393081,298.60391737135024,302.3867046786464,26404400
2023-05-03,AAPL,165.56105041503906,168.9919077307227,165.27432844465707,167.58792807875122,65136000
2023-05-03,GOOG,105.4929428100586,107.4910603192009,104.99589729517118,105.59235039617354,17116300
2023-05-03,MSFT,299.0853271484375,303.2218143261027,298.78074198718167,301.2665682938947,22360800
2023-05-04,AAPL,163.91978454589844,165.15568380990734,162.45648404157697,163.0299431104764,81235400
2023-05-04,GOOG,104.58830261230469,105.671865636457,104.08131413002016,105.53269351729053,19780600
2023-05-04,MSFT,300.0777282714844,302.3867046786464,298.1028120701816,300.8932237762644,22519900
2023-05-05,AAPL,171.6120147705078,172.33377562947254,168.8337008869275,169.05122033812108,113453200
2023-05-05,GOOG,105.58737182617188,105.81104836841347,104.12009557447168,104.69766371909814,20710600
2023-05-05,MSFT,305.2262268066406,306.52318757549443,298.9576130752729,300.38230891776885,28197100
2023-05-08,AAPL,171.54278564453125,171.8888434081604,170.16846652439008,170.53428781013776,55962800
2023-05-08,GOOG,107.60040283203125,107.77933950728118,105.16488302631305,105.16985075073507,17266000
2023-05-08,MSFT,303.2611389160156,304.7840947802389,300.7458374723301,304.71530974445443,21318600
2023-05-09,AAPL,169.83233642578125,171.58235891028352,169.66425593732595,171.09789605728315,45326900
2023-05-09,GOOG,107.30219268798828,109.94150326941183,107.08845916376646,108.13722554760372,24782400
2023-05-09,MSFT,301.63995361328125,304.62688532818095,300.9619982242948,302.62249417879684,21340800
2023-05-10,AAPL,171.6021270751953,172.0668263741992,169.96084934197563,171.06822526711633,53724500
2023-05-10,GOOG,111.61653900146484,112.83927429852315,107.8389976594907,107.90858372782328,47533500
2023-05-10,MSFT,306.85723876953125,307.53519415222576,302.298266179924,303.2316617176461,30078000
2023-05-11,AAPL,171.78997802734375,172.62049861686478,170.22779972610607,171.88885599180736,49514700
2023-05-11,GOOG,116.209228515625,117.7401294221333,114.25086821584289,115.17537306249038,57115100
2023-05-11,MSFT,304.6956787109375,305.68805440207467,300.9129210456276,304.6858736936846,31680200
2023-05-12,AAPL,170.85931396484375,172.33453386665053,169.30487018579348,171.89889318697968,45533100
2023-05-12,GOOG,117.22320556640625,117.56120044063749,115.8613057890932,116.30864369264772,31293800
2023-05-12,MSFT,303.5755920410156,305.2262531704453,301.24697545043415,305.12799310648273,19774700
2023-05-15,AAPL,170.3642578125,171.49295625881442,169.7701996375863,171.44344889298378,37266700
2023-05-15,GOOG,116.26888275146484,118.09303883107891,115.79172331744213,115.80165876676296,22107900
2023-05-15,MSFT,304.0570068359375,304.48932710036144,302.2196607045156,303.7033066112777,16336500
2023-05-16,AAPL,170.3642578125,171.42364292514614,170.09693012303615,170.28504904867637,42110300
2023-05-16,GOOG,119.38037872314453,120.48382028603581,116.13964768201407,116.13964768201407,32370100
2023-05-16,MSFT,306.29718017578125,308.2327862505442,304.4205241349901,304.4205241349901,26730300
2023-05-17,AAPL,170.9781494140625,171.21576065716158,168.73064739205591,170.00786825383628,57951600
2023-05-17,GOOG,120.76216888427734,121.55743707354654,118.75410096892553,119.4698476482861,26659600
2023-05-17,MSFT,309.192138671875,309.61554744588153,305.98204506829285,307.50833002503987,24315000
2023-05-18,AAPL,173.31471252441406,173.50283145007626,170.86919670585942,171.28503138533677,65496700
2023-05-18,GOOG,122.79010772705078,123.16786713253545,120.77210436265678,120.84169042403892,27014500
2023-05-18,MSFT,313.6429748535156,314.1550321133072,308.91648200354047,309.71407729634495,27276000
2023-05-19,AAPL,173.42364501953125,174.64144781679403,173.20582466782196,174.64144781679403,55809500
2023-05-19,GOOG,122.52171325683594,125.73162932937367,121.99484625104701,123.46609665389393,30268900
2023-05-19,MSFT,313.46575927734375,313.8694852016011,311.5259215707128,311.8902515376422,27546700
2023-05-22,AAPL,172.47312927246094,172.97808324363118,171.73056412194157,172.2553089530398,43570900
2023-05-22,GOOG,125.12623596191406,126.29926363648893,122.72052999587925,122.78018061276433,29760200
2023-05-22,MSFT,316.26226806640625,317.65068255774975,313.1408221240689,313.72178477500375,24115700
2023-05-23,AAPL,169.8593292236328,171.66129487805824,169.58210606257185,171.4137731194303,50747300
2023-05-23,GOOG,122.56147766113281,124.67888871518839,122.32289794987737,124.19178625928413,24477900
2023-05-23,MSFT,310.432861328125,317.77862806398514,310.42300482844877,315.1298139772058,30797200
2023-05-24,AAPL,170.13656616210938,170.71081850153183,168.82965902663756,169.39400082609367,45143500
2023-05-24,GOOG,120.92122650146484,122.02466809875662,120.03648613380743,121.1598062136513,23087900
2023-05-24,MSFT,309.0444641113281,311.65388239302536,307.82343004625983,309.9109947219232,23384900
2023-05-25,AAPL,171.275146484375,172.1761141248664,169.98803043113716,170.70089424192957,56058300
2023-05-25,GOOG,123.61521911621094,125.23559236286839,122.17379014416235,124.4701380160355,33812700
2023-05-25,MSFT,320.9297180175781,321.8946936022039,315.10034835094876,318.29072976190264,43301700
2023-05-26,AAPL,173.6909637451172,174.02760482348145,171.39396964747598,171.60189457506777,54835000
2023-05-26,GOOG,124.68882751464844,125.25545904983473,122.56147349943589,123.33189549854926,25154700
2023-05-26,MSFT,327.7929992675781,328.29517001444793,318.9209454523759,319.058786228864,36630600
2023-05-30,AAPL,175.54241943359375,177.21566879798618,174.81966018947244,175.20579349606086,55964400
2023-05-30,GOOG,123.90350341796875,125.63321965927621,122.16384414291059,125.54375510845753,27230700
2023-05-30,MSFT,326.1386413574219,330.59927867316253,325.4592039473821,330.0971080159677,29503100
2023-05-31,AAPL,175.492919921875,177.57210865507508,175.00777185545402,175.57212869440465,99625300
2023-05-31,GOOG,122.64100646972656,124.16196444989181,122.37259765892549,122.96905072781017,41548800
2023-05-31,MSFT,323.3618469238281,330.7962325265706,322.3180495450649,327.20212577855807,45950600
2023-06-01,AAPL,178.30474853515625,178.33444993394386,175.17607026429087,175.93844141740337,68901800
2023-06-01,GOOG,123.63509368896484,124.3011328025747,122.57141668007782,122.7702318355604,25017700
2023-06-01,MSFT,327.4876708984375,328.4231369444022,319.7480341193022,320.9394987276046,26773900
2023-06-02,AAPL,179.15623474121094,179.97800874169684,177.48298533965166,179.2354435119536,61996900
2023-06-02,GOOG,124.49002075195312,125.99606802817152,123.61521580755893,123.7543879424739,19367500
2023-06-02,MSFT,330.2645263671875,332.3323782865881,327.45815805159447,329.13214056975426,25873800
2023-06-05,AAPL,177.7998046875,183.11656642752385,176.2750624238164,180.81957270938136,121946500
2023-06-05,GOOG,125.88174438476562,127.23370879216263,123.64503956751051,123.87368384148304,22672500
2023-06-05,MSFT,330.7962646484375,333.37614376930503,329.535864541666,330.08728771023425,21307100
2023-06-06,AAPL,177.43350219726562,178.33446990727649,175.67113339582835,178.18596289670575,64848400
2023-06-06,GOOG,127.15418243408203,128.11845190986426,125.22564348251753,125.85191807715903,19450100
2023-06-06,MSFT,328.5708923339844,330.235018509985,327.0840329482656,330.19562255099885,20396200
2023-06-07,AAPL,176.05726623535156,179.41366034455214,175.56222276728346,176.67111530134713,61944600
2023-06-07,GOOG,122.21353912353516,128.78448065727076,121.9053657835455,126.82114503901855,34179300
2023-06-07,MSFT,318.4285583496094,329.36843269361947,317.5620276985379,326.57192107899317,40717100
2023-06-08,AAPL,178.77999877929688,179.04731136486936,175.70082791608735,176.1364534617516,50214900
2023-06-08,GOOG,121.94513702392578,122.99887860560641,121.28904092996633,121.8606402019021,24815000
2023-06-08,MSFT,320.27978515625,321.6386600689706,318.3990265502694,318.97998914840355,23277700
2023-06-09,AAPL,179.1661376953125,180.42353722036253,178.8394071951532,179.70077799078283,48900000
2023-06-09,GOOG,122.14395904541016,123.55059866461696,121.69661356260366,121.83578569032689,20304500
2023-06-09,MSFT,321.7863464355469,324.9373314399376,319.44278312053285,320.0138891984146,22529000
2023-06-12,AAPL,181.96807861328125,182.0670933538608,179.17604119777275,179.473070311983,54274900
2023-06-12,GOOG,123.61521911621094,124.01285704845932,121.62703703928173,122.66586035424218,22255700
2023-06-12,MSFT,326.7688903808594,327.01506251011267,320.18132179801705,323.54893969802896,24260300
2023-06-13,AAPL,181.4928436279297,182.32451307330234,180.63147278147434,180.98790470199526,54929100
2023-06-13,GOOG,123.69474029541016,125.1162906927199,123.11319798528056,124.9075324981333,19287700
2023-06-13,MSFT,329.1715087890625,331.82032311090893,325.3312298625047,329.34874549714056,22951300
2023-06-14,AAPL,182.12649536132812,182.56213604593384,180.21563475820471,181.5522431050323,57462900
2023-06-14,GOOG,123.64502716064453,124.05260808247226,121.43815166655246,123.06846018523953,24659600
2023-06-14,MSFT,332.1748352050781,333.84881777710495,327.7141972305495,329.22076952524964,26003800
2023-06-15,AAPL,184.1660614013672,184.67101539623405,181.95817181365123,182.13639531405346,65433200
2023-06-15,GOOG,125.04669952392578,125.4145158999344,122.41235703141673,123.14798219912204,24517100
2023-06-15,MSFT,342.77008056640625,344.4834289788281,332.0369816851605,332.3126932693469,38899100
2023-06-16,AAPL,183.08689880371094,185.1363862861082,182.44334825251562,184.87895397960628,101256200
2023-06-16,GOOG,123.32691955566406,125.95131902980077,123.05851833903479,125.95131902980077,56699200
2023-06-16,MSFT,337.08843994140625,346.088508295725,336.71428351042255,345.9408110137167,46552000
2023-06-20,AAPL,183.1759796142578,184.2551858622496,182.58193651385486,182.58193651385486,49799100
2023-06-20,GOOG,123.1181640625,124.43533913704898,122.10419461888722,122.8050305669659,22698000
2023-06-20,MSFT,332.8739318847656,336.842225295789,330.7174616885454,334.1146489977438,26375400
2023-06-21,AAPL,182.13641357421875,183.57203672168455,180.77998409317422,183.0670826761933,49515700
2023-06-21,GOOG,120.5434799194336,122.68077714189587,120.14584199222693,122.50680817864526,22612000
2023-06-21,MSFT,328.4527282714844,332.55889297136713,326.98555186795784,331.2197008440699,25117800
2023-06-22,AAPL,185.14627075195312,185.19577812392734,181.84927919785179,181.91859254012144,51245300
2023-06-22,GOOG,123.13804626464844,123.20265701778482,118.89327374512051,119.94701528855379,20781900
2023-06-22,MSFT,334.50848388671875,334.9122097318514,328.2360236629577,329.00407940361606,23556800
2023-06-23,AAPL,184.8294219970703,185.70070333532985,183.17597862652977,183.71063403229002,53117000
2023-06-23,GOOG,122.29306030273438,122.71058424864133,121.13991879199834,121.31885545901224,29573100
2023-06-23,MSFT,329.8903503417969,332.7853371103675,328.3444121418227,329.24045228657593,23146900
2023-06-26,AAPL,183.4334259033203,186.18586660248252,183.39381396241686,184.9779592329188,48088700
2023-06-26,GOOG,118.38629150390625,121.99484662551316,118.28688392248642,120.74825871733522,23185000
2023-06-26,MSFT,323.56866455078125,330.9636551501701,323.4603331837818,328.61026513447996,21520600
2023-06-27,AAPL,186.1957550048828,186.52248552112178,183.8294477274505,184.04726807160984,50730800
2023-06-27,GOOG,118.3067626953125,119.18652770016516,116.21917327695446,117.14367055304128,27221700
2023-06-27,MSFT,329.4472351074219,331.0030296985232,324.2579075361374,326.7787076649522,24354100
2023-06-28,AAPL,187.37396240234375,188.01751290126907,185.7403249158235,186.06704032710473,51216800
2023-06-28,GOOG,120.36454010009766,120.55341223276498,116.90510008300414,117.26297344974873,19753100
2023-06-28,MSFT,330.7076416015625,332.80503293279156,328.6988686300646,329.53585987238114,20259500
2023-06-29,AAPL,187.71058654785156,188.18583917474905,187.06703605511274,187.2056476277424,46347300
2023-06-29,GOOG,119.30085754394531,120.19554091963869,118.50558174681517,119.38037905620865,18517500
2023-06-29,MSFT,329.91986083984375,330.96362821714007,327.527075062663,329.5850703650796,16997000
2023-06-30,AAPL,192.0471954345703,192.55213441538433,189.36405275409535,189.73039525314567,85213200
2023-06-30,GOOG,120.25518798828125,121.30892200819953,120.16571585555124,120.38441708632199,23871800
2023-06-30,MSFT,335.3258361816406,337.48230643910676,332.0369801390501,332.5785468035808,26832800
2023-07-03,AAPL,190.55215454101562,191.95807629669292,189.8590815409033,191.85906155166862,31458200
2023-07-03,GOOG,119.84759521484375,120.30487611391048,118.99765175150948,119.60901552496362,13888300
2023-07-03,MSFT,332.8148193359375,335.6802661570113,331.4165786502413,333.99645742411604,12508700
2023-07-05,AAPL,189.43333435058594,191.06697174397888,188.73036598215447,189.67096065277283,46920300
2023-07-05,GOOG,121.90536499023438,122.64099772088282,119.35055166690941,119.35055166690941,17830300
2023-07-05,MSFT,332.9723815917969,336.4187910450174,329.60476403996404,329.9592374452914,18172400
2023-07-06,AAPL,189.9085693359375,190.11649423604223,187.32444187549908,187.95809689875657,45094300
2023-07-06,GOOG,120.21542358398438,120.4341248150195,118.54535041935803,119.92713628710283,17732500
2023-07-06,MSFT,336.04461669921875,337.7382820361676,330.3629751576873,332.13540234854474,28161200
2023-07-07,AAPL,188.789794921875,190.76007362639882,188.35416930217096,189.5125693591173,46815000
2023-07-07,GOOG,119.43009185791016,121.03057897096525,119.38038427429979,120.17566010619126,20997700
2023-07-07,MSFT,332.0566711425781,336.55670498898127,331.84003846145146,334.12452308964015,21214800
2023-07-10,AAPL,186.74029541015625,188.10662020019882,185.18585168727856,187.38384586798722,59922200
2023-07-10,GOOG,116.1794204711914,118.3664176858607,115.95077619903445,118.3664176858607,32960100
2023-07-10,MSFT,326.7491760253906,330.0971410096197,322.5741063466411,329.4767824384207,32791400
2023-07-11,AAPL,186.215576171875,187.42348359441797,184.75025155228488,187.28487201023415,46638100
2023-07-11,GOOG,117.01445007324219,117.52640632875554,115.14556173360302,116.07006666202456,18286600
2023-07-11,MSFT,327.3793640136719,327.76337687578695,321.9931170915051,325.99094971925894,26698200
2023-07-12,AAPL,187.88882446289062,189.79968522544766,186.60170827121757,187.79970514631046,60750200
2023-07-12,GOOG,118.91316223144531,120.24524046467108,118.29682311177113,118.59505343065167,22059600
2023-07-12,MSFT,332.0369567871094,336.4188023518634,330.53038466322164,331.4461377080676,29995300
2023-07-13,AAPL,188.65118408203125,189.29474974345305,187.89872334590046,188.61158724645796,41342300
2023-07-13,GOOG,124.09236907958984,124.59438225459672,120.34464213296195,120.82180910287565,31535900
2023-07-13,MSFT,337.4133605957031,338.47681093963564,333.8290800785116,334.36082027563174,20567200
2023-07-14,AAPL,188.7996826171875,189.28481555311026,187.75019286903466,188.3442359735881,41616200
2023-07-14,GOOG,124.95722961425781,126.33901543058919,124.16196140336227,124.39059807507381,20499800
2023-07-14,MSFT,339.9538269042969,346.0490507428633,339.03807386853134,342.2678507449193,28352700
2023-07-17,AAPL,192.0669708251953,192.39370132812152,189.9085734412509,189.9976776399959,50520200
2023-07-17,GOOG,124.32100677490234,126.52788980854397,123.76431829229426,125.3150976848806,20675300
2023-07-17,MSFT,340.4363708496094,341.67705794335393,336.96042159632077,340.3871183937117,20363900
2023-07-18,AAPL,191.80953979492188,192.40359800546008,190.51252831302557,191.433317028607,48288200
2023-07-18,GOOG,123.34680938720703,124.25142822613341,122.57141964403807,124.16693140379446,21045800
2023-07-18,MSFT,353.98565673828125,361.1640442664553,336.9308748774754,340.5348083176435,64738600
2023-07-19,AAPL,193.16598510742188,196.2649472303636,190.74025980403414,191.18581105243047,80507300
2023-07-19,GOOG,122.05448150634766,124.72858849853645,121.7463157492327,124.05260637198846,22313800
2023-07-19,MSFT,349.6432189941406,356.9102257559928,347.04365668560916,356.2111052558254,39732900
2023-07-20,AAPL,191.2154998779297,194.52238670645607,190.5917402572243,193.1560618639693,59581200
2023-07-20,GOOG,118.82369232177734,123.9631408117351,117.98368423940677,121.39839187556149,27541700
2023-07-20,MSFT,341.55889892578125,352.4889474054873,340.0818661596131,348.1563239681224,33778400
2023-07-21,AAPL,190.03729248046875,193.03725474426253,189.33432409540026,192.17588392818155,71951700
2023-07-21,GOOG,119.59908294677734,120.58323847414346,118.3664122596171,120.15577905090798,56514600
2023-07-21,MSFT,338.5063171386719,344.93633112576225,334.62664247659785,343.8039454869001,69405400
2023-07-24,AAPL,190.8392791748047,192.97787083183135,190.3442356490594,191.49274025459553,45377800
2023-07-24,GOOG,121.15980529785156,122.62112024453367,120.66275981037124,121.20553870070658,22276100
2023-07-24,MSFT,339.8258056640625,341.60811934772215,337.0686901125497,340.5544955279168,26678100
2023-07-25,AAPL,191.70065307617188,192.51253172271785,191.0075951507849,191.41353447405788,37283200
2023-07-25,GOOG,122.06443786621094,122.95912130554666,120.81188105114092,121.15981139301797,31820800
2023-07-25,MSFT,345.6059875488281,346.50205770801625,339.78647478990905,341.79521773437693,41637700
2023-07-26,AAPL,192.57191467285156,193.70061320853526,191.40361930588426,191.75014067908202,47471900
2023-07-26,GOOG,128.89382934570312,130.59371628514688,127.94944602727622,129.5896899398796,46216900
2023-07-26,MSFT,332.59820556640625,339.3925798836245,328.00955380229783,336.21202538513404,58383700
2023-07-27,AAPL,191.30459594726562,195.24513765991685,190.64123952357383,194.07684234558644,47460200
2023-07-27,GOOG,129.1025848388672,132.81055494680325,128.41665966692662,131.02118823057222,35931600
2023-07-27,MSFT,325.65618896484375,336.1037197516402,324.0117459121444,335.2667585487862,39635300
2023-07-28,AAPL,193.8887176513672,194.6807901855661,192.21546838859783,192.7402132321551,48291400
2023-07-28,GOOG,132.22402954101562,133.27777867166668,130.14638313146207,130.19609071183814,26971000
2023-07-28,MSFT,333.18902587890625,334.80392936037714,328.06866397123474,328.5610081960286,28484900
2023-07-31,AAPL,194.50257873535156,194.54219067365466,193.32437284504627,194.11644542830032,38824100
2023-07-31,GOOG,132.3234405517578,133.0391872145784,131.34923571516111,132.22402539412363,18381900
2023-07-31,MSFT,330.7765808105469,332.52932517386967,328.2557505534437,331.7612693303981,25446000
2023-08-01,AAPL,193.67091369628906,194.77980627337752,193.34418318178373,194.29467332466547,35175100
2023-08-01,GOOG,131.11065673828125,132.13456921851622,129.97739364517537,130.0817689492626,22154300
2023-08-01,MSFT,331.1900939941406,333.3564205017468,328.5905322353185,330.0577083402896,18311900
2023-08-02,AAPL,190.6709442138672,193.24516118654293,189.94818497968632,193.1065496196106,50389300
2023-08-02,GOOG,127.8798599243164,129.64934061183152,127.09452715925852,129.07276603733655,22705800
2023-08-02,MSFT,322.4854736328125,328.52161875649267,321.3629143538821,328.52161875649267,27761300
2023-08-03,AAPL,189.27491760253906,190.46301890335675,188.79968010371752,189.67096144116343,61235200
2023-08-03,GOOG,128.0091094970703,129.0032005528275,127.01998616623926,127.611463973592,15018100
2023-08-03,MSFT,321.6583251953125,324.82902313251566,320.9592048261729,321.00842722740435,18253700
2023-08-04,AAPL,180.18594360351562,185.52251207833032,180.11663025996506,183.68094960257173,115956800
2023-08-04,GOOG,127.78045654296875,131.15042458649745,127.55679515850647,128.83420579472934,20521900
2023-08-04,MSFT,322.7611999511719,330.00852304114176,322.229459739469,326.7984288690622,23741500
2023-08-07,AAPL,177.0770721435547,181.31464344213896,175.5919415919706,180.32455640774955,97576100
2023-08-07,GOOG,131.16036987304688,131.27965593991095,128.66519173789004,128.74472083867443,17621000
2023-08-07,MSFT,325.0555114746094,326.0401999902519,322.50517182513227,323.34216307349016,17741500
2023-08-08,AAPL,178.0176239013672,178.48296594319257,175.81962982094473,177.9087137403543,67823000
2023-08-08,GOOG,131.0609588623047,131.16037403359496,129.3610716810694,130.2060399625349,16836000
2023-08-08,MSFT,321.0576477050781,323.716318462382,318.0543600406065,321.95371777438714,22327600
2023-08-09,AAPL,176.423583984375,179.13641237321562,175.25527360727992,179.0770095774785,60378500
2023-08-09,GOOG,129.38092041015625,131.68721850498724,128.73974272166802,131.40887427542114,17745200
2023-08-09,MSFT,317.29620361328125,322.10145851514295,316.1342482811802,321.47127346666514,22373300
2023-08-10,AAPL,176.20578002929688,178.95822060931928,175.8394526832055,177.70080592181807,54686900
2023-08-10,GOOG,129.44058227539062,131.86317827044033,129.26661333482159,131.19017679209279,17855700
2023-08-10,MSFT,317.9854431152344,323.2338495332389,316.2622382780474,321.0281269074305,20113700
2023-08-11,AAPL,176.2652587890625,177.0881424893324,175.03590276334816,175.7993034466227,52036700
2023-08-11,GOOG,129.40081787109375,129.66922667632235,127.98921053436709,128.43853552043555,15205500
2023-08-11,MSFT,316.0948791503906,317.4734371020371,314.32242174086554,315.3563627423326,24355500
2023-08-14,AAPL,177.92095947265625,178.14898275911253,175.78938877461678,176.44373225185288,43675600
2023-08-14,GOOG,131.05104064941406,131.13056976318143,128.8242709698099,129.08274438171074,17526200
2023-08-14,MSFT,319.0784912109375,319.0981741641378,315.17910285494025,316.46907252216096,18836100
2023-08-15,AAPL,175.9281768798828,177.94076628789648,175.53161335110406,177.34592099472832,43622600
2023-08-15,GOOG,129.50022888183594,131.21006648414559,129.05188987071597,130.8124210134784,14769200
2023-08-15,MSFT,316.9318542480469,320.1124092027747,315.9865616184338,318.05441366158993,16966300
2023-08-16,AAPL,175.05575561523438,177.00884711894057,174.98634866880315,175.6109506749611,46964900
2023-08-16,GOOG,128.3470916748047,130.124520829252,127.7009385818935,128.51608532727954,17548400
2023-08-16,MSFT,316.16217041015625,320.129018488505,315.57010038655903,316.5568737212436,20698900
2023-08-17,AAPL,172.50779724121094,175.98769046364208,171.99225246191062,175.6208683794121,66062900
2023-08-17,GOOG,129.68911743164062,131.70810689160322,129.08272132005092,129.6791668138053,23665600
2023-08-17,MSFT,312.6886901855469,317.6126787186903,312.0275389046307,316.30028363904523,21257200
2023-08-18,AAPL,172.9935760498047,173.59834528388794,170.48527458580276,170.82235510894964,61172200
2023-08-18,GOOG,127.35299682617188,129.06283453562168,126.24955522494119,128.29738022916894,23627200
2023-08-18,MSFT,312.2940673828125,314.1689308855228,307.42925146427314,310.33036777073653,24755000
2023-08-21,AAPL,174.33197021484375,174.61949160968172,172.24998915809468,173.5685847246663,46311900
2023-08-21,GOOG,128.16815185546875,128.49620372235717,126.40862161755676,127.09453928504466,21851100
2023-08-21,MSFT,317.6225891113281,318.50080167384647,312.84661003586535,313.7248225983837,24040000
2023-08-22,AAPL,175.71005249023438,176.15619021692956,174.73846130997606,175.541512243613,42038900
2023-08-22,GOOG,128.9236602783203,130.17620943934958,128.16318129329818,128.36697176230732,15557900
2023-08-22,MSFT,318.1949768066406,321.7670920856739,317.2082032991093,321.1947767014383,16084600
2023-08-23,AAPL,179.56671142578125,179.99303161559698,176.80064510070915,176.9890180826326,52722800
2023-08-23,GOOG,132.4228515625,133.27777031806215,129.73879407666385,130.0767965008613,26497000
2023-08-23,MSFT,322.67486572265625,324.8457790055064,319.18167984531766,319.5369338888436,21166400
2023-08-24,AAPL,174.8673553466797,179.54687744583052,174.50051821034532,179.1205572949361,54945800
2023-08-24,GOOG,129.6493377685547,134.17245455115994,129.53005171045592,133.93089421606044,18680400
2023-08-24,MSFT,315.7378234863281,328.57575251487145,315.72794611782484,328.4474671800425,23281400
2023-08-25,AAPL,177.07823181152344,177.6135940867137,174.3121656551708,175.8587845923081,51449600
2023-08-25,GOOG,129.91775512695312,130.6235512420341,127.28340487760367,129.37100204360704,20678100
2023-08-25,MSFT,318.7080383300781,321.05653339298726,314.58330321702437,317.21800107114086,21684100
2023-08-28,AAPL,178.6446990966797,179.04126265908485,177.0187642861302,178.5455506421133,43820700
2023-08-28,GOOG,131.01126098632812,132.4527052337399,130.07682808262282,131.2995559032611,16715500
2023-08-28,MSFT,319.41851806640625,321.83609449836024,317.46469615983295,321.3525852347555,14808500
2023-08-29,AAPL,182.5409698486328,183.31427930675537,177.9605961154563,178.1588778766287,53003900
2023-08-29,GOOG,134.68939208984375,136.48371902445933,132.19421402677503,132.21211300373753,30803300
2023-08-29,MSFT,324.0661926269531,324.6286605824637,317.62256478776396,317.62256478776396,19284600
2023-08-30,AAPL,186.0406951904297,186.23899207960088,183.15566303930453,183.35394480054703,60813900
2023-08-30,GOOG,136.12086486816406,136.438981249284,134.22314866517164,134.76891575427598,21773400
2023-08-30,MSFT,324.441162109375,325.447659911419,322.1321164830898,324.32275414606715,15222100
2023-08-31,AAPL,186.25881958007812,187.49809956371718,185.8721648302999,186.22907807070516,60794500
2023-08-31,GOOG,136.5383758544922,137.58215904741718,136.01150895012876,136.2401455842472,28147900
2023-08-31,MSFT,323.4248046875,326.5331343506148,322.4577560775386,324.845760553026,26411000
2023-09-01,AAPL,187.83522033691406,188.29126696024278,186.66533200937872,187.86496185026456,45766500
2023-09-01,GOOG,135.99163818359375,137.76111877249252,135.13671940266104,137.61199603628577,16671600
2023-09-01,MSFT,324.31292724609375,327.5988691949411,322.45778856177515,326.9278705558269,14942000
2023-09-05,AAPL,188.0731201171875,188.350717612699,186.00104769428793,186.66529992482816,45280000
2023-09-05,GOOG,135.9021759033203,136.5582643802225,134.7589622478817,135.63376710858273,17730200
2023-09-05,MSFT,329.13818359375,330.42100680175923,324.31287838153,324.64837765053704,18553900
2023-09-06,AAPL,181.3413543701172,187.2304149251444,179.91370149278592,186.78426205503195,81755800
2023-09-06,GOOG,134.57008361816406,136.66761607595564,133.89410907033013,136.20536743645533,15814300
2023-09-06,MSFT,328.47711181640625,330.03620043198475,325.81281177247035,328.97049848276976,17535800
2023-09-07,AAPL,176.03724670410156,176.6816813943478,172.05171790486162,173.67765269377628,112488800
2023-09-07,GOOG,135.3951873779297,135.77294680131996,133.168433308154,133.80465092360768,16976000
2023-09-07,MSFT,325.54638671875,328.67444125152036,324.67802138664604,326.9081387064647,18381000
2023-09-08,AAPL,176.6519012451172,178.6942471635063,176.265246533602,176.82045661878996,65551300
2023-09-08,GOOG,136.3892822265625,136.7024233186809,135.0671393757431,135.0671393757431,17810700
2023-09-08,MSFT,329.84869384765625,331.7137098037089,325.1023167744585,325.72398875980934,19530100
2023-09-11,AAPL,177.82179260253906,178.75373349578624,175.8191120741523,178.52571023294755,58953100
2023-09-11,GOOG,136.92608642578125,137.44699212183224,135.7431158243537,136.56821309399328,17180800
2023-09-11,MSFT,333.47015380859375,333.94381580860636,330.9933433198764,332.7794004894833,16583300
2023-09-12,AAPL,174.7880401611328,178.58519559094336,173.32073699502078,177.95068488711692,90370200
2023-09-12,GOOG,135.26596069335938,136.8266755723208,135.12677340069675,136.31969465659904,15212900
2023-09-12,MSFT,327.38177490234375,332.33539626234364,327.09563232037993,331.3782249333898,17565500
2023-09-13,AAPL,172.71595764160156,175.77945374423584,172.48791926125182,174.99622042167854,84267900
2023-09-13,GOOG,136.6875,136.8863151480935,134.13267908269708,135.09694847800515,16394900
2023-09-13,MSFT,331.6150207519531,332.3945800625575,326.7897151493459,326.9278477470877,16544400
2023-09-14,AAPL,174.23284912109375,174.58976234555206,172.09136977434392,172.50776601489048,60895800
2023-09-14,GOOG,138.168701171875,138.7253896550201,136.25009782608186,137.57224055786324,19064600
2023-09-14,MSFT,334.22015380859375,336.3515577961035,332.11832170381217,334.6641837585193,20267000
2023-09-15,AAPL,173.50912475585938,174.9863520978111,172.32934279478667,174.9665193801663,109259500
2023-09-15,GOOG,137.48280334472656,138.5365374927981,136.36941098849638,137.97984889899627,48958800
2023-09-15,MSFT,325.8523254394531,332.93735148691496,325.28985735324517,332.4637195102644,37679800
2023-09-18,AAPL,176.4437255859375,177.84163701778533,174.65915940995401,174.9664984209427,67257600
2023-09-18,GOOG,138.13890075683594,139.10315513258791,136.81675782311558,136.81675782311558,16233600
2023-09-18,MSFT,324.7076110839844,326.0298836572718,322.043311199017,323.4642671224755,16834200
2023-09-19,AAPL,177.53428649902344,178.08948146713516,175.6109216966876,175.99757641576028,51826900
2023-09-19,GOOG,138.00962829589844,138.3525908371567,136.687485704846,137.43305380869063,15479100
2023-09-19,MSFT,324.30303955078125,325.0332722714447,320.2178137413672,321.8558610357087,16505900
2023-09-20,AAPL,173.9849853515625,178.158871491594,173.8957457034938,177.72264255589144,58436200
2023-09-20,GOOG,133.79469299316406,138.01957939403295,133.72511451659875,138.00964394555893,21473500
2023-09-20,MSFT,316.5272521972656,325.23059969956495,316.2707116235492,325.15167108778996,21436500
2023-09-21,AAPL,172.43836975097656,174.78805492740332,172.3689779372214,173.0530629204369,63149100
2023-09-21,GOOG,130.5837860107422,132.40297424456807,130.3153772107026,131.60769846173247,22058400
2023-09-21,MSFT,315.3036804199219,321.04670841856864,310.8335984468154,315.03726246226876,35560400
2023-09-22,AAPL,173.29098510742188,175.56135441857745,172.55734106823024,173.17201907467273,56725400
2023-09-22,GOOG,130.47445678710938,132.2240516612253,129.7388239128994,130.90190867888074,17348700
2023-09-22,MSFT,312.8170166015625,317.1982925065449,311.96837589582117,317.0700071580314,21447900
2023-09-25,AAPL,174.56991577148438,175.4522824052414,172.6564598476282,172.7060340664089,46172700
2023-09-25,GOOG,131.3889923095703,131.43869988824838,129.26163839230992,129.9972711183246,14650000
2023-09-25,MSFT,313.34002685546875,313.46831221282724,310.83361404365974,312.40258010087473,17836000
2023-09-26,AAPL,170.48526000976562,173.6974637546494,170.18782981503577,173.32073296072448,64588900
2023-09-26,GOOG,128.68505859375,130.62850804227142,127.43250957279625,130.14041210044581,20378800
2023-09-26,MSFT,308.0114440917969,311.70196673842554,305.91945932011913,310.9618867351327,26297600
2023-09-27,AAPL,168.96836853027344,171.55598552227247,167.60021383109716,171.1395892983555,66921800
2023-09-27,GOOG,130.68321228027344,130.94167048499952,128.61550113658913,128.67514417086244,18764200
2023-09-27,MSFT,308.65283203125,310.1428392517049,305.593828747816,308.16929263193225,19410100
2023-09-28,AAPL,169.2261505126953,170.5546549284134,166.18247183150447,167.88772217595067,56294400
2023-09-28,GOOG,132.3433380126953,133.38712141461426,129.91775357634623,129.91775357634623,18201400
2023-09-28,MSFT,309.4916076660156,311.30726701468535,305.35702492417727,306.87663419975775,19683600
2023-09-29,AAPL,169.74169921875,171.58574835004075,168.87915010499984,170.54475018871184,51861100
2023-09-29,GOOG,131.07089233398438,134.09292202118758,130.54402536604638,133.28771081240023,23237300
2023-09-29,MSFT,311.5736999511719,315.2444981907834,310.8138952768678,313.54724674421175,24147300
2023-10-02,AAPL,172.25990295410156,172.80518912572896,169.46408028935463,169.75160169254372,52164500
2023-10-02,GOOG,134.37127685546875,134.56015656992656,131.28462858890057,131.37409313723595,19210400
2023-10-02,MSFT,317.5436096191406,317.63244570904936,311.0111757318988,312.0966322948684,20570000
2023-10-03,AAPL,170.9215087890625,172.14097132417464,169.35507202363982,170.78271002017956,49594600
2023-10-03,GOOG,132.51231384277344,134.4408525260888,132.03017917194458,134.13267161977356,19628700
2023-10-03,MSFT,309.2449035644531,317.13909008245986,307.09371485170817,316.5864693213822,21033500
2023-10-04,AAPL,172.17068481445312,172.71597100628938,169.50375199905025,169.62271803074952,53020300
2023-10-04,GOOG,135.46478271484375,135.76301304394028,132.6415527905045,132.8702046383658,22848000
2023-10-04,MSFT,314.7412109375,315.80694299104033,309.84682368319505,309.87642567835275,20720100
2023-10-05,AAPL,173.40997314453125,173.94533544106068,171.19908676207933,172.29956799243436,48527900
2023-10-05,GOOG,135.18643188476562,135.69341280156135,133.6604986571135,135.32560400909918,15922900
2023-10-05,MSFT,315.13592529296875,315.74775007089806,310.73492454627984,314.869507327209,16965600
2023-10-06,AAPL,175.9678497314453,176.46356172729125,171.69479961979252,172.30949278163357,57266700
2023-10-06,GOOG,137.91024780273438,138.36356218225828,134.14264937875836,134.14264937875836,20826700
2023-10-06,MSFT,322.93145751953125,324.8359228657201,312.1163998758835,312.363093214424,25673600
2023-10-09,AAPL,177.45498657226562,177.51446959158443,174.2923416030924,175.29367439346143,42390800
2023-10-09,GOOG,138.67568969726562,139.1429136645743,135.89223195993972,137.17461779995696,16599100
2023-10-09,MSFT,325.4575500488281,325.9311819206421,318.9053614253998,320.45460260529177,19891200
2023-10-10,AAPL,176.86012268066406,178.17871838563994,176.42389371024447,176.57261638357625,43698000
2023-10-10,GOOG,138.37745666503906,139.90836521648072,137.61200238931823,138.6856224313539,19554900
2023-10-10,MSFT,324.0464782714844,326.72062531613193,323.3360003351507,326.5824626080448,20557100
2023-10-11,AAPL,178.25802612304688,178.30760034526705,176.07689649671707,176.67174177957318,47551100
2023-10-11,GOOG,140.86268615722656,141.37961770422467,139.01367636279514,139.0236269803259,20146300
2023-10-11,MSFT,328.0232238769531,328.41792721055504,324.78660835912325,326.8292063918448,20063200
2023-10-12,AAPL,179.1602325439453,180.77624333047942,177.50454119898205,178.52572180730996,56743100
2023-10-12,GOOG,139.4610137939453,141.53867542387755,138.62598102987283,141.31997419967416,18173100
2023-10-12,MSFT,326.77984619140625,329.2171774212292,324.37211695571347,326.197653564225,19313100
2023-10-13,AAPL,177.31617736816406,180.3697497847248,176.61225971587282,179.8641290223829,51427100
2023-10-13,GOOG,137.76113891601562,140.50482474109737,137.15474277146987,139.81889949267054,19438700
2023-10-13,MSFT,323.39520263671875,329.41449526956706,322.04329801120366,327.9836921494348,21072400
2023-10-16,AAPL,177.18728637695312,177.5441995976702,174.99623283045386,175.23418002024147,52517000
2023-10-16,GOOG,139.6598358154297,140.07237686418517,138.49675128421578,138.90431702451843,17345600
2023-10-16,MSFT,328.2402648925781,331.69397123136065,326.2272390517875,326.6712689412733,22158000
2023-10-17,AAPL,175.6307373046875,176.88984988971393,173.30090022346374,175.135025356181,57549400
2023-10-17,GOOG,140.15687561035156,140.41533377287533,137.71041946360097,139.2025417119313,17424000
2023-10-17,MSFT,327.6679382324219,329.04941482391666,323.07944842920335,325.23060698695457,18338500
2023-10-18,AAPL,174.33197021484375,176.0570532000882,173.608235023302,174.07420545389226,54764400
2023-10-18,GOOG,138.4569854736328,141.15097860619974,137.88538621452952,139.91830037487452,18304900
2023-10-18,MSFT,325.74371337890625,331.15124180050987,323.95765614917667,328.0922386062229,23153600
2023-10-19,AAPL,173.95526123046875,176.31484005715805,173.68757251536525,174.53027383635083,59302900
2023-10-19,GOOG,138.15875244140625,140.17179566471646,137.78100820475598,138.97391428044514,21831200
2023-10-19,MSFT,326.937744140625,332.42420139961934,326.5331634650962,327.75675274742485,25052100
2023-10-20,AAPL,171.3973846435547,173.91559492791032,171.15943743932888,173.80653768363138,64244000
2023-10-20,GOOG,135.9320068359375,138.2184039679899,135.4399214833852,137.77106605818074,24970300
2023-10-20,MSFT,322.3492736816406,327.52983393285876,321.1454089520383,327.33246721104837,25027700
2023-10-23,AAPL,171.51632690429688,172.5176595517305,168.47264840823163,169.44425467817877,55980100
2023-10-23,GOOG,137.0851287841797,138.1985209047451,134.31162185260132,135.42499880454343,20780700
2023-10-23,MSFT,324.9642028808594,328.3291035769389,320.0994175521123,321.16511950696747,24374700
2023-10-24,AAPL,171.9525909423828,172.18061423977284,169.97965162202772,171.56593616509952,43816600
2023-10-24,GOOG,139.29202270507812,139.87854790908082,137.9301229218992,138.3377038625347,26535200
2023-10-24,MSFT,326.15814208984375,327.45081256281486,323.266903863362,326.91794660700197,31153600
2023-10-25,AAPL,169.6326446533203,171.57582713235345,169.1864917714858,170.40595412753765,57157000
2023-10-25,GOOG,125.92150115966797,129.33124106930785,125.34492657770299,129.00318922946792,58796100
2023-10-25,MSFT,336.1640625,341.6209174681372,333.15438596388094,340.4565021251705,55053800
2023-10-26,AAPL,165.45875549316406,169.91025482669738,164.24921696829185,168.90890687614655,70625300
2023-10-26,GOOG,122.71058654785156,124.7186468847997,121.59720197842462,123.73449898993924,33907400
2023-10-26,MSFT,323.55316162109375,337.11141921470045,322.61571479614804,336.0358397657256,37828500
2023-10-27,AAPL,166.77734375,167.5110029440003,165.39926501775972,165.47858075180807,58499100
2023-10-27,GOOG,122.67082214355469,123.70467761973175,120.74228331450207,123.29709669841161,37367700
2023-10-27,MSFT,325.4477233886719,332.2663310024127,324.0563693205719,326.059518061042,29856500
2023-10-30,AAPL,168.82957458496094,169.70203248533966,167.42175441803172,167.57047708446643,51131000
2023-10-30,GOOG,125.0069351196289,125.80221090162966,123.14798234018153,123.72455690291648,24165600
2023-10-30,MSFT,332.8485107421875,334.9602201307453,327.44098203313024,329.0001007639954,22828100
2023-10-31,AAPL,169.3054962158203,169.4343710606267,166.4600987883306,167.89767582228524,44846000
2023-10-31,GOOG,124.55960083007812,125.8121499840853,123.19272575449963,125.52386269439128,21123400
2023-10-31,MSFT,333.63787841796875,334.5161210370291,330.26313087484664,334.3681110770551,20265300
2023-11-01,AAPL,172.47804260253906,172.73580740860803,168.66105397183955,169.5335119738121,56934900
2023-11-01,GOOG,126.81617736816406,126.98517100300614,124.186810242447,124.59935129682273,26536600
2023-11-01,MSFT,341.4926452636719,342.82479524967096,335.15754738848574,335.29571010602456,28158800
2023-11-02,AAPL,176.0471649169922,176.25535548295753,173.95525969593038,174.01474271477764,77334800
2023-11-02,GOOG,127.82022094726562,129.32129287714884,127.35299696981777,128.79442586745225,24091700
2023-11-02,MSFT,343.712890625,344.21612454156855,340.2098272647779,342.64715857381447,24348100
2023-11-03,AAPL,175.13504028320312,175.30359567263832,171.8633532465518,172.74571998498175,79829200
2023-11-03,GOOG,129.59962463378906,129.95749796137153,128.24766041499123,128.32718950652324,19529400
2023-11-03,MSFT,348.13360595703125,349.7026019942071,342.7359548361638,345.00555147993623,23637700
2023-11-06,AAPL,177.6929168701172,177.8911986418375,174.69882732290304,174.86736758526175,63841300
2023-11-06,GOOG,130.67324829101562,130.78259889886914,129.1622258466644,129.4505207076526,15360400
2023-11-06,MSFT,351.8143005371094,352.810951254989,348.6763685179985,348.77505187557927,23828300
2023-11-07,AAPL,180.2606964111328,180.87537437336846,177.4351323131202,177.64332285545842,70530000
2023-11-07,GOOG,131.6176300048828,132.49243485690616,130.36508092290495,131.20011364422353,19223800
2023-11-07,MSFT,355.7613830566406,357.66584833262294,352.8997464578491,354.6463243893139,25833900
2023-11-08,AAPL,181.321533203125,181.87672821790486,180.03267898856913,180.78617090399572,49340300
2023-11-08,GOOG,132.47256469726562,132.7509089711254,131.37907366956665,131.57788884109144,15093600
2023-11-08,MSFT,358.3960876464844,359.057208917739,355.78111421518867,356.89617290299117,26767800
2023-11-09,AAPL,180.84564208984375,182.54096853276508,180.2507816826859,181.3909282750837,53763500
2023-11-09,GOOG,130.91184997558594,133.16844085758981,130.73290570276333,132.5719801730149,17976500
2023-11-09,MSFT,355.9192810058594,359.9650577521111,355.59362893748545,357.5079716401421,24847300
2023-11-10,AAPL,185.04490661621094,185.21368408342525,182.1957757372482,182.63257945692072,66133400
2023-11-10,GOOG,133.26783752441406,133.4766033093788,130.0966847957412,130.7527884986304,20872900
2023-11-10,MSFT,364.780517578125,365.2048228913201,356.2942607445592,356.7086886877949,28042100
2023-11-13,AAPL,183.45652770996094,184.67758150620577,182.87082057942214,184.46911666550656,43627500
2023-11-13,GOOG,132.85031127929688,133.31753522988973,131.985457024151,132.571967032385,16409900
2023-11-13,MSFT,361.8299865722656,363.5963190166595,361.06030468757956,363.3496257188251,19986500
2023-11-14,AAPL,186.0773162841797,186.7424435759467,184.94560467391284,186.33542063464128,60108400
2023-11-14,GOOG,134.62974548339844,136.42906305044067,134.30170878075003,134.8484467309146,22317300
2023-11-14,MSFT,365.3725891113281,367.0303913695126,362.4912275435527,366.10282193105377,27683900
2023-11-15,AAPL,186.64320373535156,188.12237722055318,186.41488002550872,186.484378412078,53790500
2023-11-15,GOOG,135.57412719726562,136.03140053505442,134.53032867695578,135.83258538085826,15840900
2023-11-15,MSFT,365.5209045410156,368.9420616823199,362.98960975360205,367.1128197102885,26860100
2023-11-16,AAPL,188.33082580566406,189.57173837709286,187.27851922089127,188.19184420357837,54412900
2023-11-16,GOOG,137.8804168701172,138.05936113547102,135.27590333800595,136.1507082605699,17615100
2023-11-16,MSFT,371.9479064941406,372.12587894423325,366.0251173322835,366.7963614577358,27182300
2023-11-17,AAPL,188.3109893798828,188.99597562451044,187.19913643084107,188.8669158544037,50922700
2023-11-17,GOOG,136.13082885742188,137.18456292829686,134.67944927108672,137.00563382280882,25565300
2023-11-17,MSFT,365.6988220214844,370.16807882984364,362.8808042910264,369.4165993883749,40157000
2023-11-20,AAPL,190.05816650390625,190.51482899547432,188.49958819031184,188.50951003765908,46505100
2023-11-20,GOOG,137.1050262451172,137.60704704435696,134.689392442829,134.69932789193166,19569400
2023-11-20,MSFT,373.2036437988281,374.6175863426899,366.83592346802067,367.053455411311,52465100
2023-11-21,AAPL,189.25405883789062,190.12766614172318,188.36060783923182,190.0184652287441,38134500
2023-11-21,GOOG,137.80088806152344,138.14385066626895,136.8913014806493,137.1249134698437,17648100
2023-11-21,MSFT,368.8827209472656,371.9973597461241,366.9545954086588,371.45354494039043,28423100
2023-11-22,AAPL,189.91917419433594,191.52739194971423,189.44266803493824,190.09787347152113,39617700
2023-11-22,GOOG,139.192626953125,140.2662470601932,138.17864987945643,138.27806504753914,17306400
2023-11-22,MSFT,373.60906982421875,375.5272979461787,370.76138971842033,373.7573802099264,23345300
2023-11-24,AAPL,188.58892822265625,189.51215989530726,187.8741613770549,189.48237920572873,24048300
2023-11-24,GOOG,137.40325927734375,138.8516505929,136.65769102710578,138.7154515100776,8828600
2023-11-24,MSFT,373.1937561035156,373.72770364641934,370.92948056102307,373.0948724585258,10176600
2023-11-27,AAPL,188.4102325439453,189.28383984926063,187.52670339120002,188.53929229982836,40552600
2023-11-27,GOOG,137.23423767089844,138.80490295166717,136.72724165609924,136.75707833516546,17886400
2023-11-27,MSFT,374.3605041503906,376.3677485982953,371.97758030717006,372.55105716724864,22179200
2023-11-28,AAPL,189.0157928466797,189.6908571482296,188.0230628104096,188.40030507150686,38415400
2023-11-28,GOOG,137.80088806152344,137.84066019551915,136.23022247843704,136.81674769018824,17046900
2023-11-28,MSFT,378.4046325683594,378.70125333384794,373.91558054196696,374.1034504184605,20453100
2023-11-29,AAPL,187.99330139160156,190.69352857887446,187.5962153955331,189.5121772909601,43014200
2023-11-29,GOOG,135.59400939941406,138.84469129015292,135.48963408926826,138.1637413667312,21014700
2023-11-29,MSFT,374.59783935546875,379.98665110815534,373.20366140430053,379.4527337290247,28963400
2023-11-30,AAPL,188.569091796875,188.93641225844013,186.82189215984647,188.45989087281944,48794400
2023-11-30,GOOG,133.128662109375,136.15070718046258,132.0053344489601,135.59400349048624,29913500
2023-11-30,MSFT,374.65716552734375,375.82391411402256,371.2557732398662,374.2418662773965,30554400
2023-12-01,AAPL,189.84970092773438,190.1673666680402,187.85430382511626,188.94631294335792,45704800
2023-12-01,GOOG,132.5322265625,132.71115567122874,131.3711137712268,132.5322265625,24268000
2023-12-01,MSFT,370.30657958984375,373.91560663875174,367.1424837202218,372.53132601143756,33040500
2023-12-04,AAPL,188.05284118652344,188.66834410198348,186.08723998028688,188.5988457293275,43389500
2023-12-04,GOOG,129.85812377929688,130.67327058439832,128.63538081870539,130.5182017184248,24117100
2023-12-04,MSFT,364.9968566894531,365.3725662940193,358.8268727544712,364.9572971928997,32063300
2023-12-05,AAPL,192.0138397216797,192.98671090530596,188.79738898570994,188.8271848225055,66628400
2023-12-05,GOOG,131.6077117919922,132.75091041718153,128.963425992895,129.5996436498798,19235100
2023-12-05,MSFT,368.3388671875,368.8925793974309,361.51631803473913,362.33701910752933,23065000
2023-12-06,AAPL,190.92184448242188,193.34409300404033,190.7133645134209,193.03634912187633,41089700
2023-12-06,GOOG,130.65335083007812,132.5222464490735,130.53406478414132,132.11466556729303,16360600
2023-12-06,MSFT,364.66064453125,369.9802652283336,363.8992977327105,369.3474641617025,21182100
2023-12-07,AAPL,192.857666015625,193.58235469178888,192.1826017223777,192.22231940614063,47477700
2023-12-07,GOOG,137.6319122314453,139.17275649782513,135.4250287363468,135.79285276461434,38419400
2023-12-07,MSFT,366.7864990234375,367.28088706354185,362.208460944063,364.0970268782678,23118900
2023-12-08,AAPL,194.28720092773438,194.56516412443645,192.26202318278135,192.78816888710017,53406400
2023-12-08,GOOG,135.83258056640625,137.17460935475546,134.76891118641424,134.85837572733794,23016100
2023-12-08,MSFT,370.0296936035156,370.2570927962262,364.0970369580223,365.0561509893791,20154400
2023-12-11,AAPL,191.77557373046875,192.08333275402958,190.02837438732863,191.70609050749914,60943700
2023-12-11,GOOG,133.904052734375,133.99351728261428,132.1047504773144,133.02926298166093,24502900
2023-12-11,MSFT,367.132568359375,367.429219306122,361.990950541345,364.3442425802933,27708800
2023-12-12,AAPL,193.29449462890625,193.30441647720014,190.32622602015354,191.6763396332624,52696900
2023-12-12,GOOG,132.85031127929688,133.74498704885303,132.04510005297158,132.48250248915417,26584000
2023-12-12,MSFT,370.1780090332031,370.2175685270605,366.301993361596,366.6876305328375,24838300
2023-12-13,AAPL,196.5208740234375,196.5605765657659,193.433482543182,193.67172809287342,70404200
2023-12-13,GOOG,133.17837524414062,133.98358654385183,132.16439815590695,133.74997454726432,25414500
2023-12-13,MSFT,370.1681213378906,373.40143865073276,366.60852117355006,371.7995959454895,30955500
2023-12-14,AAPL,196.66978454589844,198.16880172529363,194.73396364592156,196.58044246155973,66831600
2023-12-14,GOOG,132.4129180908203,134.23708174897578,130.28556395877757,133.9736482408709,29619100
2023-12-14,MSFT,361.8228759765625,369.5650106993182,360.0430908454987,369.1200493290244,43277500
2023-12-15,AAPL,196.13368225097656,196.95763485816647,195.56781885438525,196.09396456637802,128538400
2023-12-15,GOOG,133.04913330078125,134.03328883300313,131.84629170780133,132.1345714181923,58594000
2023-12-15,MSFT,366.5689392089844,368.22017823936244,362.16887391656695,362.7324834814476,78502300
2023-12-18,AAPL,194.4658966064453,195.20052232582978,192.9768014723469,194.66443959475328,55751900
2023-12-18,GOOG,136.37933349609375,137.56230409839418,132.97954442591112,133.06900896676828,25699800
2023-12-18,MSFT,368.4673767089844,368.8134543499527,364.54193471439714,365.3033115595372,21802900
2023-12-19,AAPL,195.50827026367188,195.5181921115413,194.46590061872467,194.73394198979324,40714100
2023-12-19,GOOG,137.28399658203125,137.95003584539313,136.63782822064857,137.18458139762546,20661000
2023-12-19,MSFT,369.070556640625,369.070556640625,365.6889292857822,367.3204037269137,20603700
2023-12-20,AAPL,193.41360473632812,196.24287639656293,193.41360473632812,195.46854814025792,52242800
2023-12-20,GOOG,138.83474731445312,142.23254949254328,138.58622457409444,139.50078643837952,33507300
2023-12-20,MSFT,366.460205078125,371.80948757127044,366.3712188472843,370.7910493626897,26316700
2023-12-21,AAPL,193.26467895507812,195.64724016492798,192.09326476649224,194.67436895686498,46482500
2023-12-21,GOOG,140.9621124267578,141.1907491186146,139.64295774328295,139.93819986962146,18101500
2023-12-21,MSFT,369.3474426269531,370.20767302873213,365.88672618527943,368.3784311602655,17708000
2023-12-22,AAPL,192.1925506591797,193.98938969071887,191.56712585784612,193.7610508645393,37149600
2023-12-22,GOOG,141.8766632080078,142.40353020399863,141.21558422432406,141.29015318131982,18513500
2023-12-22,MSFT,370.375732421875,370.9690041075322,368.5267259720335,369.4858399809148,17107500
2023-12-26,AAPL,191.6465606689453,192.48045036895266,191.42815882163003,192.20248713561688,28919300
2023-12-26,GOOG,141.97607421875,143.09442651748293,141.6579578395043,142.135117239749,11170100
2023-12-26,MSFT,370.4548645019531,372.70927284710115,369.3078805824845,370.7910447615306,12673100
2023-12-27,AAPL,191.74583435058594,192.0932959838613,189.70081253792972,191.09064392317032,48087700
2023-12-27,GOOG,140.60423278808594,142.4731287130221,140.21752386731518,141.9860186646691,17288400
2023-12-27,MSFT,369.8714599609375,370.85033858302916,368.62559249642084,369.49572023830234,14905400
2023-12-28,AAPL,192.17269897460938,193.24484932489418,191.76567598880632,192.72862541967714,34049900
2023-12-28,GOOG,140.44517517089844,141.4293307209334,139.9958501650703,141.01181432145262,12192500
2023-12-28,MSFT,371.0679016113281,372.23465019250256,369.9604771834302,371.1568878412429,14327000
2023-12-29,AAPL,191.1303253173828,192.98672576072192,190.33613820624774,192.4903607097449,42672100
2023-12-29,GOOG,140.0972442626953,140.5992650964294,139.0733316956564,139.848721500431,14881000
2023-12-29,MSFT,371.8193664550781,372.92679083929943,369.2881020982719,371.77980696276984,18730800
2024-01-02,AAPL,184.2904052734375,187.07005243391947,182.55312769161858,185.78942219080653,82488700
2024-01-02,GOOG,138.73532104492188,139.78409481296455,136.92608352762693,138.77509317462506,20071900
2024-01-02,MSFT,366.7073669433594,371.68090924219496,362.653379124267,369.6637976615887,25258600
2024-01-03,AAPL,182.9105224609375,184.52867738484042,182.0964765011294,182.88074176951616,58414500
2024-01-03,GOOG,139.53062438964844,140.2563066297623,137.612020720394,137.7810295521356,18974300
2024-01-03,MSFT,366.4404296875,369.0705777416299,364.3738912539091,364.86827930524817,23083500
2024-01-04,AAPL,180.58753967285156,181.7589539428833,179.5650288616003,180.82578520690032,71983600
2024-01-04,GOOG,137.22430419921875,139.80397135530865,137.1944826850485,139.02362150968963,18253300
2024-01-04,MSFT,363.8102722167969,368.91236039556355,363.0489255004596,366.5096417702584,20901500
2024-01-05,AAPL,179.8628387451172,181.43135417752765,178.86018676112266,180.66696287937032,62379700
2024-01-05,GOOG,136.57815551757812,137.98976285155052,136.04135307679252,137.53447659705958,15439500
2024-01-05,MSFT,363.6224365234375,367.88405940220275,362.38646631091734,364.8287446578594,21004600
2024-01-08,AAPL,184.21099853515625,184.2507162227342,180.18051667398524,180.76622380895435,59144500
2024-01-08,GOOG,139.69960021972656,139.80895083115135,137.0652652653444,137.18455132558086,17645300
2024-01-08,MSFT,370.4845275878906,370.988813066157,364.86828645661416,365.1550098059731,23134000
2024-01-09,AAPL,183.79405212402344,183.80397397190293,181.40156892129536,182.58292017691045,42841800
2024-01-09,GOOG,141.71759033203125,141.95617759872704,138.9639544073305,139.23236318628543,19579700
2024-01-09,MSFT,371.5721740722656,371.76991118457596,367.0237980384077,367.83460167151895,20830000
2024-01-10,AAPL,184.83642578125,185.0448906262594,182.58292413922769,183.00980597306068,46792900
2024-01-10,GOOG,142.95028686523438,143.67099372913498,141.61820858404766,141.6778516162464,16641900
2024-01-10,MSFT,378.47381591796875,379.85812659429405,372.0962281951205,372.14565492996707,25514200
2024-01-11,AAPL,184.24078369140625,185.69017636593313,182.28510409693843,185.1838742981323,49128400
2024-01-11,GOOG,142.821044921875,145.79338232215585,141.37464076983966,144.03881240269615,17471100
2024-01-11,MSFT,380.31292724609375,386.2950101261023,376.1106291407019,381.66754557205917,27850800
2024-01-12,AAPL,184.56837463378906,185.382420570264,183.84368591687618,184.7073562390581,40477800
2024-01-12,GOOG,143.38768005371094,143.88472551472387,142.51287518836864,143.48708004473932,13998700
2024-01-12,MSFT,384.1098327636719,384.3174672848406,380.33270101643035,381.1632692761554,21661200
2024-01-16,AAPL,182.29502868652344,182.92043833380222,179.61464536328148,180.83571426310817,65603000
2024-01-16,GOOG,143.22862243652344,144.978217005557,142.21067126537935,142.58245423345727,19198900
2024-01-16,MSFT,385.8896484375,389.6074563331201,383.2693977344923,389.2416139939335,27202300
2024-01-17,AAPL,181.35191345214844,181.60009595806468,178.98922629636922,179.9521756311529,47317400
2024-01-17,GOOG,142.045654296875,142.56258583466206,139.67971299760342,142.0655403629579,17884500
2024-01-17,MSFT,385.0986328125,385.7314338319448,380.4909325183697,383.6253660644491,22234100
2024-01-18,AAPL,187.25868225097656,187.76496914507203,184.47903496158258,184.73713933247967,78005800
2024-01-18,GOOG,144.1332550048828,144.72474034471793,142.50294642304615,142.59241096975455,18876800
2024-01-18,MSFT,389.44927978515625,389.56792810197584,385.7413690092673,387.3234169753243,23392100
2024-01-19,AAPL,190.16738891601562,190.55455307634924,187.44731794521132,187.95360487861367,68903000
2024-01-19,GOOG,147.0956268310547,147.16520530407385,144.93845146949505,145.4404570427606,27181000
2024-01-19,MSFT,394.1953430175781,394.1953430175781,389.0833577969474,391.31800122328355,29331100
2024-01-22,AAPL,192.48043823242188,193.90997199821769,190.86228332421425,190.90200101096366,60133900
2024-01-22,GOOG,146.8372039794922,149.12857669847503,146.70796728171823,147.8312950857497,21829200
2024-01-22,MSFT,392.05963134765625,396.1234867411943,389.17239178292385,395.53021503062706,27016900
2024-01-23,AAPL,193.7610626220703,194.3269260762536,192.42088601370864,193.60223731108647,42355600
2024-01-23,GOOG,147.8014373779297,147.98038163929337,146.32025154817293,146.84711854607121,14113600
2024-01-23,MSFT,394.4227600097656,394.8973833764225,389.5085418380042,391.30812148964645,20525900
2024-01-24,AAPL,193.0860137939453,194.95235131957728,192.9271733347724,193.9993237123997,53631300
2024-01-24,GOOG,149.46157836914062,150.67437052515174,148.95458228361,149.40192017130698,19245000
2024-01-24,MSFT,398.04168701171875,401.07723674810927,395.95538401589334,397.03314629680017,24867000
2024-01-25,AAPL,192.75840759277344,194.84314692565724,191.70611607825748,193.80077725921535,54822100
2024-01-25,GOOG,152.73214721679688,153.8455243308292,150.32644871333386,150.84338030283124,21495100
2024-01-25,MSFT,400.3258056640625,402.44180116533613,398.0120730325646,399.78199083712803,21021200
2024-01-26,AAPL,191.0211181640625,193.3441028913112,190.54461197208147,192.85767485186383,44594000
2024-01-26,GOOG,152.88125610351562,153.19937252086837,151.8971156706601,151.96669415656496,19494500
2024-01-26,MSFT,399.3963317871094,401.61121081981145,397.9131676038507,399.83139569486946,17803300
2024-01-29,AAPL,190.3361358642578,190.80272021826386,188.20177223046258,190.614099077556,47145600
2024-01-29,GOOG,153.92506408691406,154.28293749385196,152.01641097278747,152.73215778666327,20909300
2024-01-29,MSFT,405.1213684082031,405.3784598651388,399.7918504359062,401.50244405119065,24510200
2024-01-30,AAPL,186.67295837402344,190.4056331853674,186.10711010289756,189.5518847070131,55859400
2024-01-30,GOOG,152.14564514160156,154.1238767129664,151.8722609892682,153.09996409848452,26578900
2024-01-30,MSFT,404.0040283203125,408.4139613345208,401.8880631298829,407.6328499314226,33477600
2024-01-31,AAPL,183.05943298339844,185.7398164976455,183.00980859435379,185.6802399646441,55467800
2024-01-31,GOOG,140.9621124267578,144.72971079205197,140.71358966689704,144.53089561788846,43908600
2024-01-31,MSFT,393.1175842285156,410.65849256823645,392.7517419035558,402.39230877230926,47871100
2024-02-01,AAPL,185.50155639648438,185.59089847447947,182.48366340616798,182.6524257138898,64885400
2024-02-01,GOOG,141.8667449951172,143.7654474336978,141.41939187328884,142.8409500083216,25526900
2024-02-01,MSFT,399.2480163574219,403.4206527472509,397.2902287972473,397.3198908735355,30657700
2024-02-02,AAPL,184.49888610839844,185.96812234304272,177.94686171013706,178.55242764739413,102551700
2024-02-02,GOOG,142.69180297851562,143.02980541709115,137.35353962963936,140.0574681265023,42136100
2024-02-02,MSFT,406.6044921875,408.01843470985267,399.03046395458153,399.2776579693306,28256700
2024-02-05,AAPL,186.31556701660156,187.8741604535555,184.48894737475842,186.7821513481828,69668800
2024-02-05,GOOG,144.0736083984375,145.80333228377611,143.05964645023528,143.18886797189305,29254400
2024-02-05,MSFT,401.0970458984375,406.5452122317709,399.4556738410708,405.2993446059863,25352300
2024-02-06,AAPL,187.92381286621094,187.9337347140823,185.4122068995574,185.50154897397763,43490800
2024-02-06,GOOG,144.55075073242188,145.87289335199839,143.66601050351696,145.09750372076138,21517700
2024-02-06,MSFT,400.9388122558594,403.3909878537456,398.38778318773774,401.3244494199643,18382600
2024-02-07,AAPL,188.03302001953125,189.66109684812312,187.23883287556598,189.2540738540102,53439000
2024-02-07,GOOG,145.81324768066406,146.13136405342033,144.35194799526352,145.25655919696413,21436100
2024-02-07,MSFT,409.4027404785156,409.6499345085534,402.82738531452173,402.8669448083425,22340500
2024-02-08,AAPL,186.95094299316406,188.16205980044833,185.98799356738817,188.0131563419714,40962000
2024-02-08,GOOG,146.35006713867188,146.73776199253567,145.55479136523687,146.10154440751242,18241300
2024-02-08,MSFT,409.4620361328125,410.89577347726316,407.89978324873107,409.40271198373665,21225300
2024-02-09,AAPL,187.71630859375,188.8494643803939,186.8714052160575,187.5174970927484,45155200
2024-02-09,GOOG,149.33233642578125,149.8045356714082,146.55881431637218,147.07574583232852,21877700
2024-02-09,MSFT,415.8298034667969,416.09679234296146,410.43109406340193,410.5893018705596,22032800
2024-02-12,AAPL,186.02651977539062,187.53739935899367,185.66868027314752,187.288900125969,41781900
2024-02-12,GOOG,147.8511505126953,149.70016038356613,147.68215686255323,148.65636179751206,17236100
2024-02-12,MSFT,410.59912109375,416.017594125501,410.0948356904119,415.8396216919868,21202900
2024-02-13,AAPL,183.9291534423828,185.09214299646604,182.40833961588856,184.654781996159,56529500
2024-02-13,GOOG,145.50509643554688,147.16522660378953,144.25254722231065,145.20688126712756,18138500
2024-02-13,MSFT,401.759521484375,405.4674319451174,398.86241468639423,400.39500560681336,27824900
2024-02-14,AAPL,183.0445098876953,184.41623036442274,181.34478380471282,184.20749952407863,54630500
2024-02-14,GOOG,146.2705535888672,146.95647882674143,144.69491263167595,146.49919027861682,16651800
2024-02-14,MSFT,405.6426696777344,405.989387335356,400.7689119546156,404.23602806912544,20401200
2024-02-15,AAPL,182.75625610351562,183.3824789542038,180.26132954316023,182.4481195157763,65434500
2024-02-15,GOOG,143.08946228027344,143.90460902007,141.04163722845823,143.60639385223286,26724300
2024-02-15,MSFT,402.7402038574219,405.2860649354581,400.49154229797136,404.30537605508795,21825500
2024-02-16,AAPL,181.21556091308594,183.7403213725013,180.57940354414131,182.31889800876044,49752500
2024-02-16,GOOG,140.92233276367188,143.62626146002236,140.6837606348687,143.35786781511877,21865100
2024-02-16,MSFT,400.2637023925781,404.45397083978673,399.6495323619633,404.1270543842311,22296500
2024-02-20,AAPL,180.47007751464844,181.33484997745663,178.91944475353475,180.69869255835386,53665600
2024-02-20,GOOG,141.35971069335938,142.4820370378955,139.9679896214417,140.10716172863346,18625600
2024-02-20,MSFT,399.0056457519531,400.68965547755954,394.27055684913546,399.4513996951192,24307900
2024-02-21,AAPL,181.2255096435547,181.7920799507102,179.57547126273693,180.84778599399235,41371400
2024-02-21,GOOG,142.9900360107422,143.12920813446976,141.07144779302453,141.79712992613094,16440800
2024-02-21,MSFT,398.4013366699219,398.5103188921078,393.4879464924858,396.4102420513832,18518900
2024-02-22,AAPL,183.26321411132812,183.8496838430312,181.36469145049406,182.3785574262725,52292200
2024-02-22,GOOG,144.4613037109375,145.33609342970553,143.15903182861547,145.25656433370406,23024700
2024-02-22,MSFT,407.7823486328125,408.95125472253443,404.73129998270167,406.3360744839896,27009900
2024-02-23,AAPL,181.42433166503906,183.92919311532802,181.1360640493915,183.8993744195286,45119700
2024-02-23,GOOG,144.4314727783203,145.09255177888215,143.93442728498795,144.11337155027243,14519400
2024-02-23,MSFT,406.48468017578125,411.9528065802778,405.1275567366277,411.76461952225566,16295900
2024-02-26,AAPL,180.0724639892578,181.66284976948523,179.56551591408572,181.14598235368476,40867400
2024-02-26,GOOG,137.93011474609375,142.9900338736069,137.92017929762736,142.60233902268715,33513000
2024-02-26,MSFT,403.7110290527344,408.2876177161092,403.5326972396102,407.5941823661443,16193500
2024-02-27,AAPL,181.53366088867188,182.8159102315647,178.482083088638,180.0128468267154,54318900
2024-02-27,GOOG,139.27215576171875,139.65985064662803,137.681604087482,138.58623054181194,22364000
2024-02-27,MSFT,403.6515808105469,404.4836850623454,400.055681208624,404.1567686089776,14835800
2024-02-28,AAPL,180.33091735839844,182.02070906977036,179.0486680197237,181.4143703487687,48953900
2024-02-28,GOOG,136.61790466308594,138.45697888957218,135.83257952882659,138.27804980909158,30628700
2024-02-28,MSFT,403.8892822265625,405.45442409031557,401.5118373886908,404.34495184803217,13183100
2024-02-29,AAPL,179.66494750976562,181.47402922690614,178.45227002550848,180.1818301671186,136682600
2024-02-29,GOOG,138.9540252685547,139.1230189019037,136.757092866394,137.53248255758288,35485000
2024-02-29,MSFT,409.7536926269531,410.30842877280423,402.1062240667456,404.80066973124497,31947300
2024-03-01,AAPL,178.58148193359375,179.44625436004063,176.31517027538303,178.47214167082092,73563100
2024-03-01,GOOG,137.2640838623047,139.17273671704638,137.15970855698177,138.78504184293672,28551500
2024-03-01,MSFT,411.5962219238281,411.9627407983519,407.019633390637,407.4059534745647,17823400
2024-03-04,AAPL,174.0488739013672,175.8380562970389,172.74672514229152,175.0925585764457,81510100
2024-03-04,GOOG,133.40699768066406,135.8226464903749,132.07491949581865,135.7331667799237,43571500
2024-03-04,MSFT,411.0216979980469,413.4288600615765,408.44611984108144,409.55559222110224,17596000
2024-03-05,AAPL,169.0987548828125,171.00722719097524,168.60175641192043,169.73491231886675,95132400
2024-03-05,GOOG,132.98948669433594,133.22807398414722,130.77266811276874,131.9556387757354,28447600
2024-03-05,MSFT,398.8669128417969,410.3579315766557,396.875818269098,410.07064779480004,26919200
2024-03-06,AAPL,168.104736328125,170.21201988746688,167.6673753032203,170.03309257401145,68587700
2024-03-06,GOOG,131.7766876220703,133.94381367742895,131.17029156473757,133.44676822612746,23175200
2024-03-06,MSFT,398.3122253417969,401.35338891279406,394.6470062269907,399.1839622822259,22344100
2024-03-07,AAPL,167.9854736328125,169.70508399774383,167.47854068144582,168.13456709874717,71765100
2024-03-07,GOOG,134.44088745117188,135.01746211638246,131.87613056190827,133.09885838248545,24107300
2024-03-07,MSFT,405.2960205078125,405.929991794264,398.4608239093344,402.30437497315796,18718500
2024-03-08,AAPL,169.70506286621094,172.65723446162582,167.92581533645617,167.98545271540405,76267000
2024-03-08,GOOG,135.48463439941406,138.1637165038423,134.0034487503754,134.23706070536522,26495200
2024-03-08,MSFT,402.4034118652344,406.56396338142315,400.5311546136932,404.1270542383835,18002200
2024-03-11,AAPL,171.7129669189453,173.33318674250597,171.01717211248007,171.9018287593836,60139500
2024-03-11,GOOG,138.11900329589844,139.15285124170993,136.2600580158085,136.2600580158085,22536400
2024-03-11,MSFT,400.7193908691406,401.8684959158896,397.4900401967336,399.9665518757127,16120800
2024-03-12,AAPL,172.19007873535156,172.98527928876703,169.9834044040384,172.1105571632911,59825400
2024-03-12,GOOG,138.79498291015625,139.4510866217072,137.39332610463848,137.433083071115,19019700
2024-03-12,MSFT,411.3782653808594,411.66554917132913,402.9680422398846,403.7902307329295,22457000
2024-03-13,AAPL,170.10269165039062,172.1503228051375,169.73490248954016,171.73284593382695,52488700
2024-03-13,GOOG,139.9381866455078,141.34979396788552,139.18266781900704,139.23237540000693,19637000
2024-03-13,MSFT,411.1999816894531,414.25103060175684,407.5842808912539,414.1717955341408,17115900
2024-03-14,AAPL,171.96145629882812,173.26358975503445,171.0171623179081,171.87200022180366,72913500
2024-03-14,GOOG,143.48709106445312,143.87478594707295,140.64896551131784,141.45915210197046,36117900
2024-03-14,MSFT,421.224853515625,423.80043130347383,414.0627719816199,416.291632142688,34157300
2024-03-15,AAPL,171.58372497558594,171.58372497558594,169.2677105816515,170.14243263043366,121752700
2024-03-15,GOOG,141.3299102783203,143.4870858460988,140.29606235180813,142.56258853217557,41039500
2024-03-15,MSFT,412.507568359375,418.62949734684355,408.91166893317825,415.35059863846544,45079900
2024-03-18,AAPL,172.67713928222656,176.64319229534289,172.4783429395777,174.51603957790343,75604200
2024-03-18,GOOG,147.60263061523438,152.02633262688852,147.26464330841702,148.4873710175652,47676700
2024-03-18,MSFT,413.3990783691406,416.77704335143346,409.8923299645461,410.35791529010197,20106000
2024-03-19,AAPL,175.02296447753906,175.54978158656556,171.99127109820583,173.29340452493878,55215200
2024-03-19,GOOG,147.0459442138672,148.7358959412155,146.14131773070486,148.09967828496818,17748400
2024-03-19,MSFT,417.4506530761719,417.70821992442677,411.64569488735077,413.9042719765494,19837900
2024-03-20,AAPL,177.59742736816406,177.59742736816406,174.0389165846836,174.66513949599232,53423100
2024-03-20,GOOG,148.7955322265625,148.8750613260639,146.79243948678413,147.9107918514684,17730000
2024-03-20,MSFT,421.23480224609375,421.95792425172124,416.7077319976527,418.0351385254577,17860100
2024-03-21,AAPL,170.3412322998047,176.42450322724187,169.81441519205438,175.98714219427453,106181300
2024-03-21,GOOG,147.861083984375,150.41091436773635,147.13538671549907,149.43174940597726,19843900
2024-03-21,MSFT,425.3359069824219,426.7722957944647,423.1466792053097,425.7915766495499,21296200
2024-03-22,AAPL,171.24578857421875,172.0111704512642,169.0391141931604,170.7289059277682,71160100
2024-03-22,GOOG,150.87319946289062,151.65852470027477,149.2031186493154,149.35224140458791,19252900
2024-03-22,MSFT,424.71185302734375,425.8213254638717,422.06695538505966,425.66285531367333,17648500
2024-03-25,AAPL,169.82435607910156,170.90780893012868,168.43275148556643,169.54603819383198,54288300
2024-03-25,GOOG,150.25686645507812,150.56105809456264,147.92076142838152,150.05805126515472,15114700
2024-03-25,MSFT,418.8870544433594,423.39432359578046,417.64879867030754,421.2446982721868,18060500
2024-03-26,AAPL,168.6912078857422,170.39093396328443,168.56198344496033,168.97946029150032,57388400
2024-03-26,GOOG,150.80361938476562,152.29475605996495,150.13758015674512,150.34634596546877,19312700
2024-03-26,MSFT,417.68841552734375,421.9876357811286,417.3912462453885,421.6112012034168,16725600
2024-03-27,AAPL,172.2696075439453,172.55787515067234,169.08882036385705,169.38702247981306,60273300
2024-03-27,GOOG,151.0421905517578,151.78775880958054,149.242888249859,151.24598102913103,16622000
2024-03-27,MSFT,417.4704895019531,420.4621347429845,415.073243298201,420.4522190231072,16705000
2024-03-28,AAPL,170.45057678222656,171.1960744249358,169.4863986176142,170.71896018041463,65672700
2024-03-28,GOOG,151.36029052734375,151.7678714786971,150.43579317628,151.10183232748852,21105600
2024-03-28,MSFT,416.76715087890625,417.9063400745122,415.1821775398297,417.00488629896955,21871200
2024-04-01,AAPL,169.00927734375,170.22195467216173,168.46257606173032,170.16231728997553,46240500
2024-04-01,GOOG,155.5752410888672,156.07228658755366,150.7538936841584,150.9328379513705,24469800
2024-04-01,MSFT,420.58099365234375,423.8698081123032,418.253066843913,419.9668236498753,16316000
2024-04-02,AAPL,167.826416015625,168.32341441545842,167.2200773611407,168.06498070773253,49329500
2024-04-02,GOOG,154.94894409179688,155.06824531474004,152.55319654534185,153.83556713514977,17598100
2024-04-02,MSFT,417.48040771484375,418.41157846327263,413.91422508584526,416.1628866591322,17912000
2024-04-03,AAPL,168.63156127929688,169.6553768320082,167.56799252573734,167.7767233727702,47691700
2024-04-03,GOOG,155.4459991455078,155.624943406665,153.22123218444426,154.00457028181484,17266200
2024-04-03,MSFT,416.4997253417969,419.2833219106777,415.1524873360607,415.7864888048433,16502300
2024-04-04,AAPL,167.8065643310547,170.88794562795422,167.8065643310547,169.2677258236611,53704400
2024-04-04,GOOG,151.0421905517578,155.25712672806222,150.982547518112,154.16363571776392,24184800
2024-04-04,MSFT,413.953857421875,424.6424895808556,413.64677241260966,420.9970416568271,19370900
2024-04-05,AAPL,168.56198120117188,169.3671161921521,167.93575835610383,168.57191570910442,42104800
2024-04-05,GOOG,153.03038024902344,153.92505613583995,150.1882651705073,150.78372474483282,16297300
2024-04-05,MSFT,421.5220642089844,422.5027833332265,414.38972913104834,416.06385334615516,16554800
2024-04-08,AAPL,167.43878173828125,168.1842794442996,167.23005087422234,168.01530178433154,37425500
2024-04-08,GOOG,155.2173614501953,155.72931768640746,153.0800719596687,153.10491816614896,16641500
2024-04-08,MSFT,420.6007995605469,423.26552832814343,419.32291117383534,421.1753671524619,14272400
2024-04-09,AAPL,168.6514434814453,169.05898582949538,167.33937552823474,167.68726532493085,42373800
2024-04-09,GOOG,157.20553588867188,158.94519498103926,155.71439952378554,156.4202107440261,21521500
2024-04-09,MSFT,422.2749328613281,423.72120713043927,417.65871174097106,422.43343322697575,12496900
2024-04-10,AAPL,166.77279663085938,168.0749301271986,166.1068205360595,167.78667770328389,49709300
2024-04-10,GOOG,156.7283935546875,157.22543906373932,155.27701399406115,156.9470947921603,16339200
2024-04-10,MSFT,419.2832946777344,420.04604930389615,415.7567448715327,418.223340545814,16216600
2024-04-11,AAPL,173.98919677734375,174.40668878905643,167.15050896636146,167.32942111379162,91070300
2024-04-11,GOOG,159.83987426757812,160.16792609534323,156.99677359557123,157.40435451812397,17841700
2024-04-11,MSFT,423.909423828125,425.33589688609106,418.39174889077384,421.8192626102262,17966400
2024-04-12,AAPL,175.4901580810547,177.28929006742356,173.16420894399843,173.21389665591335,101670900
2024-04-12,GOOG,158.2493438720703,160.74450674497427,157.66283384049666,158.46306979005698,16989800
2024-04-12,MSFT,417.9360656738281,421.1852474824693,415.82607308443,420.06585947169174,19253800
2024-04-15,AAPL,171.6533203125,175.56967037066977,171.46445848220424,174.30729011068368,73531800
2024-04-15,GOOG,155.40625,159.87965956188154,155.22730572983969,159.33290647059323,21140900
2024-04-15,MSFT,409.7536926269531,422.80985372463516,409.54564389911945,422.59191950798987,20273500
2024-04-16,AAPL,168.3632049560547,172.71690119832985,167.25986775641732,170.71897282804144,73711200
2024-04-16,GOOG,155.07818603515625,156.3009136393726,154.13380267956435,154.7203126914071,15413200
2024-04-16,MSFT,410.6848449707031,414.46896182763265,409.8428552388163,410.6749594816062,16765600
2024-04-17,AAPL,166.99147033691406,169.62555591523414,166.99147033691406,168.59180586766368,50901200
2024-04-17,GOOG,155.95298767089844,157.74334031297948,155.21237962421873,156.2611534277104,16237800
2024-04-17,MSFT,407.9706115722656,414.9444767069898,406.4747888910302,413.32978630581465,15855500
2024-04-18,AAPL,166.03721618652344,167.62761710838,165.55016746918514,167.02127846323074,43122900
2024-04-18,GOOG,156.52955627441406,157.5484933565916,155.28694267730828,155.99771401438326,14016100
2024-04-18,MSFT,400.47174072265625,408.0201737333556,400.15477020238865,406.7720021700929,21029900
2024-04-19,AAPL,164.0094757080078,165.40106519259456,163.0950004513954,165.21221853676252,68149400
2024-04-19,GOOG,154.7998504638672,157.05644126257425,153.00054819560452,156.8178539638261,21479900
2024-04-19,MSFT,395.3701171875,401.67037838778936,394.03279488372993,400.23398957432255,30565800
2024-04-22,AAPL,164.8444366455078,166.2559103754066,163.78086788564391,164.52636553527142,48116400
2024-04-22,GOOG,157.01666259765625,158.24436552826796,154.74020099520723,155.08812372670755,17243900
2024-04-22,MSFT,397.1927795410156,399.0650365930518,392.0317384607879,396.32104272721153,20286900
2024-04-23,AAPL,165.8980712890625,166.0471799196536,163.92996173620628,164.3573882766078,49537800
2024-04-23,GOOG,158.9750213623047,159.53170986192706,157.03157175366397,157.65287859138962,16115400
2024-04-23,MSFT,403.74072265625,404.36480838898973,399.27308625210287,400.4419924205836,15734500
2024-04-24,AAPL,168.00537109375,168.28368903028098,165.2122420517991,165.54024770277562,48251800
2024-04-24,GOOG,160.14804077148438,160.4363204415746,157.88151486439565,158.1499084704244,19485700
2024-04-24,MSFT,405.2167053222656,408.5946705531457,402.95812809887644,405.7120076101216,15065300
2024-04-25,AAPL,168.87013244628906,169.58581142644354,167.14057238305094,168.51229295621184,50558300
2024-04-25,GOOG,157.01666259765625,157.34471443155596,151.86529166524883,152.45378877533378,36197800
2024-04-25,MSFT,395.2908630371094,396.1328829826048,384.3842968555106,390.32792438015684,40586500
2024-04-26,AAPL,168.28366088867188,170.31140768247312,168.16437095925713,168.86018085141623,44838400
2024-04-26,GOOG,172.6636505126953,175.3775144172109,170.3871738616868,174.95006261198014,56500800
2024-04-26,MSFT,402.5024719238281,409.1197034555493,401.94773576133974,408.2975149317784,29694700
2024-04-29,AAPL,172.45843505859375,174.97324560716834,172.06084242792699,172.32921062839307,68169400
2024-04-29,GOOG,166.90786743164062,170.36731492110758,166.0728346591311,169.76091882398472,35914600
2024-04-29,MSFT,398.470703125,402.50247113048255,395.4394554463583,401.4425169456961,19582100
2024-04-30,AAPL,169.30747985839844,173.9395086711804,168.9794590883409,172.28947031289857,65934800
2024-04-30,GOOG,163.66712951660156,168.86622081448593,163.52795739364979,166.39094411565628,29420800
2024-04-30,MSFT,385.67205810546875,398.38153147568886,385.51358797981476,397.71781312224874,28781400
2024-05-01,AAPL,168.28366088867188,171.67319360904702,168.0947990703537,168.56197877866052,50383100
2024-05-01,GOOG,164.5916290283203,167.81247366878333,163.92557481159432,165.19800988388482,25223200
2024-05-01,MSFT,391.2294006347656,397.9456989138246,386.64289629476144,388.92127488428895,23562500
2024-05-02,AAPL,171.9912872314453,172.37894542666191,169.8641344122997,171.47440458209337,94214900
2024-05-02,GOOG,167.46456909179688,167.53414757101976,164.71093289695798,165.68513778644777,17041100
2024-05-02,MSFT,394.10211181640625,396.1724717048869,390.94208087323796,393.92381025223517,17709400
2024-05-03,AAPL,182.27914428710938,185.87740797297917,181.56346535319665,185.52950301417593,163224100
2024-05-03,GOOG,167.99143981933594,168.84635866709175,164.00512528995867,168.5381777222921,22767100
2024-05-03,MSFT,402.8392333984375,403.324619934145,398.08431361506535,398.500380810565,17446700
2024-05-06,AAPL,180.61917114257812,183.09421354898845,179.33690673477625,181.2553285088154,78569700
2024-05-06,GOOG,168.82647705078125,168.89605553338504,166.89793807579878,168.22008093152002,15147900
2024-05-06,MSFT,409.65460205078125,410.0409220939022,402.55195433412575,404.91951364996123,16996600
2024-05-07,AAPL,181.3050079345703,183.78999990279186,180.23150475142342,182.34870759466082,77305800
2024-05-07,GOOG,171.95785522460938,172.44496527047554,168.99546832125176,169.11475438610685,21102400
2024-05-07,MSFT,405.4941101074219,410.7740499032866,405.2464589410717,410.7641341827589,20018200
2024-05-08,AAPL,181.6429901123047,181.97101089337855,180.36072568018065,181.75233037266264,45057100
2024-05-08,GOOG,170.14862060546875,170.89318773237505,169.51439005683562,169.7410396516332,14569900
2024-05-08,MSFT,406.6828308105469,408.356955043612,402.88879817126514,404.33510268855184,11792300
2024-05-09,AAPL,183.46202087402344,183.55147695770702,181.0167817496789,181.46407733528633,48983000
2024-05-09,GOOG,170.56614685058594,171.42106577372041,168.92588749122135,170.13867980470576,11937700
2024-05-09,MSFT,408.44610595703125,408.8423417605904,405.2563578574711,406.71254786446275,14689700
2024-05-10,AAPL,182.1979217529297,184.22841905381327,181.28220609270682,184.039301056681,50759500
2024-05-10,GOOG,169.2837677001953,170.32756639481153,166.91784118350864,168.687322138005,18740500
2024-05-10,MSFT,410.8433532714844,411.47735474348696,407.9309732500374,409.06027703547176,13402300
2024-05-13,AAPL,185.41287231445312,186.22906253508128,183.76059590764,184.57678612826817,72044800
2024-05-13,GOOG,169.89012145996094,169.93982903655484,164.78049505973752,164.86698654638334,19648600
2024-05-13,MSFT,409.83294677734375,414.4194510292962,406.9601994102217,414.0826490844057,15440200
2024-05-14,AAPL,186.55752563476562,187.42348620330452,185.42283282321628,186.63715506565202,52393600
2024-05-14,GOOG,170.9140625,171.75904593797182,169.41299051424886,170.57607519226138,18729500
2024-05-14,MSFT,412.646240234375,413.56749523570926,407.68330162903794,408.14888698952717,15109300
2024-05-15,AAPL,188.83688354492188,189.76254724660947,186.4978163614719,187.03531124896162,70400000
2024-05-15,GOOG,172.8525390625,173.01755852407757,171.01346473943843,171.28187354287763,20958200
2024-05-15,MSFT,419.8609313964844,420.58538800605515,414.095139906024,414.7203513205961,22239500
2024-05-16,AAPL,188.95631408691406,190.21045865928463,188.7771592552961,189.58338637309936,52845200
2024-05-16,GOOG,174.39337158203125,175.2979980051797,173.02153635812834,173.56828942534028,17247300
2024-05-16,MSFT,417.7868347167969,422.18315151911617,417.151719986036,418.59066930665216,17530100
2024-05-17,AAPL,188.98617553710938,189.9218023921439,188.29938496531759,188.62785068172937,41282900
2024-05-17,GOOG,176.24237060546875,176.44616106207522,173.94602303235814,174.51266213150154,16546400
2024-05-17,MSFT,417.0127868652344,419.7021893979302,414.84938085500266,419.32507581561083,15352200
2024-05-20,AAPL,190.15072631835938,191.02663488992152,188.1301769262196,188.44869465688268,44361300
2024-05-20,GOOG,177.4054718017578,178.8866575608345,176.177768911966,176.26225814551978,17495100
2024-05-20,MSFT,422.10369873046875,423.5228109766757,416.7943993841393,417.0127266747387,16272100
2024-05-21,AAPL,191.4546356201172,191.83285642957057,190.03128423275254,190.20049107683238,42309400
2024-05-21,GOOG,178.47909545898438,178.7574549003471,176.26227672660164,177.34583230037447,14706000
2024-05-21,MSFT,425.775634765625,429.67572588260487,421.61751218118434,423.5824278629751,21453300
2024-05-22,AAPL,190.01136779785156,191.92244369758092,189.38431073139583,191.37500087150013,34648500
2024-05-22,GOOG,176.9481964111328,177.7951669108366,175.7354041885328,177.34582674011241,16189400
2024-05-22,MSFT,427.24432373046875,429.1199579656232,423.8801327186548,426.8176027078419,18073700
2024-05-23,AAPL,186.0100860595703,190.11090276702717,185.76124979940406,190.09099161364105,51005900
2024-05-23,GOOG,174.0255584716797,178.8469056242344,173.50862693286606,177.72357800199248,14928400
2024-05-23,MSFT,423.7511291503906,430.3009184683396,422.183164058962,429.6757070386861,17211700
2024-05-24,AAPL,189.0956573486328,189.6928704821682,187.16468542966413,187.94106857836448,36327000
2024-05-24,GOOG,175.2880859375,176.25632970061713,174.1647581376284,175.47696567396972,11403600
2024-05-24,MSFT,426.8870849609375,427.7802311569624,421.180834455013,423.9396813142882,11855300
2024-05-28,AAPL,189.10560607910156,192.1015891258543,188.219749617586,190.61851957640835,52280100
2024-05-28,GOOG,176.9680633544922,177.45515817956164,174.64187915859887,174.70153735326124,15655300
2024-05-28,MSFT,427.0458679199219,427.54206361225715,423.3541707575322,426.3611154416687,15718000
2024-05-29,AAPL,189.4042205810547,191.35510374397245,188.6278525845266,188.7273931739324,53068000
2024-05-29,GOOG,176.3517303466797,177.17682766422985,175.21846725831693,175.76522032038324,15023800
2024-05-29,MSFT,425.9046325683594,427.66115445230247,422.4510995765547,422.4510995765547,15517100
2024-05-30,AAPL,190.39956665039062,191.2854232244703,189.7426503955058,189.8720349370489,49889100
2024-05-30,GOOG,172.53443908691406,175.645948907102,172.20638722231632,175.645948907102,18826300
2024-05-30,MSFT,411.5149230957031,421.071626093263,411.08817181006793,421.071626093263,28394500
2024-05-31,AAPL,191.3551025390625,191.67362027294615,189.02599856414395,190.5488754083416,75158300
2024-05-31,GOOG,172.9320526123047,173.38932591329748,169.9597154813605,172.37534898927885,28085200
2024-05-31,MSFT,411.971435546875,413.5791047255822,401.43224401056676,413.5791047255822,47995300
2024-06-03,AAPL,193.12680053710938,194.0823384761381,191.62383496596826,192.0020557606219,50080500
2024-06-03,GOOG,173.38934326171875,174.82083666976737,171.43098285885,172.85254081801264,20742800
2024-06-03,MSFT,410.3736877441406,413.2615504010757,405.80871145548105,412.36840418309373,17484700
2024-06-04,AAPL,193.44532775878906,194.41081372828987,192.13146492648488,193.73397115741048,47471400
2024-06-04,GOOG,174.0951690673828,174.1548121029323,172.1964515363877,173.41917927102895,14066600
2024-06-04,MSFT,412.904296875,413.27147684716857,406.56290129495756,409.2919776436919,14348900
2024-06-05,AAPL,194.95823669433594,195.9834409155792,193.96289161058436,194.49042328995185,54156800
2024-06-05,GOOG,176.02371215820312,176.91838804924114,174.2542161073903,175.49186979796482,15233900
2024-06-05,MSFT,420.78387451171875,420.8533188907335,413.1325152430589,414.6310359031759,16988000
2024-06-06,AAPL,193.57470703125,195.58530834672572,193.2661524862918,194.77908126144504,41181800
2024-06-06,GOOG,177.296142578125,177.6540159583146,176.1628794022955,176.38156547537622,14255800
2024-06-06,MSFT,421.2899475097656,422.07394512362515,417.37992333025653,420.7838485363347,14861300
2024-06-07,AAPL,195.9735107421875,196.02328103845028,193.2363115131171,193.74393208436854,53103900
2024-06-07,GOOG,174.91030883789062,178.35980582969552,174.75125063703723,177.4054869618251,14716300
2024-06-07,MSFT,420.6250915527344,423.03659533238357,419.78155282449774,422.9572173477245,13621700
2024-06-10,AAPL,192.22103881835938,196.3815891899795,191.25555286655262,195.98344204153506,97010200
2024-06-10,GOOG,175.7860870361328,177.61729208316433,173.5468372773293,175.60693915876868,17099800
2024-06-10,MSFT,424.6144714355469,424.82286513391676,420.66477334419267,421.4686078947135,13982900
2024-06-11,AAPL,206.1857147216797,206.19567789204126,192.7286609927464,192.74855695795014,172373300
2024-06-11,GOOG,177.33863830566406,177.5376796995729,174.60177737823386,176.87088267774155,14402400
2024-06-11,MSFT,429.38787841796875,429.5268277427762,422.01441801832095,422.24267892962746,14551100
2024-06-12,AAPL,212.0782012939453,219.1750019825869,205.9369082694312,206.40472171133436,198134300
2024-06-12,GOOG,178.7021026611328,181.2100669534405,176.93060829201087,178.89119731613226,18600400
2024-06-12,MSFT,437.7041320800781,440.0263242349242,429.9535579589742,432.00781534858527,22366200
2024-06-13,AAPL,213.24273681640625,215.74104751612717,210.61502639534655,213.74040935969603,97862700
2024-06-13,GOOG,175.89556884765625,177.65710112522518,175.81594925308312,176.99030410479574,15956900
2024-06-13,MSFT,438.2201843261719,440.01644063600304,436.02700779586485,437.49575798146077,15960600
2024-06-14,AAPL,211.50086975097656,214.16838712685717,210.31640674162668,212.8545395919822,70122700
2024-06-14,GOOG,177.5177764892578,177.87605708371765,175.01181686491293,175.01181686491293,12361600
2024-06-14,MSFT,439.2026672363281,439.7683376003339,433.39717151476515,434.94529966913103,13582000
2024-06-17,AAPL,215.6614227294922,217.9308083607288,211.72981259041407,212.37678083551464,93728300
2024-06-17,GOOG,177.9258270263672,179.06037974813532,175.6467748275639,176.1344239957107,15272900
2024-06-17,MSFT,444.9585266113281,447.5089797746042,437.3667384679764,439.22250553797545,20790000
2024-06-18,AAPL,213.29248046875,217.61228945527094,212.008492058615,216.5771221156608,79943300
2024-06-18,GOOG,175.60696411132812,178.05521754395593,174.7809278161781,177.93578054678056,15640300
2024-06-18,MSFT,442.9439697265625,446.7150751827561,441.50502038116036,446.28832386783046,17112500
2024-06-20,AAPL,208.70394897460938,213.24273529474334,207.87782592387282,212.93416556238657,86172500
2024-06-20,GOOG,176.86094665527344,177.8860243226978,175.61691888549765,175.8657244394528,16753200
2024-06-20,MSFT,442.308837890625,443.1325093875715,437.9125211824865,442.90424847377636,19877400
2024-06-21,AAPL,206.52415466308594,210.90366690915465,206.14591867526494,209.41064929966387,241805100
2024-06-21,GOOG,179.39874267578125,181.6399819064703,177.2092569416616,177.6372103708935,58903200
2024-06-21,MSFT,446.3577880859375,447.1516890658263,443.112679216781,443.9760548608899,34187100
2024-06-24,AAPL,207.17111206054688,211.70988292620214,205.62832424046638,206.75306897426384,80727000
2024-06-24,GOOG,179.92620849609375,181.21005359280775,179.36888651353593,180.4138728237744,18198300
2024-06-24,MSFT,444.2638244628906,449.3051589171117,443.0134017395748,446.3775924820204,15913700
2024-06-25,AAPL,208.09681701660156,210.39606187439708,207.63895156671146,208.17643126307132,55549700
2024-06-25,GOOG,184.69334411621094,184.86253007378372,180.23971854209776,180.27953593557731,18797000
2024-06-25,MSFT,447.5188903808594,447.98531552571586,443.3508346061679,444.8394216277891,16413400
2024-06-26,AAPL,212.25733947753906,213.8598456726642,209.65948819693895,210.51548557795786,66213200
2024-06-26,GOOG,184.48431396484375,185.04163590550542,183.1109178070372,183.31990594184336,13375700
2024-06-26,MSFT,448.71966552734375,450.1487114593878,444.7798707523325,445.5837053034348,16507000
2024-06-27,AAPL,213.1033935546875,214.73575892320002,211.36153961685812,213.69064352295018,49772700
2024-06-27,GOOG,185.96722412109375,186.60416573269256,184.5639571501713,184.7580327717585,13025700
2024-06-27,MSFT,449.4044494628906,452.6991961641024,448.3326497960473,448.73953390240615,14806300
2024-06-28,AAPL,209.6395721435547,215.0642148828325,209.3210696212814,214.76560832661605,82542700
2024-06-28,GOOG,182.54364013671875,185.68854569273938,182.44909282008098,184.8326540587815,23032400
2024-06-28,MSFT,443.54931640625,451.9151680373726,443.01341660893064,449.62274649126965,28362300
2024-07-01,AAPL,215.74102783203125,216.49748456121918,210.9335096799559,211.1027165067048,60402900
2024-07-01,GOOG,183.60855102539062,184.45448079252304,181.85695021648436,183.5985890843218,11815900
2024-07-01,MSFT,453.2548828125,453.88999748693993,442.269104011504,445.24627786855143,17662800
2024-07-02,AAPL,219.24465942382812,219.35414798734178,214.09872731420612,215.1438274713018,58046200
2024-07-02,GOOG,185.71841430664062,186.05678620812816,182.18537247930126,182.59341722362268,12555500
2024-07-02,MSFT,455.7854919433594,456.0931308349297,449.6624240698802,449.75176594132466,13979800
2024-07-03,AAPL,220.5187225341797,220.5187225341797,218.0104484863841,218.97593450353426,37369800
2024-07-03,GOOG,186.4946746826172,186.7235715208983,184.49924944874618,185.4098862034974,7409100
2024-07-03,MSFT,457.26416015625,457.5122579984809,454.39616484845857,454.70380374999445,9932800
2024-07-05,AAPL,225.28640747070312,225.39589603978789,220.61823649717394,220.61823649717394,60412400
2024-07-05,GOOG,191.04286193847656,191.3414164524946,186.42503149573994,186.42503149573994,14303400
2024-07-05,MSFT,464.00250244140625,464.78650009669735,455.4778642825478,456.1129790053472,16000300
2024-07-08,AAPL,226.759521484375,226.78938062149984,222.21078721739227,226.03290864697604,59085900
2024-07-08,GOOG,189.56993103027344,190.76320761742,188.41548475483415,190.45071244561234,12097600
2024-07-08,MSFT,462.69256591796875,464.14147919648303,460.92611040198074,463.0002048353039,12962300
2024-07-09,AAPL,227.61549377441406,228.33214340978847,225.3162491891544,226.86898500321237,48076100
2024-07-09,GOOG,189.53012084960938,191.93855678500145,189.32111750289536,190.8338595201093,10198500
2024-07-09,MSFT,456.0435485839844,463.7742557192127,454.51525736098597,463.4467798855468,17207200
2024-07-10,AAPL,231.8955078125,231.9950484021832,228.18287467129386,228.23264496613547,62627700
2024-07-10,GOOG,191.73951721191406,192.3864055827935,189.7092553720072,189.83863912053747,12052900
2024-07-10,MSFT,462.7024841308594,462.91087784219644,455.36869724486377,457.71075666628917,18196100
2024-07-11,AAPL,226.5106964111328,231.30825199534104,224.7190721562944,230.31290687462652,64710600
2024-07-11,GOOG,186.40512084960938,191.49070689229055,185.9274184462918,190.42581185047976,16452000
2024-07-11,MSFT,451.2403869628906,461.2436790661222,448.1143297880847,459.457386639418,23111200
2024-07-12,AAPL,229.46685791015625,231.55708874298097,227.6155153743793,227.8544036714271,53046500
2024-07-12,GOOG,185.88760375976562,187.78848183152007,185.25066215077658,186.02693426217306,14449100
2024-07-12,MSFT,450.0990905761719,452.8877078833818,447.22116168053736,450.8731546278995,16324300
2024-07-15,AAPL,233.3088836669922,236.12571210202407,232.00498402552307,235.37920328245679,62631300
2024-07-15,GOOG,187.29086303710938,188.99268444766693,185.59898838135626,185.59898838135626,12186000
2024-07-15,MSFT,450.5059814453125,453.7808911637112,447.99523247056425,449.85099950163277,14429400
2024-07-16,AAPL,233.72694396972656,235.17019132901206,231.2485291999769,233.90609879782943,43234300
2024-07-16,GOOG,184.6137237548828,189.43059570581536,184.23553444781516,188.05719935414922,12760100
2024-07-16,MSFT,446.09979248046875,450.84342238707205,443.26156747821994,450.764044396858,17175700
2024-07-17,AAPL,227.81459045410156,230.38258262455565,225.58501197125685,228.38192926123955,57345900
2024-07-17,GOOG,181.7474822998047,184.34501297780054,180.75226005054782,183.797637703532,17376600
2024-07-17,MSFT,440.1454162597656,441.46531376189114,435.8384412822571,439.22249954002416,21778000
2024-07-18,AAPL,223.13644409179688,229.3673137711516,221.2353466054131,229.20805491946456,66034600
2024-07-18,GOOG,178.36373901367188,183.17066446932398,177.35856997341122,182.6630913853447,17877200
2024-07-18,MSFT,437.0193786621094,441.2668124744543,431.0948010273652,440.95917357547034,20794800
2024-07-19,AAPL,223.26585388183594,225.74426861436035,222.24064965794977,223.77348959602472,49151500
2024-07-19,GOOG,178.53289794921875,181.10057287635888,178.00543143325154,179.5082113881545,14485900
2024-07-19,MSFT,433.7842102050781,437.7835768044072,428.71310445556236,429.80474110268796,20940400
2024-07-22,AAPL,222.91748046875,226.71969060050867,222.051519961604,225.9532706718539,48201800
2024-07-22,GOOG,182.4739990234375,183.41945708962345,181.0309146643325,181.47877680937106,16303900
2024-07-22,MSFT,439.5698547363281,441.2172281155517,435.5705185548157,438.4286106688719,15808800
2024-07-23,AAPL,223.9626007080078,225.88362469345716,221.6434447483752,223.32558043665784,39960300
2024-07-23,GOOG,182.72280883789062,184.3350640027912,182.45409458177846,182.96165245586926,23772600
2024-07-23,MSFT,441.4653015136719,444.9783753997072,439.7286166377608,440.5225176097392,13107100
2024-07-24,AAPL,217.522705078125,223.75357494115906,216.1192800710717,222.9572958470105,61777600
2024-07-24,GOOG,173.53689575195312,177.09979316518073,172.7407301149813,174.55202668074418,31250700
2024-07-24,MSFT,425.63665771484375,438.12095826115956,424.3366274271562,437.0987963490377,26805800
2024-07-25,AAPL,216.4776153564453,219.8219755631398,213.62096453779796,217.91089956980477,51391200
2024-07-25,GOOG,168.35177612304688,174.36291099818465,168.24230108328337,173.4174530288912,28967900
2024-07-25,MSFT,415.2165832519531,426.5298399054952,414.3333705957519,425.5374484396514,29943800
2024-07-26,AAPL,216.94541931152344,218.46829606182757,215.0044842643322,217.6819649471348,41601300
2024-07-26,GOOG,167.87408447265625,169.0285459453683,165.0725465511291,167.96366601783433,25150100
2024-07-26,MSFT,422.0342712402344,425.6565240052853,414.0951402007918,415.0180872010169,23583800
2024-07-29,AAPL,217.22412109375,218.27918447457574,214.74570631572197,215.95008057489312,36311800
2024-07-29,GOOG,170.31239318847656,171.33747091931275,168.90912613275006,169.6853982942399,13768900
2024-07-29,MSFT,423.483154296875,428.86189823317073,421.4686011505227,428.29622791841,15125800
2024-07-30,AAPL,217.78150939941406,219.30438617677734,215.11397665237357,218.16969337819762,41643800
2024-07-30,GOOG,171.0388946533203,172.12368324954326,169.30720249002144,171.00903920101226,13681400
2024-07-30,MSFT,419.7021789550781,425.7855127211385,414.18445497765873,424.4656455012434,32687600
2024-07-31,AAPL,221.04623413085938,222.77814001369308,219.60298682237814,220.40921389598267,50036300
2024-07-31,GOOG,172.3227081298828,175.069530965821,170.89954775343,174.08425557651037,15650200
2024-07-31,MSFT,415.16693115234375,418.5708262456948,409.07363367025533,417.3005665174137,42891400
2024-08-01,AAPL,217.3435516357422,223.43505864730554,216.0097928775357,223.3255700813178,62501000
2024-08-01,GOOG,171.6260528564453,174.84061607633964,169.6953194992835,171.1582972416325,17177800
2024-08-01,MSFT,413.93634033203125,424.20759683358074,409.94693801865395,417.58836350695543,30296400
2024-08-02,AAPL,218.83656311035156,224.54984915998065,216.69657732981517,218.1298614428512,105568600
2024-08-02,GOOG,167.59542846679688,169.3967935775708,165.59503712001245,167.3864402888649,18907800
2024-08-02,MSFT,405.3819274902344,411.84240478431724,401.2635094994672,409.35149283755305,29437900
2024-08-05,AAPL,208.2958526611328,212.5061577637865,195.08762024216466,198.16323265092018,119548600
2024-08-05,GOOG,159.87249755859375,165.14717838635832,155.85180645284152,156.61811663197574,34907800
2024-08-05,MSFT,392.1434631347656,397.98866312927163,382.64626998707365,386.2089818321841,40709200
2024-08-06,AAPL,206.26535034179688,209.01251239840335,200.13403637997632,204.34434168651262,69660500
2024-08-06,GOOG,159.77296447753906,161.5743294063401,157.37449052925194,160.17604343746325,36146500
2024-08-06,MSFT,396.56951904296875,402.5834388839359,395.4679791086585,396.9565662320286,24946500
2024-08-07,AAPL,208.8433074951172,212.64551772150753,205.42926604632788,205.93688655864335,63516400
2024-08-07,GOOG,159.9819793701172,164.00267064574712,159.47442148102544,162.46008828108984,19334200
2024-08-07,MSFT,395.39849853515625,406.95985229689995,394.44581127033643,405.53083654236127,20650900
2024-08-08,AAPL,212.31704711914062,213.20290359333654,207.85790561211314,212.1179811495676,47161100
2024-08-08,GOOG,163.05718994140625,164.70926231986124,161.25584031798192,161.56833544992278,15733600
2024-08-08,MSFT,399.6260986328125,402.77196243732243,396.8970222599762,399.3780007807365,20203000
2024-08-09,AAPL,215.23342895507812,215.77090862412464,210.98330114399806,211.11270086651854,42201600
2024-08-09,GOOG,164.5998077392578,164.72919149157096,160.16110981116358,160.8727052629995,13549200
2024-08-09,MSFT,402.93072509765625,404.945278327108,399.1993542150353,400.9558760021183,19276700
2024-08-12,AAPL,216.7680206298828,218.7410807003227,214.84478845727688,215.31314332730477,38028100
2024-08-12,GOOG,163.16668701171875,165.90354823547273,162.76860418080008,165.20191471762212,12435000
2024-08-12,MSFT,403.7147521972656,405.64992758545134,401.1642989727411,403.9628500529108,16762900
2024-08-13,AAPL,220.4949493408203,221.11277276612057,218.2428558389481,218.2428558389481,44155300
2024-08-13,GOOG,165.13720703125,165.74429316110744,163.9827608577529,164.39577137564402,12717600
2024-08-13,MSFT,410.8599548339844,411.79280513110314,406.4537347921751,406.47357171655057,19414300
2024-08-14,AAPL,220.94334411621094,222.24875291914373,218.9304156630747,219.7973785028084,41960600
2024-08-14,GOOG,161.255859375,164.1718684537156,158.76780375891238,163.4254517688893,22515900
2024-08-14,MSFT,413.6882629394531,414.54173528870035,409.3118435327495,411.64393908583247,18267000
2024-08-15,AAPL,223.93284606933594,224.56064415441705,221.97970491871703,223.81327127421198,46414000
2024-08-15,GOOG,162.39041137695312,162.73874523594782,160.71844529990557,161.43500652889347,18392500
2024-08-15,MSFT,418.5796203613281,418.6591414148161,415.22923848625584,417.35676799168647,20752100
2024-08-16,AAPL,225.25819396972656,226.03546056539557,222.86659157853387,223.1356500786779,44340200
2024-08-16,GOOG,163.95291137695312,166.15234394400667,162.30083887346805,162.62926402314056,16853100
2024-08-16,MSFT,416.0345458984375,418.8878379189571,414.87134183677813,418.15215435686315,22775600
2024-08-19,AAPL,225.0987548828125,225.19841068626937,222.25873174304007,224.92935218120843,40687800
2024-08-19,GOOG,167.59542846679688,167.66510131669892,165.29646739422253,166.2021233276267,13100800
2024-08-19,MSFT,419.07672119140625,419.2954420190991,414.03622098500824,416.52167114516885,15234000
2024-08-20,AAPL,225.71656799316406,226.3742597731608,224.66028342820331,224.9791698204466,30299000
2024-08-20,GOOG,168.1527557373047,169.59582494285056,167.85418602921922,167.93380563043442,12622500
2024-08-20,MSFT,422.32769775390625,423.3815262412174,419.18611531171354,419.24576369099765,16387600
2024-08-21,AAPL,225.60696411132812,227.18143154067607,224.26170199000447,225.7265541171402,34765500
2024-08-21,GOOG,166.8291015625,167.8342705134661,165.7741684645605,166.192159964543,15269600
2024-08-21,MSFT,421.6715393066406,423.91836557959886,419.26561024554667,421.6118605911061,16067300
2024-08-22,AAPL,223.74349975585938,227.54015139464096,223.11570169720306,226.9920749311584,43695300
2024-08-22,GOOG,164.69932556152344,168.61054147594697,164.241516672691,168.23235218455866,19123800
2024-08-22,MSFT,413.1315002441406,424.30610443723026,412.1969685866766,421.8902239006129,19361900
2024-08-23,AAPL,226.04542541503906,227.42059644239848,223.5442228703079,224.86956599566977,38677300
2024-08-23,GOOG,166.6300506591797,167.14757047076415,164.86851824613433,165.75426542328995,14281600
2024-08-23,MSFT,414.36431884765625,416.8199448280934,409.69166039420327,414.5532154876874,18493800
2024-08-26,AAPL,226.38421630859375,226.48387210620078,223.10574735994538,225.96568932825608,30602200
2024-08-26,GOOG,167.12767028808594,168.57075474363222,165.5253769948082,167.35160137557054,11990300
2024-08-26,MSFT,411.0835266113281,414.8514777475828,408.94604542911463,413.94677020088477,13152800
2024-08-27,AAPL,227.2312469482422,228.04838192077386,224.1022464634546,225.20835892301574,35934600
2024-08-27,GOOG,165.5850830078125,167.44116278726227,165.36613289768596,166.80920212469354,13718200
2024-08-27,MSFT,411.4314880371094,411.9484507655821,407.86238512676584,410.4571806188663,13492900
2024-08-28,AAPL,225.6966552734375,229.05484595642545,224.88947977262964,227.12163896438045,38052200
2024-08-28,GOOG,163.71405029296875,166.59024181530037,162.4998780060163,165.98315567182416,15208700
2024-08-28,MSFT,408.2103271484375,412.5847132206145,404.9394663484376,412.46541647118636,14882700
2024-08-29,AAPL,228.98509216308594,232.10413336375854,228.07829123837303,229.29401907737392,51906300
2024-08-29,GOOG,162.6193084716797,166.82910949443902,161.20808405968256,165.26660328332088,17133800
2024-08-29,MSFT,410.7156982421875,419.5937196899045,408.21037518945246,412.52511339470357,17045200
2024-08-30,AAPL,228.19784545898438,229.5929353752877,226.68316554604098,229.38367949051207,52990800
2024-08-30,GOOG,164.32115173339844,164.49033769918125,162.62927688968347,163.4354045090726,18498800
2024-08-30,MSFT,414.7122802734375,415.0602190186727,409.7314285183125,413.18123450252676,24308300
2024-09-03,AAPL,221.98968505859375,228.1978583447122,220.39528345963856,227.74943764667495,50190600
2024-09-03,GOOG,157.85218811035156,162.5994020868109,157.10079051671096,162.53471021638023,26533100
2024-09-03,MSFT,407.0570983886719,417.43634095322227,404.66112073149435,415.47780496274754,20313600
2024-09-04,AAPL,220.076416015625,221.00315112701452,216.71821006143196,220.88357632692316,43840200
2024-09-04,GOOG,157.05601501464844,159.63363690188407,156.68778765529643,157.31974829367624,17410700
2024-09-04,MSFT,406.5202331542969,408.8466109265116,402.01659855552833,403.5476443909062,15135800
2024-09-05,AAPL,221.60105895996094,224.69019125096705,220.7440707336114,220.85368603716802,36615400
2024-09-05,GOOG,157.8422393798828,160.24569419514802,156.767397633428,157.0261499260267,14139500
2024-09-05,MSFT,406.0132141113281,410.69579375461194,403.7663574401279,405.24767603841406,14195500
2024-09-06,AAPL,220.0465087890625,224.4510243839852,219.00018373655976,223.16553454066073,48423000
2024-09-06,GOOG,151.4031524658203,158.4592739545079,151.20907685487566,157.93180742316588,24999100
2024-09-06,MSFT,399.3621826171875,408.2600768498661,398.46739620074226,406.6793340354345,19609500
2024-09-09,AAPL,220.13621520996094,220.49495483479603,215.950929723779,220.04653410508755,67180000
2024-09-09,GOOG,149.02142333984375,154.10374380734285,147.6860737978617,153.0972517267519,28057700
2024-09-09,MSFT,403.3587341308594,406.27167441765806,399.8095040440946,404.8698768958274,15295100
2024-09-10,AAPL,219.3389892578125,220.70418549359823,215.97082401031443,218.15315521125123,51591000
2024-09-10,GOOG,149.4897918701172,151.7718591542778,149.02441607065467,150.92480069046928,20401800
2024-09-10,MSFT,411.7893981933594,413.9069762623546,405.327227721672,405.8243177579556,19594300
2024-09-11,AAPL,221.88006591796875,222.3085524071335,217.126770108234,220.6842723421212,44587100
2024-09-11,GOOG,151.62237548828125,151.95123295490748,148.18434227300756,150.5660537380805,18991500
2024-09-11,MSFT,420.57794189453125,421.52239474938517,407.19625641616165,413.08181573237965,19266900
2024-09-12,AAPL,221.98968505859375,222.76695165661573,219.0500213655269,221.7206265576352,37455600
2024-09-12,GOOG,155.00062561035156,155.0703901694335,152.9677064304605,154.27316129669887,20980800
2024-09-12,MSFT,424.514892578125,424.8827343519594,417.30708702498356,420.84636566939764,17395700
2024-09-13,AAPL,221.72061157226562,223.2552104631355,221.1326819144566,222.79683029802118,36766600
2024-09-13,GOOG,157.82081604003906,158.72267655824004,155.5686585082356,155.8197835538955,16733900
2024-09-13,MSFT,428.083984375,429.3167579290349,422.98383586069434,423.35167762504557,15874600
2024-09-16,AAPL,215.56227111816406,216.45911247240775,213.17066883128115,215.78148650258865,59357400
2024-09-16,GOOG,158.4386749267578,158.68780800030433,157.0634554949007,157.78095996318476,14157600
2024-09-16,MSFT,428.8296203613281,431.0068771042965,425.72778345078893,428.09393683099876,13834700
2024-09-17,AAPL,216.03062438964844,216.14023969143096,213.74865245933694,214.99427397716522,45519300
2024-09-17,GOOG,159.7241973876953,161.02965228050664,158.85721914410715,159.53485381590565,12064800
2024-09-17,MSFT,432.6174621582031,439.27848092894993,429.75421863095636,437.6679140298658,18874200
2024-09-18,AAPL,219.9169464111328,221.92987480128497,216.77797143749862,216.78794613986932,59894900
2024-09-18,GOOG,160.25234985351562,161.0695136032711,159.10634384004203,160.29221965909542,16756500
2024-09-18,MSFT,428.302734375,433.4923558065776,427.9050683956392,432.46835149823806,18898000
2024-09-19,AAPL,228.0683135986328,229.01499812075548,223.84317512238368,224.20191472936153,66781300
2024-09-19,GOOG,162.67393493652344,164.4178664273297,161.9584224478595,164.2484577643565,17548200
2024-09-19,MSFT,436.1368408203125,438.93048428402824,434.3572500672092,438.66206659768085,21706600
2024-09-20,AAPL,227.40066528320312,232.27353613908102,226.82269506404828,229.16446964119802,318679900
2024-09-20,GOOG,164.06907653808594,164.17869569883612,162.61413269593567,163.94949752849521,46362700
2024-09-20,MSFT,432.73675537109375,436.6836515284863,431.6928784161533,434.6754186759471,55167100
2024-09-23,AAPL,225.6767120361328,228.64626930220686,225.01902026418153,226.54365969576136,54146000
2024-09-23,GOOG,162.50453186035156,166.0322495638778,162.3849376425891,164.76664926653692,15648400
2024-09-23,MSFT,430.9870300292969,433.9198431554934,427.88519293448667,431.75253779309,15128900
2024-09-24,AAPL,226.5735626220703,228.5466380182851,224.93930782860403,227.8490778167103,43556100
2024-09-24,GOOG,163.07254028320312,163.97938829958474,161.4681227180186,163.68042557699044,18774100
2024-09-24,MSFT,426.6722717285156,430.82793711748263,423.62013164821116,430.47996802683457,17015800
2024-09-25,AAPL,225.57705688476562,226.49383244586693,223.2352976856936,224.1420985437932,42308700
2024-09-25,GOOG,162.42478942871094,163.6475242248566,162.21052344835365,162.404854526983,13607900
2024-09-25,MSFT,429.59515380859375,430.599285430914,426.0757780554542,427.3284243659067,13396400
2024-09-26,AAPL,226.72305297851562,227.6996160019036,224.62044322472642,226.50382237250227,36636700
2024-09-26,GOOG,163.2618865966797,164.92609369322952,162.9330291168763,164.45772230131644,18234500
2024-09-26,MSFT,428.7998046875,432.766573468399,426.6324994108163,432.5578041483432,14492000
2024-09-27,AAPL,226.99208068847656,228.71603171782343,226.50380681299467,227.6597471643239,34026000
2024-09-27,GOOG,164.71682739257812,166.39100966747085,163.26189865963033,163.34162307328018,13604300
2024-09-27,MSFT,425.5289306640625,429.3366572153901,424.982143776937,429.0085608111411,14896100
2024-09-30,AAPL,232.183837890625,232.183837890625,228.84556632808733,229.234199611622,54541900
2024-09-30,GOOG,166.6102294921875,166.77963815016724,164.0690692107404,164.20858311765755,14070100
2024-09-30,MSFT,427.795654296875,427.91498138591425,422.89435403602215,425.71782167728367,16807300
2024-10-01,AAPL,225.41763305664062,228.84557057238277,222.9562838134916,228.71603627902877,63285000
2024-10-01,GOOG,167.83596801757812,169.8489675197396,165.32470236578393,168.2744446621951,18629500
2024-10-01,MSFT,418.2416076660156,425.9862787507864,416.3725443176016,425.95645456288486,19092900
2024-10-02,AAPL,225.98562622070312,226.57355589970402,222.2388023482828,225.09874435066007,32880600
2024-10-02,GOOG,166.7298126220703,168.29437559381142,165.67349084272,167.1782491049807,12745000
2024-10-02,MSFT,414.7023620605469,420.3592494217051,414.2847930567838,420.12062555956777,16582300
2024-10-03,AAPL,224.8795166015625,226.01552277761738,222.53775735368686,224.35137431302277,34044200
2024-10-03,GOOG,166.6301727294922,167.32774229896964,164.79654173931067,165.2449934394312,11004300
2024-10-03,MSFT,414.11578369140625,417.1082451347957,411.8788784861643,415.19943635003835,13686400
2024-10-04,AAPL,226.0055694580078,227.20136306464835,223.3449237414969,227.1017072618697,37245100
2024-10-04,GOOG,167.97547912597656,168.96205155988855,166.38103659730547,168.75277308995237,11422100
2024-10-04,MSFT,413.6385803222656,417.30710741019845,412.554927626964,415.8058857128688,19169700
2024-10-07,AAPL,220.91348266601562,224.89947175407843,220.5547430398763,223.71363756752507,39505400
2024-10-07,GOOG,163.81993103027344,169.31081808811405,163.56083812719993,168.55345907506273,14034700
2024-10-07,MSFT,407.15655517578125,414.68247600169315,406.61968938897553,413.5789505765619,20919800
2024-10-08,AAPL,224.9791717529297,225.1884276449642,222.46799461113406,223.51431968732726,31855700
2024-10-08,GOOG,165.12538146972656,165.52400347076704,163.7402023285943,164.85631351975857,11723900
2024-10-08,MSFT,412.2964172363281,413.24090045920747,405.79450128292336,408.50859351504334,19229300
2024-10-09,AAPL,228.73597717285156,228.9452482903661,224.04248353573135,224.4410763624789,33591100
2024-10-09,GOOG,162.4945526123047,165.68345289594726,160.56127753869376,164.28332624636454,19666400
2024-10-09,MSFT,415.0303955078125,417.93341460570645,411.88878290651843,413.4397013585542,14974300
2024-10-10,AAPL,228.23770141601562,228.6960967971132,226.3742566041183,226.98212047614993,28183500
2024-10-10,GOOG,162.61412048339844,163.74121034647428,161.07946755402622,161.54783891424938,12900500
2024-10-10,MSFT,413.4198303222656,414.9210519137125,410.74548354781774,412.81339505205864,13848400
2024-10-11,AAPL,226.75294494628906,228.60643037956845,226.54367384020586,228.4968150773993,31759200
2024-10-11,GOOG,163.94949340820312,164.69689261111412,161.93649396405095,162.76361757331088,10946000
2024-10-11,MSFT,413.8970642089844,414.702347658303,410.84492403738636,413.7181190735733,14144900
2024-10-14,AAPL,230.48980712890625,230.91829362955485,227.79926770980506,227.89890830734765,39882100
2024-10-14,GOOG,165.7731475830078,167.03873260535653,164.2085846355189,164.33813869523786,9981800
2024-10-14,MSFT,416.70062255859375,421.5720985232806,415.0900254622179,415.3385704638852,16653100
2024-10-15,AAPL,233.03086853027344,236.65811760908664,231.5560417756155,232.79170373632726,64751400
2024-10-15,GOOG,166.32122802734375,168.5036361085776,165.47418473029845,166.56040124373772,14829300
2024-10-15,MSFT,416.3029479980469,420.02120204810905,412.84322081195853,419.7229298265709,18900200
2024-10-16,AAPL,230.96812438964844,231.30692979509985,229.0349173503749,230.7887621886474,34082200
2024-10-16,GOOG,166.16180419921875,166.69992496042366,164.64308687838846,165.45425956276037,9968500
2024-10-16,MSFT,413.6982116699219,413.93680518127485,408.09105177334885,412.7537587941709,15508900
2024-10-17,AAPL,231.33682250976562,233.0308799404877,229.71254238803704,232.6123377292532,32993800
2024-10-17,GOOG,163.9395294189453,167.347668189549,163.80001549988702,166.7995875684551,15113400
2024-10-17,MSFT,414.29473876953125,420.04109862109203,413.1713103850963,419.9018988417956,14820000
2024-10-18,AAPL,234.17684936523438,235.35270879965356,233.1903116322836,235.35270879965356,46431500
2024-10-18,GOOG,164.47764587402344,165.79306049674344,164.1786831669905,164.29826216745371,13091300
2024-10-18,MSFT,415.726318359375,417.20763687167505,413.8373824004759,414.7122656673259,17145300
2024-10-21,AAPL,235.6516571044922,236.02037141360947,233.62876897482323,233.62876897482323,36254500
2024-10-21,GOOG,165.22506713867188,165.6436089021509,163.73524093121017,164.00929645176177,11384000
2024-10-21,MSFT,416.3427429199219,416.5216880571269,411.3420182082338,413.6982202013397,14206100
2024-10-22,AAPL,235.03382873535156,235.3925683333293,231.7852533575211,233.07072804715946,38846600
2024-10-22,GOOG,166.24151611328125,166.88925598902608,164.09896266682662,164.12885741765328,11958600
2024-10-22,MSFT,425.0219421386719,428.07405197206367,415.6070554250592,416.0544182638452,25482200
2024-10-23,AAPL,229.95169067382812,234.31635331873264,226.96219904424217,233.26006870913344,52287000
2024-10-23,GOOG,163.9096221923828,167.01881318974742,163.065559244841,165.85285706206346,12754300
2024-10-23,MSFT,422.1288757324219,428.5711433507003,420.0709156477079,428.35242251551375,19654400
2024-10-24,AAPL,229.76235961914062,230.0114839114603,227.60992208421712,229.17441473320775,31109500
2024-10-24,GOOG,163.95945739746094,164.47765844887786,162.20556603111856,164.01924690226363,12764400
2024-10-24,MSFT,422.2580871582031,423.50081217243513,419.9416307412936,422.8545708930616,13581600
2024-10-25,AAPL,230.5994110107422,232.40306843409212,228.76585988907573,228.935262581316,38802300
2024-10-25,GOOG,166.41091918945312,166.81948583900834,164.65701276843643,164.79155434851998,14566400
2024-10-25,MSFT,425.658203125,430.0027653012564,424.0874119188817,424.2763085648032,16899100
2024-10-28,AAPL,232.5824432373047,233.9077863541258,231.73542973016842,232.50273684103132,36087100
2024-10-28,GOOG,167.75624084472656,170.01438944494484,165.2150804822965,169.99843848112795,20858300
2024-10-28,MSFT,424.1072998046875,429.4261695906152,423.81897907057987,429.1478003666399,14882400
2024-10-29,AAPL,232.85150146484375,233.50919327337175,231.50623935322642,232.28350596136286,35417200
2024-10-29,GOOG,170.54652404785156,171.26402846493147,168.0751283922846,168.79760513048487,28916100
2024-10-29,MSFT,429.43609619140625,430.64899709836675,423.32186444879665,425.5090727531412,17644100
2024-10-30,AAPL,229.29400634765625,232.65219696606212,228.74592985962587,231.79520878623467,47070900
2024-10-30,GOOG,175.52920532226562,183.15267162193112,175.13557079130035,181.77746733615183,49698300
2024-10-30,MSFT,430.0127258300781,435.9479823564893,429.5852356603292,434.8941538571239,29749100
2024-10-31,AAPL,225.11868286132812,229.02495000446748,224.5805658660821,228.53666090957242,64370100
2024-10-31,GOOG,172.09117126464844,177.8012972832534,171.96161719529277,174.11413068705934,32801900
2024-10-31,MSFT,403.9850769042969,413.7379809491165,403.93534969689097,412.9426186903331,53971000
2024-11-01,AAPL,222.1291961669922,224.56065178607977,219.49844414747824,220.1959891516409,65276700
2024-11-01,GOOG,172.05130004882812,173.21725625173988,169.7194180547577,170.9451485584291,21752900
2024-11-01,MSFT,407.9816589355469,413.0818074048316,405.12836706972047,406.62958864176215,24230400
2024-11-04,AAPL,221.23233032226562,222.0095968952219,218.94039900502227,220.21591416091667,44944500
2024-11-04,GOOG,170.08810424804688,171.3238096185649,168.89725620655153,170.64617503871176,16194000
2024-11-04,MSFT,406.082763671875,408.03137836159885,403.20959918238225,407.41496126180874,19672300
2024-11-05,AAPL,222.66729736328125,223.1655459656629,220.36539125313263,221.02308305755813,28111300
2024-11-05,GOOG,170.8155975341797,171.5002116658229,169.77919547335438,170.23760700138777,12518300
2024-11-05,MSFT,409.0653381347656,412.4853201284023,405.7050045203228,405.99332524640585,17626000
2024-11-06,AAPL,221.93984985351562,225.27812143912794,220.41521040716108,221.83023455712816,54561100
2024-11-06,GOOG,177.71160888671875,178.0205314702605,174.43300906747453,174.74194685689258,27061500
2024-11-06,MSFT,417.73455810546875,418.00300613139274,408.1307753660983,410.01974169679755,26681800
2024-11-07,AAPL,226.6831817626953,227.081789771112,223.7833864288354,223.8431738287627,42137700
2024-11-07,GOOG,181.6479034423828,181.946866168645,178.2696596091349,178.4888979280021,16730400
2024-11-07,MSFT,422.95404052734375,424.36578964518526,417.4363530057155,418.8281991036067,19901800
2024-11-08,AAPL,226.41383361816406,228.10973956989392,225.8651541338214,226.6233197345054,38328800
2024-11-08,GOOG,179.23631286621094,181.71768394425402,178.94732516919095,181.36889153203384,15021500
2024-11-08,MSFT,420.0808410644531,424.0177855133015,419.32525452801985,422.8446603519728,16891400
2024-11-11,AAPL,223.69039916992188,225.15686291743452,220.96697301971395,224.4585504714927,42005600
2024-11-11,GOOG,181.33897399902344,181.45358068141462,179.36584440982864,179.44556881420397,12503400
2024-11-11,MSFT,415.57720947265625,422.3376216288976,413.5788978774876,420.0609408352946,24503300
2024-11-12,AAPL,223.69039916992188,225.04712701721013,222.82249764582772,224.00963641496367,40398300
2024-11-12,GOOG,182.68431091308594,183.3868528125609,180.36238879915297,180.75103579297752,14065800
2024-11-12,MSFT,420.5679931640625,421.969790701444,414.77193671429194,415.81581365023004,19401200
2024-11-13,AAPL,224.57826232910156,226.10457929193407,222.2239408664857,223.47093284409854,48566200
2024-11-13,GOOG,179.86412048339844,181.98175162304454,179.49539319202896,181.51835254660904,13969700
2024-11-13,MSFT,422.72540283203125,426.8313412777235,415.7760631016859,419.18612400128455,21502200
2024-11-14,AAPL,227.67080688476562,228.3192366196321,224.45855435577516,224.47851048945301,44923900
2024-11-14,GOOG,176.73501586914062,179.81928466548172,175.4195858868207,179.1266873931519,17925800
2024-11-14,MSFT,424.4055480957031,425.6780973820496,417.5556327945319,422.526533184943,30246900
2024-11-15,AAPL,224.4585418701172,226.3739196007606,223.73030286311794,225.8551667084814,47923700
2024-11-15,GOOG,173.2869873046875,175.27009189862946,172.14595365397622,175.03091869147002,21708900
2024-11-15,MSFT,412.5847473144531,420.3393400677491,411.23267692258383,417.3767027455775,28247600
2024-11-18,AAPL,227.47128295898438,229.18714506333228,224.62813528483125,224.70794459457642,44633700
2024-11-18,GOOG,176.18692016601562,176.29653933128537,173.81516833883916,174.3483167883728,18662800
2024-11-18,MSFT,413.34033203125,415.9649517435253,409.7016291897124,412.4554971706168,24727000
2024-11-19,AAPL,227.73065185546875,229.60613257977118,226.11455519341968,226.43377721041003,36211800
2024-11-19,GOOG,178.95726013183594,179.54521049958376,174.50873574514665,174.6273263652797,15392900
2024-11-19,MSFT,415.3585205078125,415.5076414577029,409.15481593264525,410.7057344914447,18133500
2024-11-20,AAPL,228.44891357421875,229.37666823104936,225.34639715216647,227.51117324017346,35169600
2024-11-20,GOOG,176.71505737304688,178.48888347782005,174.7219929671557,178.20985567746527,15729800
2024-11-20,MSFT,413.0718688964844,414.86141123218795,408.19044109637775,414.4438422518667,19191700
2024-11-21,AAPL,227.97007751464844,229.60613029336434,225.16684213362325,228.3292117939797,42108300
2024-11-21,GOOG,168.6531219482422,174.97113270704511,164.73674233388783,174.84656617691473,38839400
2024-11-21,MSFT,411.2887268066406,418.1722655525636,408.7186214344056,417.8933391524707,20780200
2024-11-22,AAPL,229.3168182373047,230.16477882059493,227.51117639639193,227.51117639639193,38168300
2024-11-22,GOOG,165.99240112304688,167.6815155521382,165.13538269234175,166.58035156114494,24497000
2024-11-22,MSFT,415.4029235839844,415.80138553605957,409.4856708735379,409.7944811664486,24814600
2024-11-25,AAPL,232.30960083007812,232.68869124314412,229.1871434272115,230.9030055193102,90152800
2024-11-25,GOOG,168.84246826171875,169.86891056858613,166.8195088136791,167.40747445490453,21395700
2024-11-25,MSFT,417.1860656738281,419.46727321033643,413.2611532266888,416.7776323033626,27691100
2024-11-26,AAPL,234.49432373046875,235.00310615337486,232.76849125195545,232.76849125195545,45986200
2024-11-26,GOOG,170.02833557128906,170.9003013307693,168.84245970545572,168.90226441618458,14937500
2024-11-26,MSFT,426.350830078125,427.396826920373,417.24585120009374,417.98300734363517,23458900
2024-11-27,AAPL,234.36465454101562,235.12283541072824,233.24735459247512,233.90577001446655,33498400
2024-11-27,GOOG,170.22764587402344,170.5465282862755,169.0816246654878,170.08811676168617,12433400
2024-11-27,MSFT,421.3699951171875,425.5937771564677,420.4037088714897,423.48187093647766,18332400
2024-11-29,AAPL,236.75888061523438,237.2377212602243,233.40696565616557,234.24494059041535,28481400
2024-11-29,GOOG,169.89878845214844,170.27746036643,168.16481686634478,169.4702716784116,9250700
2024-11-29,MSFT,421.8381652832031,423.2527401453399,416.1998390930093,418.48107704362025,16271900
2024-12-02,AAPL,239.013427734375,240.21053691361496,236.58928278806928,236.69901868412032,48137100
2024-12-02,GOOG,172.38015747070312,172.99801785273627,169.6795633828964,169.729393040365,16593400
2024-12-02,MSFT,429.32940673828125,431.3416594246016,419.69642835819553,419.9554423160969,20207200
2024-12-03,AAPL,242.06607055664062,242.1758064568113,238.32509471728144,239.232908507596,38861000
2024-12-03,GOOG,172.42002868652344,173.71552376190024,171.91178746442176,172.51967279639754,15721500
2024-12-03,MSFT,429.5485534667969,430.8136785324232,426.10178307894205,428.19374634076934,18302000
2024-12-04,AAPL,242.42520141601562,243.5225604021956,240.66944226019712,242.28553892887177,44383900
2024-12-04,GOOG,175.4793701171875,175.8181874518231,172.1509558644998,172.1808506172102,18239800
2024-12-04,MSFT,435.7447204589844,437.98610309109085,430.973057365549,431.3715193088951,26009400
2024-12-05,AAPL,242.4551239013672,243.95151419061432,241.54732536132988,243.40284992887905,40033900
2024-12-05,GOOG,173.70553588867188,177.09375469777737,173.40657316935733,176.70510772443114,16145500
2024-12-05,MSFT,440.9247741699219,442.95696954495514,434.4994957116604,436.24279326556575,21697800
2024-12-06,AAPL,242.25559997558594,244.04130085085734,241.49743440151175,242.32543882662802,36870600
2024-12-06,GOOG,175.87799072265625,176.2257795214318,172.9481833340205,173.277040817018,13319500
2024-12-06,MSFT,441.87115478515625,444.3914637865622,440.0780304611881,440.605999369761,18821000
2024-12-09,AAPL,246.1562042236328,246.64503053466012,241.16823655952678,241.24804586880077,44649200
2024-12-09,GOOG,176.68609619140625,177.62388647962067,174.99005717397944,175.30432340630412,19887800
2024-12-09,MSFT,444.3117370605469,446.61288735234007,438.8128895478079,440.90485264962797,19144400
2024-12-10,AAPL,247.1737518310547,247.612695417372,244.7495916510093,246.2958646584201,36914800
2024-12-10,GOOG,186.09405517578125,187.59054949085362,182.24307586273662,184.1037226081358,34317400
2024-12-10,MSFT,441.632080078125,447.89799856218906,439.9087252497819,442.68804835999237,18469500
2024-12-11,AAPL,245.89682006835938,250.196445491468,245.6673626102133,247.36328368802742,45205800
2024-12-11,GOOG,196.25027465820312,196.42984667209623,185.8246852330827,186.26365934232496,41664500
2024-12-11,MSFT,447.2704162597656,448.6252234428676,442.34933339299914,442.34933339299914,19200200
2024-12-12,AAPL,247.36329650878906,248.1414182384854,245.08876927344312,246.2958641332418,32777500
2024-12-12,GOOG,193.17745971679688,196.24526989145363,192.82827163510754,195.8412176609105,25197800
2024-12-12,MSFT,447.83819580078125,454.4129240722559,447.389907127457,447.389907127457,20834800
2024-12-13,AAPL,247.5328826904297,248.69007959411312,245.647431564018,247.223631137632,33155300
2024-12-13,GOOG,190.93270874023438,193.88578206005207,190.81297885426133,192.25960207158442,18883200
2024-12-13,MSFT,445.5569763183594,449.7010474581427,443.8734464678006,446.722508676707,20177800
2024-12-16,AAPL,250.4358673095703,250.7750606707362,247.05402592958802,247.3932192907539,51694800
2024-12-16,GOOG,197.69688415527344,200.1710838877728,193.65634636078929,193.9107552719961,32248600
2024-12-16,MSFT,449.8604431152344,450.4481798147897,443.57461233779367,445.5569810702514,23598800
2024-12-17,AAPL,252.8699951171875,253.21915892963332,249.1789022262073,249.47818331943677,51356400
2024-12-17,GOOG,196.65928649902344,202.40583397667427,196.23029880161266,198.06599470225058,24129500
2024-12-17,MSFT,452.7194519042969,453.5462901057899,447.84819595840975,449.2826833242326,22733500
2024-12-18,AAPL,247.4530792236328,253.66808268004456,247.14382766353577,251.55318925842403,56774100
2024-12-18,GOOG,189.70558166503906,198.2256307864751,188.83761987145812,196.36997730758958,27638400
2024-12-18,MSFT,435.71484375,450.9163784238889,435.34623528561843,449.59148560028365,24444500
2024-12-19,AAPL,249.1888885498047,251.3935770141874,246.49538898335234,246.90440599607692,60882300
2024-12-19,GOOG,189.2566375732422,194.14519461975692,189.07706556926655,192.82827236476155,26981200
2024-12-19,MSFT,435.356201171875,441.4826409757379,434.64892893973837,439.92861811038824,22963700
2024-12-20,AAPL,253.87759399414062,254.3863612366688,245.09876750312787,247.44310326755718,147495300
2024-12-20,GOOG,192.50901794433594,193.68125953974805,185.93440861298467,186.5729121872973,45319700
2024-12-20,MSFT,434.9278564453125,442.04049490082355,426.988379811487,431.45120224609855,64263700
2024-12-23,AAPL,254.6557159423828,255.03479114956258,252.8400883307868,254.15691915529422,40858800
2024-12-23,GOOG,195.5319366455078,196.03076804293926,191.18212625098047,193.576510869401,15235900
2024-12-23,MSFT,433.5830383300781,435.97384050264867,431.1722932989543,435.06732205874545,19152500
2024-12-24,AAPL,257.57867431640625,257.58862955018265,254.67565812568793,254.87518901917565,23234700
2024-12-24,GOOG,197.10826110839844,197.20801826181327,194.74179551818887,195.7115239524447,6809800
2024-12-24,MSFT,437.6473693847656,437.9163547514511,432.52707119819956,432.9853009034494,7164500
2024-12-26,AAPL,258.39666748046875,259.47408555117545,257.0100282923795,257.56867823862046,27237100
2024-12-26,GOOG,196.6393585205078,197.6968787310638,195.4122222250492,196.28019927700507,7907900
2024-12-26,MSFT,436.43206787109375,439.2512462781778,434.9577555797017,437.3983540840164,8194200
2024-12-27,AAPL,254.9749298095703,258.0774615569102,252.4510193654514,257.20952960207876,42355300
2024-12-27,GOOG,193.58648681640625,196.34004594129468,191.52332692544056,196.0108153840525,14693000
2024-12-27,MSFT,428.881103515625,433.5531436249425,424.71711987555517,432.9355230391817,18117700
2024-12-30,AAPL,251.5930938720703,252.8899685500744,250.14658624824915,251.62302046123375,35557500
2024-12-30,GOOG,192.23965454101562,193.32710338004287,189.91509830350097,190.41892290770127,12209500
2024-12-30,MSFT,423.2029113769531,425.91249514442245,420.2841404099869,424.42821148968693,13158700
2024-12-31,AAPL,249.8173828125,252.670501064015,248.82975968702823,251.8325261089863,39480700
2024-12-31,GOOG,189.99490356445312,192.7983335598168,189.1369129588324,191.99522232349864,14355200
2024-12-31,MSFT,419.88568115234375,425.09566152109494,419.0489019483089,424.4680695178944,13246500
2025-01-02,AAPL,243.26319885253906,248.5005651105234,241.23808511721737,248.3309608077005,55740700
2025-01-02,GOOG,190.18446350097656,192.74844896835342,188.2689527611631,191.03746092831022,17545200
2025-01-02,MSFT,416.97686767578125,424.43820240788705,413.2611726539346,423.90026204092493,16896500
2025-01-03,AAPL,242.7743682861328,243.5923870862029,241.3079045417172,242.7743682861328,40244100
2025-01-03,GOOG,192.6786346435547,194.0454279018482,190.90279595567074,192.27458239970693,12875000
2025-01-03,MSFT,421.7286071777344,422.40599553232005,417.93320162542307,419.4672816518615,16662900
2025-01-06,AAPL,244.41041564941406,246.73481040856498,242.61474424512696,243.72207367593157,45045600
2025-01-06,GOOG,197.49734497070312,199.09359640075925,194.6041135646996,194.6938995678703,19483300
2025-01-06,MSFT,426.21136474609375,432.6565862275622,423.85044657634234,426.3607841744266,20573600
2025-01-07,AAPL,241.62713623046875,244.9590949760797,240.76920518354387,242.3952722906863,40856000
2025-01-07,GOOG,196.25027465820312,201.6675768677657,195.4820699670292,197.80662633778735,16966800
2025-01-07,MSFT,420.7523498535156,429.00063686122985,419.18835553907815,427.356962317073,18139100
2025-01-08,AAPL,242.11593627929688,243.12351544341067,239.47231962725974,241.33781457710975,37628900
2025-01-08,GOOG,194.93333435058594,197.17807565596954,193.29716796358696,193.49669747944026,14335300
2025-01-08,MSFT,422.9339904785156,425.33476415419165,419.9255676122581,421.8381972488523,15054600
2025-01-10,AAPL,236.280029296875,239.58206138453855,232.4392881886217,239.4324132245663,61710900
2025-01-10,GOOG,192.71853637695312,197.15813314082064,191.1522135740279,194.96327785315745,20753800
2025-01-10,MSFT,417.345458984375,423.0833778600729,413.4304875422897,423.0036976315441,20201100
2025-01-13,AAPL,233.83592224121094,234.10527676213235,229.16719172961072,232.96802072299363,49630700
2025-01-13,GOOG,191.840576171875,192.04012091355685,188.21907050187193,190.9027859123521,13169100
2025-01-13,MSFT,415.5921936035156,416.8971739621178,410.71096634455273,413.6496498082875,17604800
2025-01-14,AAPL,232.71861267089844,235.55177458449063,231.9105643637605,234.1850763475817,39435300
2025-01-14,GOOG,190.60348510742188,192.81829778917887,189.19677687544416,192.0500931540871,13651200
2025-01-14,MSFT,414.0780334472656,418.13242259689986,409.1469793562449,416.2098216251219,16935900
2025-01-15,AAPL,237.2975616455078,238.38495013235746,233.86583756026477,234.07533889356793,39832000
2025-01-15,GOOG,196.51962280273438,197.33771364214047,192.87815951038286,193.89577987401847,12894900
2025-01-15,MSFT,424.6772766113281,426.51022596326726,416.6680604251186,417.52478252697114,19637800
2025-01-16,AAPL,227.710693359375,237.4372302632713,227.4812511099753,236.77883010316478,71759100
2025-01-16,GOOG,193.95562744140625,196.51961290604416,193.84588392513763,195.36731359678672,13449600
2025-01-16,MSFT,422.953857421875,427.8450559110229,422.76461308505725,427.0581034768278,15300000
2025-01-17,AAPL,229.4265594482422,231.73099810398455,227.93016912923343,231.5614090278119,68488300
2025-01-17,GOOG,197.0883026123047,198.3453523456224,194.85353230772373,197.5871340462902,22109100
2025-01-17,MSFT,427.3868713378906,432.816010728012,426.53017961505896,432.4274897834489,26197500
2025-01-21,AAPL,222.10421752929688,223.87993275191027,218.85206818023312,223.46094530610958,98070400
2025-01-21,GOOG,199.16343688964844,203.36358890568238,198.97387851504385,200.0413698339001,19005200
2025-01-21,MSFT,426.8588562011719,429.2496581837696,423.96996920550396,428.55235740588927,26085700
2025-01-22,AAPL,223.29135131835938,223.58064673096774,219.26106511921876,219.26106511921876,64126500
2025-01-22,GOOG,199.5625,201.64761171687047,198.73443800219633,200.08128894793919,15477400
2025-01-22,MSFT,444.4911193847656,445.55699830786784,434.3301720077898,435.8841949618168,27803800
2025-01-23,AAPL,223.1217803955078,226.4836658384098,221.76505253825962,224.19918327232872,60234800
2025-01-23,GOOG,199.11355590820312,201.4680408724352,196.36001188825463,199.51261496391953,15170800
2025-01-23,MSFT,444.9991149902344,445.03897030447143,439.8090775364838,440.30716256200645,18389300
2025-01-24,AAPL,222.24388122558594,225.08702882156655,220.877182986192,224.23906824814947,54697900
2025-01-24,GOOG,201.42813110351562,202.0965786351782,199.31707911067167,199.3829343605458,12732400
2025-01-24,MSFT,442.3592834472656,444.9393603072831,439.70946738545626,443.4550766157881,15549500
2025-01-27,AAPL,229.3068389892578,231.59132137138346,223.44098442848647,223.48089669223063,94863400
2025-01-27,GOOG,193.317138671875,198.20568064788733,192.2496320933797,193.7361552506937,24970200
2025-01-27,MSFT,432.8956604003906,433.5332238334213,421.8780219291722,422.3860783898249,35647800
2025-01-28,AAPL,237.68663024902344,239.61199368769647,230.25456145518996,230.2944737209622,75707600
2025-01-28,GOOG,196.6094207763672,196.76903525923464,192.15983786632293,194.19506333680457,15939200
2025-01-28,MSFT,445.4872741699219,446.66274757404807,429.72785612913765,432.93552501884864,23491700
2025-01-29,AAPL,238.78399658203125,239.2827933650634,233.4468649147594,233.55660081590926,45486100
2025-01-29,GOOG,196.7191619873047,197.996184495964,194.73382257250486,196.90872037272584,12287800
2025-01-29,MSFT,440.6358947753906,445.16848684550723,438.7132938317083,444.97921209968376,23581400
2025-01-30,AAPL,237.0182342529297,240.21053038482776,236.63915907674937,238.09563705158317,55658300
2025-01-30,GOOG,202.1564178466797,202.76299853350355,199.00579397760555,199.29311526162687,14571500
2025-01-30,MSFT,413.4006042480469,421.24045777086803,411.57762641112805,417.1661258658952,54586300
2025-01-31,AAPL,235.4320831298828,246.59515764263173,232.87824601959832,246.59515764263173,100959800
2025-01-31,GOOG,205.11949157714844,206.5960283580682,203.10420832301156,203.23888732975223,17060300
2025-01-31,MSFT,413.4703674316406,419.078810069406,413.32094799383236,417.37536767699305,34161900
2025-02-03,AAPL,227.4613037109375,231.27211844312274,225.15686500690927,229.43654993330725,73063300
2025-02-03,GOOG,202.1663818359375,204.7403535931693,201.18867658994463,201.74237211672164,16719500
2025-02-03,MSFT,409.3462219238281,413.819015846871,407.09486781879804,410.02361028085903,25679100
2025-02-04,AAPL,232.23977661132812,232.5689843025687,226.10456727432145,226.70312948058964,45067300
2025-02-04,GOOG,207.22454833984375,208.21222477597146,203.7825994771977,204.02204403120282,28285400
2025-02-04,MSFT,410.7906494140625,412.3347312724244,408.1707172498281,411.1094311345796,20532100
2025-02-05,AAPL,231.9105682373047,232.11008389811693,227.72067847197073,227.98004730881974,39620300
2025-02-05,GOOG,192.84823608398438,194.09531467321975,189.46615955890312,192.64870655433216,43666400
2025-02-05,MSFT,411.7071533203125,412.2450632912695,408.82820710975375,410.7707509847515,16316700
2025-02-06,AAPL,232.6587677001953,233.23737378273856,229.875473186273,230.7334042435517,29925300
2025-02-06,GOOG,192.8582000732422,193.37698900958168,190.04479879639024,190.54363021356718,20816600
2025-02-06,MSFT,414.2274475097656,416.59833715024297,412.41441067873023,412.41441067873023,16309800
2025-02-07,AAPL,227.08221435546875,233.43688010961284,226.71309440770742,232.04025529180169,39707200
2025-02-07,GOOG,186.70262145996094,192.56389058817888,184.66739598425335,192.28953939908743,29565700
2025-02-07,MSFT,408.1806945800781,417.0466023053385,406.5370200109021,414.8849302333569,22886800
2025-02-10,AAPL,227.3518524169922,230.2880044885276,226.90244480659103,229.26935130196645,33115600
2025-02-10,GOOG,187.7601318359375,189.5459567340878,187.1715144502766,188.6181224342211,16606000
2025-02-10,MSFT,410.6412353515625,413.8688167120759,409.34622639599064,412.1255190561223,20817900
2025-02-11,AAPL,232.3153533935547,234.92193591818142,227.83124330015124,227.90114370319637,53718400
2025-02-11,GOOG,186.63279724121094,188.35874971464176,185.64510553629137,186.39834586180146,13028100
2025-02-11,MSFT,409.8642272949219,410.9101937368833,407.7324086942097,408.0711332799312,18140600
2025-02-12,AAPL,236.55978393554688,236.64967765066982,230.377888084301,230.89721134547665,45243300
2025-02-12,GOOG,184.99661254882812,186.39334965443638,183.20083162081673,184.79708302606318,17632300
2025-02-12,MSFT,407.4734191894531,409.17686151888216,402.82129152637,405.65041091349894,19121700
2025-02-13,AAPL,241.21368408203125,242.02262084431055,235.2614980047627,236.5997394445533,53614100
2025-02-13,GOOG,187.44088745117188,187.55063096558857,184.44789911958088,185.49543285713702,12729300
2025-02-13,MSFT,408.9676818847656,409.425911619151,404.80366775695455,405.4412312140984,23891700
2025-02-14,AAPL,244.2796630859375,245.22841586050225,240.67439035154717,240.93404435379279,40896200
2025-02-14,GOOG,186.43325805664062,187.710265328906,185.67503974596042,186.39335823950063,12714200
2025-02-14,MSFT,406.86572265625,407.3438952203064,404.3255012113121,406.22818963820515,22758500
2025-02-18,AAPL,244.14984130859375,244.85890295305822,241.52328070167576,243.83025306858283,48822500
2025-02-18,GOOG,185.36575317382812,187.34112127548525,183.1509405174052,187.00191957357848,19796000
2025-02-18,MSFT,408.0711364746094,409.0274512633779,404.94314775203674,406.4374029097933,21423100
2025-02-19,AAPL,244.54930114746094,245.68780753699892,242.84154918255663,244.33958470767533,32204200
2025-02-19,GOOG,186.69264221191406,186.9221003904601,185.06644699762356,185.74984357105208,13120500
2025-02-19,MSFT,413.18145751953125,413.8987012007662,406.0887313388178,406.31786140389937,24114200
2025-02-20,AAPL,245.508056640625,246.4568094488268,243.9700649298591,244.61922281669615,32316900
2025-02-20,GOOG,186.20379638671875,186.68267029911405,184.1685708416933,186.06412419463982,12063800
2025-02-20,MSFT,415.3674621582031,418.5416276159257,411.78404435480104,414.52900508229465,23508700
2025-02-21,AAPL,245.22842407226562,248.36431123309396,244.89885442060717,245.6278941258364,53197400
2025-02-21,GOOG,181.15562438964844,187.03185804052796,180.70667914617334,186.85227080926163,19520800
2025-02-21,MSFT,407.4619445800781,417.28390907488637,407.14255413255484,416.57521868274245,27524800
2025-02-24,AAPL,246.77639770507812,248.53408727873096,244.09989957647335,244.609226181644,51326400
2025-02-24,GOOG,180.7665252685547,184.657404101475,180.45725223608233,183.37042578693251,18734000
2025-02-24,MSFT,403.2596740722656,408.6198287275297,398.58825743588903,407.7614192904554,26443700
2025-02-25,AAPL,246.71646118164062,249.67259136851834,244.58926106556868,247.67521063757022,48013300
2025-02-25,GOOG,176.9554443359375,180.3375205878845,176.3568557953225,179.73393886191508,20832500
2025-02-25,MSFT,397.17083740234375,401.18349019975926,395.9730546936776,400.3649855487621,29387400
2025-02-26,AAPL,240.0452117919922,244.65915630674968,238.8168269352331,244.01001367840516,44433600
2025-02-26,GOOG,174.29168701171875,177.66379212576618,173.18428070180607,176.53145033526187,23637200
2025-02-26,MSFT,398.99749755859375,402.860400830509,393.5275288045757,397.28064827533655,19619000
2025-02-27,AAPL,236.98922729492188,242.14247324939222,236.74953612071198,239.09646458024955,41153600
2025-02-27,GOOG,169.81219482421875,176.17727324661973,169.35525745967232,175.5287985046505,25930500
2025-02-27,MSFT,391.8106994628906,404.9964840093174,391.45137377356565,400.53467393026557,21127400
2025-02-28,AAPL,241.5232696533203,241.77294223985544,229.89851463379637,236.63967447024518,56833400
2025-02-28,GOOG,171.81748962402344,172.0968339917832,167.99643925122783,169.9019788637596,30049800
2025-02-28,MSFT,396.26251220703125,396.9013540385077,385.86162375466716,391.94046026830176,32845700
2025-03-03,AAPL,237.71826171875,243.71040379171194,235.80077808405883,241.47333193183624,47184000
2025-03-03,GOOG,168.2658233642578,174.5910023086314,167.24820297404042,173.32396620083026,24122000
2025-03-03,MSFT,387.778076171875,398.0891633417286,385.4523593369203,398.0891633417286,23007700
2025-03-04,AAPL,235.6210174560547,239.75561031847352,234.3726544629493,237.39870037793833,53798100
2025-03-04,GOOG,172.2065887451172,174.75561007301968,167.14843068284262,167.54750496505613,30711400
2025-03-04,MSFT,387.8978576660156,391.86058386063223,380.30181761040467,382.6974135187692,29342900
2025-03-05,AAPL,235.4312744140625,236.2402111793479,228.92979032203158,235.11168617953675,47227600
2025-03-05,GOOG,174.58103942871094,175.33925776575026,170.530515195884,171.9172812655315,18848000
2025-03-05,MSFT,400.2851257324219,400.9339589862258,388.09750890861034,388.62653647287385,23433100
2025-03-06,AAPL,235.0218048095703,237.54849020730907,232.8546485518437,234.13297099659667,45170400
2025-03-06,GOOG,173.8028564453125,176.3169559339047,172.10482314675943,172.14673241646634,19082400
2025-03-06,MSFT,396.1627197265625,401.4130601425524,391.9604125552081,393.557486671848,23304600
2025-03-07,AAPL,238.7569122314453,241.05388787370777,234.45254396930395,234.80209169163373,46273600
2025-03-07,GOOG,175.33924865722656,176.48655486359908,171.84742862706844,172.83711457416246,16395300
2025-03-07,MSFT,392.5892639160156,394.07652376953155,384.83351327034705,391.601087821307,22034100
2025-03-10,AAPL,227.1820831298828,235.85072354308846,223.92635798057333,235.23152514577004,72071200
2025-03-10,GOOG,167.60853576660156,170.24536574432202,165.3662358448488,169.95572060530762,28990700
2025-03-10,MSFT,379.46337890625,385.69193466137494,376.5287638766263,385.1329632711281,32840100
2025-03-11,AAPL,220.55078125,225.54423318142804,217.16522145004404,223.51689291637274,76137400
2025-03-11,GOOG,165.78073120117188,168.45252282245698,163.044030416552,166.47988777970724,23705900
2025-03-11,MSFT,379.7528381347656,385.29265558349334,376.2193166501511,378.30548307291184,30380200
2025-03-12,AAPL,216.69583129882812,221.4595886104368,214.6285501658544,219.85169651198805,62547500
2025-03-12,GOOG,168.79710388183594,169.3264663611627,165.28132561649218,168.2677414025092,19880100
2025-03-12,MSFT,382.5676574707031,384.5140963348653,378.2555969008229,382.2482670126177,24253600
2025-03-13,AAPL,209.4053955078125,216.55602242060417,208.14705109128238,215.6671885752157,61368300
2025-03-13,GOOG,164.5322265625,167.91815603552024,163.87303051854863,167.7783247243221,15206200
2025-03-13,MSFT,378.0758972167969,384.6139126915579,376.75833925298997,382.4578672121625,20473000
2025-03-14,AAPL,213.21041870117188,213.66980775083542,209.30553558500114,210.97334672214788,60107600
2025-03-14,GOOG,167.41876220703125,168.04801074979082,164.31249524714883,165.11653674517166,18611100
2025-03-14,MSFT,387.84796142578125,389.51491455417886,378.81455773398244,379.0840519928303,19952800
2025-03-17,AAPL,213.71974182128906,214.93814530685134,209.69502079955336,213.0306430192638,48073400
2025-03-17,GOOG,166.37002563476562,168.2577559168053,165.6109283265474,167.12410882849613,17839100
2025-03-17,MSFT,387.98773193359375,391.99036302361236,384.8634626840814,385.9913968692823,22474300
2025-03-18,AAPL,212.4114532470703,214.8682229774316,211.21302787332291,213.87952928252258,42432400
2025-03-18,GOOG,162.47470092773438,166.24017903407955,158.60935202299166,165.76075957654993,24616800
2025-03-18,MSFT,382.81719970703125,386.6601507855219,380.4016513456866,386.36071271152235,19486900
2025-03-19,AAPL,214.95811462402344,218.47349365471302,213.470060528986,213.93944620866878,54385400
2025-03-19,GOOG,166.0803680419922,167.93114021621946,162.85425014963062,163.71820190289233,24955700
2025-03-19,MSFT,387.1093444824219,388.9659214939022,383.29633715100766,384.8235322758774,19185500
2025-03-20,AAPL,213.81961059570312,217.20517028159983,211.94206785632258,213.70975404736055,48862900
2025-03-20,GOOG,164.8518524169922,166.82947106241681,162.94414180808522,163.62831699346756,19981500
2025-03-20,MSFT,386.131103515625,391.07204471614995,382.5776297310475,385.0331131975468,18470500
2025-03-21,AAPL,217.98414611816406,218.5533916912833,211.0032951126973,211.2829271905112,94127800
2025-03-21,GOOG,166.0504150390625,166.27015214587064,162.83427946538407,163.1838653827072,29882100
2025-03-21,MSFT,390.54302978515625,391.0221306945889,382.09851071654674,382.5177544739553,39675900
2025-03-24,AAPL,220.44091796875,221.1899357355996,218.29373979930335,220.71056863168138,44299500
2025-03-24,GOOG,169.72598266601562,170.29530566607272,167.2389817975791,169.06178773975245,18742800
2025-03-24,MSFT,392.35968017578125,394.67543616141086,389.09568331150246,394.67543616141086,21004500
2025-03-25,AAPL,223.45697021484375,223.80651793975238,219.79177838679217,220.48087718007702,34493600
2025-03-25,GOOG,172.58255004882812,172.70241634620135,170.3452490374626,170.9744823266741,13841600
2025-03-25,MSFT,394.4358825683594,395.63366532055824,391.9205113732519,393.19816458592396,15775000
2025-03-26,AAPL,221.2398681640625,224.7253029108424,220.18125884970436,223.21727075576553,34466100
2025-03-26,GOOG,166.9393310546875,171.7335712212968,166.66065907251976,171.0943402151135,22498000
2025-03-26,MSFT,389.2554016113281,394.5856126855185,387.85797313035886,394.27618318122023,16108400
2025-03-27,AAPL,223.5568389892578,224.69534536875565,220.271139232742,221.1000540446544,37094800
2025-03-27,GOOG,163.8830108642578,167.23897752920905,163.65329126470644,166.50985821904274,21571200
2025-03-27,MSFT,389.8642578125,391.5212195564284,386.6900923994873,389.4151007040484,13766800
2025-03-28,AAPL,217.6146240234375,223.51688772665744,217.39491092445158,221.3796909591809,39818600
2025-03-28,GOOG,155.8726348876953,163.61333038479785,155.1525074562642,162.16507427536936,34866500
2025-03-28,MSFT,378.1058349609375,388.4169222438939,376.2392666189567,387.36882809704144,21632000
2025-03-31,AAPL,221.83909606933594,225.32451569687797,215.9468137615173,216.72579102857173,65299300
2025-03-31,GOOG,156.0424346923828,156.9413633467702,152.02727185371793,154.62414129418428,33591600
2025-03-31,MSFT,374.7021179199219,376.3790320336197,366.5670283067677,371.8573344110368,35184700
2025-04-01,AAPL,222.897705078125,223.3870536043053,218.61331487709137,219.5221267668628,36412700
2025-04-01,GOOG,158.6892547607422,159.8878110018008,155.06860690809398,155.11355105258087,20111400
2025-04-01,MSFT,381.4896545410156,382.1484487727996,372.54608191207893,373.96346276032,19689500
2025-04-02,AAPL,223.59678649902344,224.89508702876748,220.73055001137135,221.03016017035932,35905900
2025-04-02,GOOG,158.66928100585938,160.0825755197471,156.3420764618875,156.77156814980734,17113300
2025-04-02,MSFT,381.43975830078125,384.3743428432238,375.92985398533636,377.2773862564683,16092600
2025-04-03,AAPL,202.9239044189453,207.2182761783418,200.9864426085102,205.27081771109022,103419000
2025-04-03,GOOG,152.44676208496094,154.50128410252282,151.99729014847443,152.6515177972455,28416100
2025-04-03,MSFT,372.42626953125,376.788287190408,368.67318036225987,374.10321411915555,30198000
2025-04-04,AAPL,188.13330078125,199.61824028069563,187.09465424061224,193.6360793511012,125910900
2025-04-04,GOOG,147.56263732910156,152.90620528213597,147.36286524523692,149.72003257441966,39832200
2025-04-04,MSFT,359.18060302734375,373.9035742050073,358.8212773354498,363.4627502923482,49209900
2025-04-07,AAPL,181.2223663330078,193.89573468350994,174.39131242893686,176.967935484531,160466300
2025-04-07,GOOG,149.0608367919922,154.74399291339475,142.4887345209642,143.21785385891903,47823000
2025-04-07,MSFT,357.2042236328125,370.32015981776436,344.1581969485817,350.2370336524557,50425000
2025-04-08,AAPL,172.19419860839844,190.09072892121037,168.9884109270566,186.4554964395268,120859500
2025-04-08,GOOG,146.40402221679688,154.25458634292005,145.03567187522165,153.3906193497636,35304400
2025-04-08,MSFT,353.9102783203125,372.9652928837084,349.6081786868937,367.585185716996,35868900
2025-04-09,AAPL,198.58958435058594,200.3472738997123,171.6648855169899,171.72480450043201,184395900
2025-04-09,GOOG,160.86663818359375,161.67566330567902,145.63494645699154,146.15432644221391,46479500
2025-04-09,MSFT,389.7744140625,392.50941370351666,352.45294739016697,352.8921435234206,50199700
2025-04-10,AAPL,190.17062377929688,194.52491452460524,182.76034285398336,188.82240088513313,121880000
2025-04-10,GOOG,155.1834716796875,159.83788095466207,152.01727912941968,158.56940133670318,35270500
2025-04-10,MSFT,380.65118408203125,383.19649903483815,367.12599611378243,381.3598744812396,38024400
2025-04-11,AAPL,197.89048767089844,199.27866665425725,185.81632494094944,185.856281088865,87435900
2025-04-11,GOOG,159.2086181640625,159.66807259358117,155.39821125744413,155.39821125744413,22582000
2025-04-11,MSFT,387.7381896972656,389.3352333779351,378.19571053548395,379.9425037151649,23839200
2025-04-14,AAPL,202.25477600097656,212.6611277249045,200.8965565016436,211.1630921847052,101352900
2025-04-14,GOOG,161.27615356445312,163.83307779968658,159.72801131938692,162.11514147155086,18255900
2025-04-14,MSFT,387.0993347167969,393.92679674338564,383.5059256339463,392.4994245329486,19251200
2025-04-15,AAPL,201.87527465820312,203.24347561495443,199.53834280484799,201.59564256833872,51343900
2025-04-15,GOOG,158.48948669433594,161.85545114666877,157.45574086405986,161.37603168621683,15690800
2025-04-15,MSFT,385.0231628417969,391.17187833074144,383.4560325474498,387.79806728846995,17199900
2025-04-16,AAPL,194.0155792236328,200.4371508814261,192.11805840887246,198.10021911176236,59732400
2025-04-16,GOOG,155.3133087158203,157.99008382713703,153.72522130692107,155.28334595266895,16921500
2025-04-16,MSFT,370.92901611328125,380.9106912763521,367.32564600100716,379.97244183574617,21967800
2025-04-17,AAPL,196.72203063964844,198.56961397436802,194.16538565496842,196.94174374665747,52164700
2025-04-17,GOOG,153.17588806152344,156.88144081875564,150.71883464776334,156.42198635455088,19513400
2025-04-17,MSFT,367.1060485839844,373.6340726815441,366.2176953329466,373.0651098854367,21120200
2025-04-21,AAPL,192.9070281982422,193.54618940120912,189.56140949031536,193.01688474432112,46742500
2025-04-21,GOOG,149.68008422851562,150.87864050474218,148.22183034478553,150.78375333899587,16147800
2025-04-21,MSFT,358.4619140625,363.8121077971333,355.01825440362086,362.1551460624454,20807300
2025-04-22,AAPL,199.47842407226562,201.32599215129426,195.71335703344474,195.8631544964882,52976400
2025-04-22,GOOG,153.71522521972656,154.42437951639937,150.6888641849861,150.8886362621129,15910300
2025-04-22,MSFT,366.1478271484375,367.09606804173376,359.20055908423666,362.7141283475077,19485000
2025-04-23,AAPL,204.33206176757812,207.7276030292648,202.5344160012944,205.7302222309065,52929200
2025-04-23,GOOG,157.53065490722656,159.82789675498066,156.16230449916227,157.72042924654332,18575700
2025-04-23,MSFT,373.7039489746094,379.6929540391626,372.33643389707953,375.3708716590499,20545500
2025-04-24,AAPL,208.09710693359375,208.5565112075726,202.67422555441442,204.62166872266098,47311000
2025-04-24,GOOG,161.27615356445312,161.51587092668274,157.90020643862147,158.33468177478025,30787500
2025-04-24,MSFT,386.59027099609375,387.7381880213899,374.5024768665421,375.01155205300716,22232300
2025-04-25,AAPL,209.00592041015625,209.47530610539675,205.92995222724628,206.0997277622984,38222300
2025-04-25,GOOG,163.65328979492188,168.03801860512272,162.80430419831342,166.89938788476556,35148100
2025-04-25,MSFT,391.1319580078125,391.44138750936105,383.8952433175299,386.29083932956814,18973200
2025-04-28,AAPL,209.8647918701172,211.2230113707532,207.1883090170199,209.72497582911666,38743100
2025-04-28,GOOG,162.22500610351562,164.7519675124574,160.18746191545455,164.06279344811506,20871200
2025-04-28,MSFT,390.4432067871094,392.0202980494585,385.9315006090283,391.241728610284,16579400
2025-04-29,AAPL,210.9333953857422,211.96204522644123,208.09710321217068,208.41669143858087,36827600
2025-04-29,GOOG,161.8654327392578,162.4846835071933,159.19864009739626,161.85045135746807,15955200
2025-04-29,MSFT,393.31793212890625,394.3759872470841,389.66463540586307,390.5829324517716,14974000
2025-04-30,AAPL,212.22171020507812,213.30029766677714,206.399343338795,209.02590396975114,52286500
2025-04-30,GOOG,160.69683837890625,161.1802508371438,156.9663219285134,159.668076193593,20639500
2025-04-30,MSFT,394.53570556640625,395.93313400867555,383.73552563819743,389.58477271143016,36461100
2025-05-01,AAPL,213.04063415527344,214.2790004444518,208.62640936955898,208.80618155790114,57365700
2025-05-01,GOOG,162.5945587158203,163.74318724848555,160.73679109542547,162.32489383255603,21904300
2025-05-01,MSFT,424.6204528808594,436.1892106723326,424.12136912560175,430.3199808366381,58938100
2025-05-02,AAPL,205.08106994628906,206.71892151455646,201.89524528415058,205.82009105417706,101010600
2025-05-02,GOOG,165.61093139648438,166.49986228142632,163.4635187136773,164.75696214937838,16844900
2025-05-02,MSFT,434.48236083984375,438.63474141621873,429.20204608174254,430.948839257634,30757400
2025-05-05,AAPL,198.62953186035156,203.83271551835597,197.9504297070337,202.83402512431957,69018500
2025-05-05,GOOG,165.85064697265625,166.89938941322708,164.2725420579775,164.31748620308443,15309300
2025-05-05,MSFT,435.3707275390625,438.6946118778074,431.3181395047298,432.07675654489867,20136100
2025-05-06,AAPL,198.25001525878906,200.38721199140494,196.7619763948813,197.9504203457911,51216500
2025-05-06,GOOG,165.0016632080078,166.53982286878713,162.93415630768814,163.7631616655552,10691900
2025-05-06,MSFT,432.5159606933594,436.92787448428356,430.3798980651205,431.408009380462,15104200
2025-05-07,AAPL,195.99298095703125,199.1788056079939,192.99690991055434,198.90915494694545,68536700
2025-05-07,GOOG,152.61656188964844,166.78952879122355,149.3105380862026,165.87063510873034,78729800
2025-05-07,MSFT,432.555908203125,437.3171563878889,430.319992206568,433.04500054847074,23295300
2025-05-08,AAPL,197.2313690185547,199.78801395815432,194.42503624466005,197.46106353953903,50478900
2025-05-08,GOOG,155.56301879882812,157.22102959109037,153.91500575525347,155.73281288134118,38387500
2025-05-08,MSFT,437.3670654296875,442.85698666150637,434.86165526525525,437.12748451655574,23491300
2025-05-09,AAPL,198.27000427246094,200.2773664943336,197.28129528859796,198.739389980464,36453900
2025-05-09,GOOG,154.1946563720703,156.2421829513297,153.6453136535378,155.36324984214707,22871000
2025-05-09,MSFT,437.9260559082031,439.93235195021686,435.08127232610667,439.19371771814804,15324200
2025-05-12,AAPL,210.7899932861328,211.27000427246094,206.75,210.97000122070312,63775800
2025-05-12,GOOG,159.38841247558594,160.24738058211028,157.7004390257499,158.90899302371432,31884900
2025-05-12,MSFT,448.4367370605469,448.5465208630377,438.9740982732109,445.12281367736733,22821900
2025-05-13,AAPL,212.92999267578125,213.39999389648438,209.0,210.42999267578125,51909300
2025-05-13,GOOG,160.69683837890625,161.86543187366587,157.39081473091227,159.7280017204315,24944300
2025-05-13,MSFT,448.3169860839844,449.8441812103938,444.54388351816056,446.9594623818115,23618800
2025-05-14,AAPL,212.3300018310547,213.94000244140625,210.5800018310547,212.42999267578125,49325800
2025-05-14,GOOG,166.60972595214844,168.13788781928253,160.7367805863974,161.11632923643336,31769200
2025-05-14,MSFT,452.1099853515625,453.0682176126866,447.3187935842875,447.3187935842875,19902800
2025-05-15,AAPL,211.4499969482422,212.9600067138672,209.5399932861328,210.9499969482422,45029500
2025-05-15,GOOG,165.201416015625,167.30888337648878,163.64329137735027,166.93933247241503,22717600
2025-05-15,MSFT,453.1300048828125,456.19000244140625,450.42999267578125,450.7699890136719,21992300
2025-05-16,AAPL,211.25999450683594,212.57000732421875,209.77000427246094,212.36000061035156,54737900
2025-05-16,GOOG,167.22898864746094,170.44512417357606,166.7495691671836,168.72718785873926,36271400
2025-05-16,MSFT,454.2699890136719,454.3599853515625,448.7300109863281,452.04998779296875,23849800
2025-05-19,AAPL,208.77999877929688,209.47999572753906,204.25999450683594,207.91000366210938,46140500
2025-05-19,GOOG,167.66845703125,167.74836281526606,165.21640257843083,165.5160454583736,21374700
2025-05-19,MSFT,458.8699951171875,459.5899963378906,450.79998779296875,450.8800048828125,21336500
2025-05-20,AAPL,206.86000061035156,208.47000122070312,205.02999877929688,207.6699981689453,42496600
2025-05-20,GOOG,165.1215362548828,169.4762873279752,164.06279601110305,167.55859416793888,33563300
2025-05-20,MSFT,458.1700134277344,458.3399963378906,454.32000732421875,455.5899963378906,15441800
2025-05-21,AAPL,202.08999633789062,207.0399932861328,200.7100067138672,205.1699981689453,59211800
2025-05-21,GOOG,169.8558349609375,174.32046979875315,164.69204354414558,164.7519690737049,45567600
2025-05-21,MSFT,452.57000732421875,457.7799987792969,451.80999755859375,454.57000732421875,19216900
2025-05-22,AAPL,201.36000061035156,202.75,199.6999969482422,200.7100067138672,46742400
2025-05-22,GOOG,171.77352905273438,177.91615495430474,171.67365824974368,173.14189469389407,45024100
2025-05-22,MSFT,454.8599853515625,460.25,453.8999938964844,454.95001220703125,18025600
2025-05-23,AAPL,195.27000427246094,197.6999969482422,193.4600067138672,193.6699981689453,78432900
2025-05-23,GOOG,169.3863983154297,170.99946494467622,169.05679266175375,170.07557238761842,24963600
2025-05-23,MSFT,450.17999267578125,453.69000244140625,448.9100036621094,449.9800109863281,16883500
2025-05-27,AAPL,200.2100067138672,200.74000549316406,197.42999267578125,198.3000030517578,56288500
2025-05-27,GOOG,173.7711181640625,174.080743544611,171.004454754312,171.09434304405778,24341300
2025-05-27,MSFT,460.69000244140625,460.95001220703125,456.1199951171875,456.4800109863281,20974300
2025-05-28,AAPL,200.4199981689453,202.72999572753906,199.89999389648438,200.58999633789062,45339700
2025-05-28,GOOG,173.17185974121094,176.2681290031992,172.80729244229028,173.77113028846478,25999200
2025-05-28,MSFT,457.3599853515625,462.5199890136719,456.92999267578125,461.2200012207031,17086300
2025-05-29,AAPL,199.9499969482422,203.80999755859375,198.50999450683594,203.5800018310547,51396800
2025-05-29,GOOG,172.7523651123047,175.18942304638622,171.5737737985015,174.789909349775,21174700
2025-05-29,MSFT,458.67999267578125,461.7200012207031,455.30999755859375,461.54998779296875,13974800
2025-05-30,AAPL,200.85000610351562,201.9600067138672,196.77999877929688,199.3699951171875,70819900
2025-05-30,GOOG,172.64248657226562,173.2317745748415,168.3226668701471,172.20301238713458,36258300
2025-05-30,MSFT,460.3599853515625,461.67999267578125,455.5400085449219,459.7200012207031,34770500
2025-06-02,AAPL,201.6999969482422,202.1300048828125,200.1199951171875,200.27999877929688,35423300
2025-06-02,GOOG,170.1654510498047,170.8566215844937,168.447514840874,168.8070832390332,24742900
2025-06-02,MSFT,461.9700012207031,462.1099853515625,456.8900146484375,457.1400146484375,16626500
2025-06-03,AAPL,203.27000427246094,203.77000427246094,200.9600067138672,201.35000610351562,46381600
2025-06-03,GOOG,167.5086669921875,169.59615424138852,166.47988950965254,168.66227916887598,25386700
2025-06-03,MSFT,462.9700012207031,464.1400146484375,460.8599853515625,461.4700012207031,15743800
2025-06-04,AAPL,202.82000732421875,206.24000549316406,202.10000610351562,202.91000366210938,43604000
2025-06-04,GOOG,169.18663024902344,169.37640457405112,167.59354398214708,168.07796230217642,18508700
2025-06-04,MSFT,463.8699951171875,465.69000244140625,463.0199890136719,464.0,14162700
2025-06-05,AAPL,200.6300048828125,204.75,200.14999389648438,203.5,55126100
2025-06-05,GOOG,169.6061248779297,172.15306641407983,169.14668568533537,171.41394936627097,25375400
2025-06-05,MSFT,467.67999267578125,469.6499938964844,464.0299987792969,464.9599914550781,20131700
2025-06-06,AAPL,203.9199981689453,205.6999969482422,202.0500030517578,203.0,46607700
2025-06-06,GOOG,174.70999145507812,175.618902578423,172.09314187053795,172.09314187053795,22258100
2025-06-06,MSFT,470.3800048828125,473.3399963378906,468.7799987792969,470.0899963378906,15285600
2025-06-09,AAPL,201.4499969482422,206.0,200.02000427246094,204.38999938964844,72862600
2025-06-09,GOOG,177.6300048828125,177.9149932861328,175.66000366210938,175.8699951171875,18817600
2025-06-09,MSFT,472.75,473.42999267578125,468.6199951171875,469.70001220703125,16469900
2025-06-10,AAPL,202.6699981689453,204.35000610351562,200.57000732421875,200.60000610351562,54672600
2025-06-10,GOOG,180.00999450683594,182.44500732421875,176.47500610351562,177.75999450683594,32908000
2025-06-10,MSFT,470.9200134277344,472.79998779296875,466.9599914550781,471.19000244140625,15375900
2025-06-11,AAPL,198.77999877929688,204.5,198.41000366210938,203.5,60989900
2025-06-11,GOOG,178.7899932861328,181.75,178.0,181.22999572753906,18994400
2025-06-11,MSFT,472.6199951171875,475.4700012207031,469.6600036621094,470.0199890136719,16399200
2025-06-12,AAPL,199.1999969482422,199.67999267578125,197.36000061035156,199.0800018310547,43904600
2025-06-12,GOOG,176.97000122070312,178.1300048828125,176.11000061035156,177.47999572753906,17345900
2025-06-12,MSFT,478.8699951171875,480.4200134277344,473.5199890136719,475.0199890136719,18950600
2025-06-13,AAPL,196.4499969482422,200.3699951171875,195.6999969482422,199.72999572753906,51447300
2025-06-13,GOOG,175.8800048828125,178.34300231933594,173.57000732421875,173.5800018310547,20873200
2025-06-13,MSFT,474.9599914550781,479.17999267578125,472.760009765625,476.4100036621094,16814500
2025-06-16,AAPL,198.4199981689453,198.69000244140625,196.55999755859375,197.3000030517578,43020700
2025-06-16,GOOG,177.94000244140625,178.2449951171875,175.82000732421875,175.90499877929688,18132500
2025-06-16,MSFT,479.1400146484375,480.69000244140625,475.0,475.2099914550781,15626100
2025-06-17,AAPL,195.63999938964844,198.38999938964844,195.2100067138672,197.1999969482422,38856200
2025-06-17,GOOG,177.22999572753906,178.71499633789062,175.94000244140625,177.0,17656100
2025-06-17,MSFT,478.0400085449219,478.739990234375,474.0799865722656,475.3999938964844,15414100
2025-06-18,AAPL,196.5800018310547,197.57000732421875,195.07000732421875,195.94000244140625,45394700
2025-06-18,GOOG,173.97999572753906,177.82400512695312,172.83999633789062,177.27999877929688,32531800
2025-06-18,MSFT,480.239990234375,481.0,474.4599914550781,478.0,17526500
2025-06-20,AAPL,201.0,201.6999969482422,196.86000061035156,198.24000549316406,96813500
2025-06-20,GOOG,167.72999572753906,175.36500549316406,166.27000427246094,174.86500549316406,55402600
2025-06-20,MSFT,477.3999938964844,483.4599914550781,476.8699951171875,482.2300109863281,37576200
2025-06-23,AAPL,201.5,202.3000030517578,198.9600067138672,201.6300048828125,55814300
2025-06-23,GOOG,166.00999450683594,168.47999572753906,163.3300018310547,167.32000732421875,36975600
2025-06-23,MSFT,486.0,487.75,472.510009765625,478.2099914550781,24864000
2025-06-24,AAPL,200.3000030517578,203.44000244140625,200.1999969482422,202.58999633789062,54064000
2025-06-24,GOOG,167.74000549316406,169.25,166.91000366210938,167.68499755859375,27310300
2025-06-24,MSFT,490.1099853515625,491.8500061035156,486.79998779296875,488.95001220703125,22305600
2025-06-25,AAPL,201.55999755859375,203.6699981689453,200.6199951171875,201.4499969482422,39525700
2025-06-25,GOOG,171.49000549316406,173.36000061035156,168.56100463867188,168.64999389648438,23627400
2025-06-25,MSFT,492.2699890136719,494.55999755859375,489.3900146484375,492.0400085449219,17495100
2025-06-26,AAPL,201.0,202.63999938964844,199.4600067138672,201.42999267578125,50799100
2025-06-26,GOOG,174.42999267578125,174.64999389648438,170.86000061035156,173.38499450683594,25909100
2025-06-26,MSFT,497.45001220703125,498.0400085449219,492.80999755859375,492.9800109863281,21578900
2025-06-27,AAPL,201.0800018310547,203.22000122070312,200.0,201.88999938964844,73188600
2025-06-27,GOOG,178.27000427246094,178.83999633789062,172.7100067138672,174.6300048828125,74053100
2025-06-27,MSFT,495.94000244140625,499.29998779296875,493.0299987792969,497.54998779296875,34539200
2025-06-30,AAPL,205.1699981689453,207.38999938964844,199.25999450683594,202.00999450683594,91912800
2025-06-30,GOOG,177.38999938964844,181.5800018310547,175.5,180.78500366210938,43964600
2025-06-30,MSFT,497.4100036621094,500.760009765625,495.3299865722656,497.0400085449219,28369000
2025-07-01,AAPL,207.82000732421875,210.19000244140625,206.13999938964844,206.6699981689453,78788900
2025-07-01,GOOG,176.91000366210938,177.22000122070312,174.66000366210938,176.80499267578125,25778500
2025-07-01,MSFT,492.04998779296875,498.04998779296875,490.9800109863281,496.4700012207031,19945400
2025-07-02,AAPL,212.44000244140625,213.33999633789062,208.13999938964844,208.91000366210938,67941800
2025-07-02,GOOG,179.75999450683594,179.93499755859375,176.08999633789062,176.5449981689453,19325900
2025-07-02,MSFT,491.0899963378906,493.5,488.70001220703125,489.989990234375,16319600
2025-07-03,AAPL,213.5500030517578,214.64999389648438,211.80999755859375,212.14999389648438,34955800
2025-07-03,GOOG,180.5500030517578,180.77000427246094,178.19000244140625,179.82000732421875,13287400
2025-07-03,MSFT,498.8399963378906,500.1300048828125,493.44000244140625,493.80999755859375,13984800
2025-07-07,AAPL,209.9499969482422,216.22999572753906,208.8000030517578,212.67999267578125,50229000
2025-07-07,GOOG,177.55999755859375,180.33999633789062,176.63999938964844,180.13499450683594,20991400
2025-07-07,MSFT,497.7200012207031,498.75,495.2300109863281,497.3800048828125,13981600
2025-07-08,AAPL,210.00999450683594,211.42999267578125,208.4499969482422,210.10000610351562,42848900
2025-07-08,GOOG,175.16000366210938,178.7899932861328,173.9199981689453,178.77999877929688,24108600
2025-07-08,MSFT,496.6199951171875,498.20001220703125,494.1099853515625,497.239990234375,11846600
2025-07-09,AAPL,211.13999938964844,211.3300018310547,207.22000122070312,209.52999877929688,48749400
2025-07-09,GOOG,177.66000366210938,180.27999877929688,173.8800048828125,176.11000061035156,31288000
2025-07-09,MSFT,503.510009765625,506.7799987792969,499.739990234375,500.29998779296875,18659500
2025-07-10,AAPL,212.41000366210938,213.47999572753906,210.02999877929688,210.50999450683594,44443600
2025-07-10,GOOG,178.6999969482422,179.58999633789062,175.74000549316406,176.6699981689453,24693700
2025-07-10,MSFT,501.4800109863281,504.44000244140625,497.75,503.04998779296875,16492100
2025-07-11,AAPL,211.16000366210938,212.1300048828125,209.86000061035156,210.57000732421875,39765800
2025-07-11,GOOG,181.30999755859375,182.61000061035156,177.54100036621094,177.91000366210938,23975700
2025-07-11,MSFT,503.32000732421875,505.0299987792969,497.79998779296875,498.4700012207031,16459500
2025-07-14,AAPL,208.6199951171875,210.91000366210938,207.5399932861328,209.92999267578125,38840100
2025-07-14,GOOG,182.80999755859375,184.72999572753906,180.71099853515625,182.07000732421875,20990400
2025-07-14,MSFT,503.0199890136719,503.9700012207031,501.0299987792969,501.5199890136719,12058800
2025-07-15,AAPL,209.11000061035156,211.88999938964844,208.9199981689453,209.22000122070312,42296300
2025-07-15,GOOG,183.10000610351562,185.41000366210938,182.38999938964844,183.94000244140625,23911600
2025-07-15,MSFT,505.82000732421875,508.29998779296875,502.7900085449219,503.0199890136719,14927200
2025-07-16,AAPL,210.16000366210938,212.39999389648438,208.63999938964844,210.3000030517578,47490500
2025-07-16,GOOG,183.77000427246094,185.3350067138672,183.0800018310547,184.32000732421875,21152600
2025-07-16,MSFT,505.6199951171875,506.7200012207031,501.8900146484375,505.17999267578125,15154400
2025-07-17,AAPL,210.02000427246094,211.8000030517578,209.58999633789062,210.57000732421875,48068100
2025-07-17,GOOG,184.6999969482422,185.18699645996094,181.5,183.11500549316406,21654400
2025-07-17,MSFT,511.70001220703125,513.3699951171875,505.6199951171875,505.67999267578125,17503100
2025-07-18,AAPL,211.17999267578125,211.7899932861328,209.6999969482422,210.8699951171875,48974600
2025-07-18,GOOG,185.94000244140625,187.36000061035156,184.72999572753906,186.6199951171875,21033400
2025-07-18,MSFT,510.04998779296875,514.6400146484375,507.42999267578125,514.47998046875,21209700
2025-07-21,AAPL,212.47999572753906,215.77999877929688,211.6300048828125,212.10000610351562,51322500
2025-07-21,GOOG,191.14999389648438,191.25999450683594,187.0500030517578,187.10000610351562,24605200
2025-07-21,MSFT,510.05999755859375,512.0900268554688,505.54998779296875,506.7099914550781,14057700
